Ticker,Most Recent Quarter
AAL,2025-06-30
AAON,2025-03-31
AAPL,2025-03-31
ABCB,2025-03-31
ABCL,2025-03-31
ABEO,2025-03-31
ABNB,2025-03-31
ACAD,2025-03-31
ACB,2024-12-31
ACDC,2025-03-31
ACIW,2025-03-31
ACLX,2025-03-31
ACMR,2025-03-31
ACRS,2025-03-31
ACT,2025-03-31
ACVA,2025-03-31
ADEA,2025-03-31
ADI,2025-04-30
ADMA,2025-03-31
ADP,2025-03-31
ADPT,2025-03-31
ADSK,2025-04-30
ADTN,2025-03-31
AEBI,2025-03-31
AEHR,2025-02-28
AEIS,2025-03-31
AEP,2025-03-31
AGEN,2025-03-31
AGIO,2024-09-30
AGNC,2025-03-31
AGYS,2025-06-30
AHCO,2025-03-31
AIOT,2024-12-31
AIP,2025-03-31
AIRS,2025-03-31
AISP,2025-03-31
AKAM,2025-03-31
AKRO,2025-03-31
ALDX,2025-03-31
ALGM,2024-12-31
ALGN,2025-03-31
ALGT,2025-03-31
ALHC,2025-03-31
ALKS,2025-03-31
ALKT,2025-03-31
ALNY,2025-03-31
ALRM,2025-03-31
ALVO,2025-03-31
AMAT,2025-04-30
AMBA,2025-04-30
AMD,2025-03-31
AMED,2025-03-31
AMGN,2025-03-31
AMPL,2025-03-31
AMSC,2025-03-31
AMTX,2025-03-31
AMZN,2025-03-31
ANAB,2025-03-31
ANGI,2025-03-31
ANGO,2025-02-28
ANIP,2025-03-31
ANSS,2024-12-31
APEI,2025-03-31
APGE,2025-03-31
API,2025-03-31
APLD,2025-02-28
APPN,2025-03-31
AQST,2024-12-31
ARAY,2025-03-31
ARCB,2025-03-31
ARCC,2025-03-31
ARDX,2024-12-31
AREC,2025-03-31
ARGX,2025-03-31
ARKO,2025-03-31
ARLP,2025-03-31
ARM,2024-12-31
ARQT,2025-03-31
ASLE,2025-03-31
ASML,2025-03-31
ASND,2025-03-31
ASO,2025-04-30
ASTL,2024-09-30
ATAI,2025-03-31
ATAT,2025-03-31
ATEC,2025-03-31
ATOM,2025-03-31
ATRC,2024-12-31
ATRO,2025-03-31
ATXG,2024-12-31
AUDC,2025-03-31
AUPH,2025-03-31
AUR,2025-03-31
AVAH,2025-03-31
AVAV,2025-01-31
AVDX,2025-03-31
AVGO,2025-04-30
AVIR,2025-03-31
AVPT,2025-03-31
AVT,2025-03-31
AVXL,2024-06-30
AXGN,2025-03-31
AXON,2025-03-31
AXSM,2025-03-31
AZN,2025-03-31
BASE,2025-04-30
BBIO,2024-12-31
BCRX,2025-03-31
BGC,2025-03-31
BHF,2025-03-31
BHFAN,2025-03-31
BIDU,2025-03-31
BILI,2025-03-31
BJRI,2025-03-31
BKR,2025-06-30
BL,2025-03-31
BLBD,2025-03-31
BLDE,2025-03-31
BLDP,2025-03-31
BLFS,2025-03-31
BLZE,2025-03-31
BMBL,2025-03-31
BNTX,2025-03-31
BOKF,2025-03-31
BPMC,2025-03-31
BPOP,2025-03-31
BRKL,2025-03-31
BSY,2025-03-31
BTBT,2025-03-31
BTCT,2024-09-30
BTDR,2025-03-31
BTSG,2025-03-31
BULL,2025-03-31
BUSE,2025-03-31
BVS,2025-03-31
BWEN,2025-03-31
BWIN,2025-03-31
BYON,2025-03-31
BYRN,2025-05-31
BZ,2025-03-31
BZFD,2025-03-31
BZUN,2025-03-31
CADL,2025-03-31
CAEP,2025-03-31
CAI,2025-03-31
CAKE,2025-03-31
CALM,2025-05-31
CAMT,2025-03-31
CAN,2025-03-31
CAR,2025-03-31
CARG,2025-03-31
CARL,2025-03-31
CART,2025-03-31
CASY,2025-01-31
CATY,2025-03-31
CBRL,2025-04-30
CBSH,2025-03-31
CCCS,2025-03-31
CCIR,2025-03-31
CCOI,2025-03-31
CCRN,2025-03-31
CDNS,2025-03-31
CDW,2025-03-31
CDXS,2025-03-31
CDZI,2025-03-31
CEG,2024-06-30
CELH,2025-03-31
CELU,2024-09-30
CENTA,2025-03-31
CENX,2025-03-31
CEPO,2025-03-31
CERT,2025-03-31
CFFN,2025-03-31
CFLT,2025-03-31
CG,2025-03-31
CGBD,2025-03-31
CGEN,2025-03-31
CGNX,2025-03-31
CGON,2025-03-31
CHA,2025-03-31
CHDN,2025-06-30
CHEF,2024-12-31
CHKP,2025-03-31
CHRD,2025-03-31
CHRW,2025-03-31
CHTR,2025-06-30
CHX,2025-03-31
CHYM,2025-03-31
CIFR,2025-03-31
CINF,2025-06-30
CLBT,2025-03-31
CLLS,2025-03-31
CLMT,2025-03-31
CLNE,2025-03-31
CLOV,2025-03-31
CLPT,2025-03-31
CLSK,2025-03-31
CMCSA,2025-03-31
CME,2025-06-30
CMPO,2025-03-31
CNOB,2025-03-31
CNTA,2025-03-31
CNTB,2025-03-31
CNXC,2025-05-31
COCO,2024-12-31
COGT,2025-03-31
COIN,2025-03-31
COKE,2025-06-30
COLB,2025-03-31
COLM,2025-03-31
COO,2025-04-30
COOP,2025-06-30
CORT,2025-03-31
CORZ,2025-03-31
COST,2025-05-31
CPRT,2025-04-30
CPRX,2025-03-31
CRBU,2025-03-31
CRCT,2025-03-31
CRDF,2025-03-31
CRNT,2025-03-31
CRON,2025-03-31
CROX,2025-03-31
CRSP,2025-03-31
CRSR,2025-03-31
CRUS,2024-12-31
CRVS,2025-03-31
CRWD,2025-04-30
CSCO,2025-04-30
CSGP,2025-06-30
CSIQ,2025-03-31
CSTL,2025-03-31
CSWC,2024-12-31
CSX,2025-06-30
CTAS,2025-02-28
CTLP,2025-03-31
CTSH,2025-03-31
CUE,2025-03-31
CVAC,2025-03-31
CVBF,2025-03-31
CVLT,2024-12-31
CVRX,2025-03-31
CWST,2025-03-31
CYBR,2025-03-31
CYRX,2025-03-31
CZR,2024-12-31
DAKT,2025-04-30
DARE,2025-03-31
DASH,2025-03-31
DBX,2025-03-31
DCOM,2025-03-31
DCTH,2025-03-31
DDOG,2025-03-31
DEFT,2025-03-31
DGXX,2025-03-31
DH,2025-03-31
DHC,2025-03-31
DKNG,2025-03-31
DLO,2025-03-31
DLTR,2025-04-30
DMAC,2025-03-31
DNTH,2025-03-31
DOCU,2025-04-30
DOMO,2025-04-30
DOX,2025-03-31
DPZ,2025-06-30
DRS,2025-03-31
DRVN,2025-03-31
DSGX,2025-04-30
DTST,2025-03-31
DUOL,2025-03-31
DVAX,2025-03-31
DXCM,2025-03-31
DXPE,2025-03-31
DYAI,2025-03-31
EA,2024-12-31
EBAY,2025-03-31
EBC,2025-03-31
ECX,2025-03-31
EEFT,2025-03-31
EGBN,2025-03-31
EH,2025-03-31
EHTH,2025-03-31
ELDN,2025-03-31
ELVN,2024-12-31
EMBC,2025-03-31
ENSG,2025-06-30
ENTG,2025-03-31
ENTX,2024-09-30
ENVX,2025-03-31
ENVXW,2025-03-31
EOLS,2025-03-31
EQIX,2025-03-31
ERIC,2025-06-30
ERII,2025-03-31
ESTA,2025-03-31
ETNB,2025-03-31
ETOR,2025-03-31
ETSY,2024-12-31
EVER,2025-03-31
EVGO,2025-03-31
EVLV,2025-03-31
EVRG,2024-09-30
EWBC,2025-03-31
EWTX,2025-03-31
EXAS,2025-03-31
EXC,2025-03-31
EXE,2025-03-31
EXEL,2025-06-30
EXFY,2025-03-31
EXLS,2024-12-31
EXPD,2025-03-31
EXPE,2025-03-31
EXPI,2025-03-31
EXTR,2025-03-31
EYE,2025-03-31
EYPT,2025-03-31
EZPW,2025-03-31
FA,2025-03-31
FANG,2025-03-31
FAST,2025-06-30
FBNC,2025-03-31
FCFS,2025-06-30
FEIM,2025-01-31
FELE,2025-03-31
FFBC,2025-03-31
FFIC,2025-03-31
FFIN,2025-03-31
FFIV,2025-03-31
FHB,2025-03-31
FIBK,2025-03-31
FITB,2025-03-31
FIVE,2025-04-30
FLEX,2025-06-30
FLGT,2024-12-31
FLYE,2024-12-31
FNGR,2025-05-31
FOX,2025-03-31
FOXA,2025-03-31
FRME,2025-03-31
FROG,2025-03-31
FRSH,2024-12-31
FSLR,2024-12-31
FTAI,2025-03-31
FTDR,2025-03-31
FTNT,2025-03-31
FULC,2025-03-31
FULT,2025-03-31
FWONK,2025-03-31
FWRD,2025-03-31
FWRG,2025-03-31
GAMB,2025-03-31
GANX,2025-03-31
GBDC,2025-03-31
GCMG,2025-03-31
GCT,2025-03-31
GDYN,2025-03-31
GEHC,2024-12-31
GEN,2025-03-31
GEVO,2025-03-31
GFS,2025-03-31
GGAL,2025-03-31
GH,2025-03-31
GHRS,2025-03-31
GIII,2025-04-30
GILD,2025-03-31
GILT,2025-03-31
GLBE,2025-03-31
GLBKV,2025-03-31
GLDD,2025-03-31
GLIBK,2025-03-31
GLNG,2025-03-31
GLPG,2025-03-31
GLPI,2025-06-30
GLUE,2025-03-31
GMAB,2025-03-31
GNTX,2025-03-31
GOGL,2025-03-31
GOGO,2025-03-31
GOOD,2025-03-31
GOOG,2025-06-30
GOOGL,2025-06-30
GOSS,2024-12-31
GPRO,2025-03-31
GRAB,2024-12-31
GRAL,2025-03-31
GRFS,2024-12-31
GRPN,2025-03-31
GSAT,2025-03-31
GSHD,2025-06-30
GSIT,2025-03-31
GSM,2025-03-31
GSRT,2025-03-31
GT,2025-03-31
GTEN,2025-03-31
GTLB,2025-04-30
GTM,2025-03-31
GTX,2025-06-30
HALO,2025-03-31
HAS,2025-03-31
HBAN,2025-03-31
HCSG,2025-06-30
HDSN,2025-03-31
HEPS,2024-12-31
HIMX,2025-03-31
HITI,2025-04-30
HLIT,2025-03-31
HLMN,2025-03-31
HLNE,2025-03-31
HNRG,2025-03-31
HNST,2025-03-31
HOLX,2025-03-31
HON,2025-06-30
HONE,2025-03-31
HOPE,2025-03-31
HQY,2025-04-30
HRMY,2025-03-31
HROW,2024-12-31
HRZN,2025-03-31
HSIC,2025-03-31
HST,2025-03-31
HTBK,2025-03-31
HTHT,2025-03-31
HTZ,2025-03-31
HUBG,2025-03-31
HUT,2025-03-31
HWC,2025-03-31
HYMC,2025-03-31
HYPR,2025-03-31
IAC,2025-03-31
IAS,2025-03-31
IBKR,2025-03-31
ICCM,2025-03-31
IDXX,2025-03-31
IHRT,2025-03-31
IIIV,2025-03-31
ILMN,2025-03-31
ILPT,2024-12-31
IMUX,2025-03-31
INBS,2025-03-31
INCY,2025-03-31
INDB,2025-03-31
INDV,2025-03-31
INMD,2025-03-31
INSM,2025-03-31
INTA,2025-03-31
INTR,2025-03-31
INTU,2025-04-30
INTZ,2025-03-31
INVA,2025-03-31
INVZ,2025-03-31
IOBT,2025-03-31
IONS,2024-12-31
IRDM,2025-06-30
IREN,2025-03-31
IRIX,2025-03-31
IRON,2025-03-31
IRTC,2025-03-31
ISRG,2025-06-30
ISSC,2025-03-31
ITRI,2025-03-31
JAZZ,2025-03-31
JBHT,2025-06-30
JBLU,2025-03-31
JD,2025-03-31
JKHY,2025-03-31
JOYY,2025-03-31
KALV,2025-01-31
KDP,2025-06-30
KHC,2025-03-31
KIRK,2025-04-30
KLAC,2025-03-31
KLIC,2025-03-31
KLTR,2025-03-31
KMTS,2025-01-31
KNSA,2025-03-31
KOPN,2025-03-31
KRNY,2025-03-31
KRUS,2025-05-31
KRYS,2025-03-31
KYMR,2025-03-31
LAMR,2025-03-31
LASR,2025-03-31
LAUR,2025-03-31
LBRDK,2025-03-31
LCID,2025-03-31
LE,2025-04-30
LECO,2024-12-31
LEGN,2025-03-31
LFMD,2024-12-31
LFST,2025-03-31
LGO,2025-03-31
LI,2025-03-31
LIF,2025-03-31
LIN,2025-03-31
LITE,2025-03-31
LIVN,2025-03-31
LKQ,2025-06-30
LLYVK,2025-03-31
LMB,2025-03-31
LNT,2025-03-31
LNW,2025-03-31
LOCO,2025-03-31
LOGI,2025-03-31
LOOP,2025-05-31
LPLA,2025-03-31
LPSN,2025-03-31
LQDA,2025-03-31
LRCX,2025-03-31
LSCC,2025-03-31
LSTR,2025-03-31
LTRN,2025-03-31
LUCD,2025-03-31
LULU,2025-04-30
LWLG,2025-03-31
LYFT,2025-03-31
LZ,2025-03-31
MANH,2025-06-30
MAPS,2025-03-31
MAR,2025-03-31
MARA,2025-03-31
MASI,2025-03-31
MAT,2025-03-31
MBLY,2025-06-30
MCHP,2024-12-31
MCHPP,2025-03-31
MDAI,2025-03-31
MDB,2025-04-30
MDGL,2025-03-31
MDLZ,2024-12-31
MDXG,2025-03-31
MEDP,2025-06-30
MEIP,2025-03-31
MEOH,2025-03-31
META,2025-03-31
METC,2025-03-31
METCB,2025-03-31
MFIC,2025-03-31
MGNI,2025-03-31
MGTX,2025-03-31
MIDD,2025-03-31
MIRA,2025-03-31
MIRM,2025-03-31
MIST,2025-03-31
MITK,2025-03-31
MKSI,2025-03-31
MKTX,2025-03-31
MLCO,2025-03-31
MLTX,2025-03-31
MLYS,2025-03-31
MMSI,2025-03-31
MMYT,2025-06-30
MNDY,2025-03-31
MNMD,2025-03-31
MNST,2025-03-31
MNY,2025-03-31
MOBX,2025-03-31
MOMO,2025-03-31
MORN,2025-03-31
MPWR,2025-03-31
MQ,2025-03-31
MRCY,2025-03-31
MRTN,2025-03-31
MRUS,2025-03-31
MRVL,2025-04-30
MRX,2025-03-31
MSFT,2025-03-31
MSTR,2025-03-31
MTCH,2025-03-31
MTSI,2025-03-31
MTSR,2025-06-30
MU,2025-05-31
MVIS,2025-03-31
MXL,2025-06-30
NAMS,2025-03-31
NATL,2025-03-31
NAVI,2025-03-31
NB,2025-03-31
NBIX,2025-03-31
NCMI,2025-03-31
NCNO,2025-04-30
NDAQ,2025-06-30
NDSN,2025-04-30
NEOV,2025-03-31
NESR,2025-03-31
NEXN,2024-09-30
NEXT,2025-03-31
NFLX,2025-06-30
NICE,2025-03-31
NIU,2025-03-31
NMFC,2025-03-31
NMIH,2024-12-31
NMRK,2025-03-31
NMTC,2025-03-31
NN,2025-03-31
NOTV,2025-03-31
NTAP,2025-01-31
NTCT,2024-12-31
NTES,2025-03-31
NTGR,2025-03-31
NTNX,2025-04-30
NTRA,2025-03-31
NTRS,2025-03-31
NUVL,2025-03-31
NVCT,2025-03-31
NVDA,2025-04-30
NVEE,2025-03-31
NVMI,2025-03-31
NWBI,2025-03-31
NWE,2025-03-31
NWL,2024-12-31
NWS,2025-03-31
NWSA,2025-03-31
NXPI,2025-06-30
NXST,2025-03-31
NXT,2024-12-31
NYMT,2025-03-31
OCFC,2025-03-31
OCSL,2024-12-31
OCUL,2025-03-31
ODD,2025-03-31
ODFL,2025-03-31
OGI,2025-03-31
OKTA,2025-04-30
OLLI,2025-04-30
OLPX,2025-03-31
OMCL,2025-03-31
OMDA,2025-03-31
OMER,2025-03-31
ON,2025-03-31
ONB,2025-03-31
ONC,2025-03-31
ONCY,2024-09-30
ONDS,2025-03-31
OPCH,2025-03-31
OPK,2025-03-31
OPRA,2025-03-31
OPRT,2025-03-31
ORGN,2025-03-31
ORGO,2025-03-31
ORIC,2025-03-31
ORLY,2025-03-31
OS,2025-03-31
OSPN,2025-03-31
OSS,2025-03-31
OSUR,2025-03-31
OSW,2025-03-31
OTEX,2024-12-31
OXSQ,2025-03-31
OZK,2025-03-31
PAA,2025-03-31
PACB,2025-03-31
PAGP,2025-03-31
PAHC,2025-03-31
PANW,2025-04-30
PARA,2025-03-31
PATK,2025-03-31
PAX,2025-03-31
PAYO,2025-03-31
PAYS,2025-03-31
PAYX,2025-02-28
PBYI,2025-03-31
PCAR,2025-03-31
PCH,2025-03-31
PCRX,2025-03-31
PCT,2024-09-30
PCTY,2025-03-31
PDD,2025-03-31
PECO,2025-06-30
PEGA,2025-06-30
PENG,2025-05-31
PENN,2025-03-31
PEP,2025-06-30
PERI,2025-03-31
PFG,2025-03-31
PGEN,2025-03-31
PGNY,2025-03-31
PGY,2025-03-31
PHIO,2025-03-31
PHVS,2025-03-31
PI,2025-03-31
PINC,2025-03-31
PLAB,2025-04-30
PLAY,2025-04-30
PLBY,2025-03-31
PLL,2025-03-31
PLMR,2025-03-31
PLUG,2025-03-31
PLXS,2025-03-31
PMVP,2025-03-31
PNFP,2025-03-31
PNTG,2025-03-31
PODD,2025-03-31
POET,2025-03-31
POOL,2025-03-31
POWI,2025-03-31
POWL,2025-03-31
PPBI,2025-03-31
PPC,2025-03-31
PPTA,2025-03-31
PRAX,2025-03-31
PRCT,2025-03-31
PRDO,2025-03-31
PRGS,2025-02-28
PRME,2025-03-31
PRPL,2025-03-31
PRTH,2025-03-31
PRVA,2025-03-31
PSEC,2025-03-31
PSNL,2025-03-31
PTC,2025-03-31
PTCT,2025-03-31
PTGX,2025-03-31
PTLO,2025-03-31
PTON,2025-03-31
PWP,2025-03-31
PYPL,2025-03-31
PZZA,2025-03-31
QCOM,2024-12-31
QFIN,2025-03-31
QLYS,2025-03-31
QMCO,2024-12-31
QSI,2025-03-31
QURE,2025-03-31
RBBN,2025-06-30
RDFN,2025-03-31
RDNT,2025-03-31
RDWR,2025-03-31
RDZN,2024-12-31
REAL,2025-03-31
REAX,2025-03-31
REG,2025-03-31
RELY,2025-03-31
REYN,2024-12-31
RFIL,2025-04-30
RGEN,2025-03-31
RGLD,2025-03-31
RIOT,2024-09-30
RIVN,2025-03-31
RMBS,2025-03-31
RMNI,2025-03-31
RNA,2025-03-31
RNW,2024-12-31
ROAD,2025-03-31
ROIV,2025-03-31
ROKU,2025-03-31
ROOT,2025-03-31
ROP,2025-03-31
ROST,2025-04-30
RPRX,2025-03-31
RR,2025-03-31
RRR,2025-03-31
RUM,2025-03-31
RUSHA,2025-03-31
RVMD,2024-12-31
RWAY,2025-03-31
RXRX,2025-03-31
RYAAY,2025-06-30
RYTM,2025-03-31
RZLT,2025-03-31
SABR,2025-03-31
SABS,2025-03-31
SAGE,2024-09-30
SAIA,2025-06-30
SAIL,2025-04-30
SANA,2025-03-31
SANM,2025-06-30
SATS,2025-03-31
SBAC,2025-03-31
SBCF,2025-03-31
SBGI,2025-03-31
SBLK,2025-03-31
SBRA,2025-03-31
SBUX,2025-03-31
SCHL,2025-02-28
SCPH,2025-03-31
SDGR,2025-03-31
SEDG,2025-03-31
SEIC,2025-06-30
SFD,2025-03-31
SFIX,2025-04-30
SFM,2025-03-31
SFNC,2025-03-31
SGRY,2025-03-31
SHC,2025-03-31
SHEN,2024-12-31
SHLS,2025-03-31
SIBN,2025-03-31
SIGA,2025-03-31
SIGI,2025-06-30
SIMO,2025-03-31
SITM,2025-03-31
SKWD,2025-03-31
SKYT,2025-03-31
SKYW,2025-06-30
SKYX,2025-03-31
SLAB,2025-03-31
SLDB,2025-03-31
SLDE,2025-03-31
SLDP,2025-03-31
SLM,2025-06-30
SLNO,2025-03-31
SLS,2025-03-31
SMCI,2025-03-31
SMLR,2025-03-31
SMPL,2025-05-31
SMTC,2025-04-30
SNAL,2025-03-31
SNBR,2025-03-31
SNCY,2025-03-31
SNEX,2025-03-31
SNPS,2025-04-30
SNY,2025-03-31
SONO,2025-03-31
SOUN,2025-03-31
SPRY,2025-03-31
SPTN,2025-03-31
SPWH,2025-04-30
SPWR,2025-03-31
SSB,2025-03-31
SSNC,2025-03-31
SSP,2025-03-31
SSRM,2025-03-31
SSYS,2025-03-31
STEP,2024-12-31
STGW,2025-03-31
STIM,2025-03-31
STKL,2025-03-31
STLD,2025-03-31
STNE,2025-03-31
STOK,2025-03-31
STRL,2025-03-31
STX,2025-03-31
SUPN,2025-03-31
SWIM,2025-03-31
SYM,2025-03-31
SYNA,2025-03-31
TALK,2025-03-31
TBBK,2025-03-31
TBLA,2025-03-31
TCBI,2025-06-30
TCOM,2025-03-31
TCPC,2024-12-31
TEAM,2025-03-31
TECH,2025-03-31
TEM,2025-03-31
TENB,2025-03-31
TER,2025-03-31
TERN,2025-03-31
TFSL,2025-03-31
TGTX,2025-03-31
THTX,2025-05-31
TIGO,2025-03-31
TILE,2025-03-31
TKNO,2025-03-31
TMDX,2025-03-31
TMUS,2025-06-30
TNXP,2025-03-31
TOWN,2025-03-31
TPG,2025-03-31
TREE,2025-03-31
TRI,2024-12-31
TRIN,2025-03-31
TRIP,2025-03-31
TRMB,2025-03-31
TRMK,2025-03-31
TROW,2024-12-31
TRS,2025-03-31
TRUP,2024-12-31
TRVI,2025-03-31
TSCO,2025-03-31
TSEM,2025-03-31
TSHA,2025-03-31
TSLA,2025-06-30
TTAN,2025-04-30
TTD,2025-03-31
TTEK,2025-03-31
TTMI,2025-03-31
TTWO,2024-12-31
TVGN,2025-03-31
TVTX,2025-03-31
TW,2024-12-31
TXG,2025-03-31
TXN,2025-03-31
TXRH,2025-03-31
UAL,2025-06-30
UBSI,2025-03-31
UCB,2025-03-31
UDMY,2025-03-31
UFPI,2025-03-31
ULCC,2025-03-31
ULTA,2025-04-30
UMBF,2025-03-31
UNIT,2025-03-31
UPBD,2024-12-31
UPLD,2025-03-31
UPWK,2025-03-31
URBN,2025-04-30
UROY,2025-01-31
USAR,2025-03-31
UTHR,2024-12-31
VBTX,2025-03-31
VC,2025-06-30
VCEL,2024-12-31
VCTR,2025-03-31
VCYT,2025-03-31
VERI,2025-03-31
VERX,2025-03-31
VFF,2025-03-31
VFS,2025-03-31
VIAV,2025-03-31
VICR,2024-12-31
VIRT,2025-03-31
VITL,2025-03-31
VLY,2025-03-31
VMD,2025-03-31
VMEO,2025-03-31
VNDA,2025-03-31
VNOM,2025-03-31
VOXR,2025-03-31
VRAR,2025-03-31
VRDN,2025-03-31
VRNS,2025-03-31
VRRM,2025-03-31
VRSK,2025-03-31
VRSN,2025-06-30
VRTX,2025-03-31
VSAT,2025-03-31
VSTM,2025-03-31
VTGN,2024-12-31
VTRS,2025-03-31
VTYX,2025-03-31
VUZI,2025-03-31
VYNE,2025-03-31
WAFD,2025-03-31
WAY,2025-03-31
WB,2025-03-31
WBA,2025-05-31
WBD,2025-03-31
WDAY,2025-04-30
WDC,2025-03-31
WERN,2025-03-31
WEST,2025-03-31
WING,2024-12-31
WIX,2025-03-31
WLDN,2025-03-31
WMG,2025-03-31
WOOF,2025-04-30
WSBC,2025-03-31
WSC,2025-03-31
WSFS,2025-03-31
WTFC,2025-03-31
WTW,2024-06-30
WULF,2025-03-31
WVE,2025-03-31
WW,2025-03-31
WWD,2025-03-31
WYNN,2025-03-31
XEL,2025-03-31
XENE,2025-03-31
XERS,2025-03-31
XMTR,2025-03-31
XP,2025-03-31
Z,2025-03-31
ZBRA,2025-03-31
ZG,2025-03-31
ZION,2025-03-31
ZLAB,2025-03-31
ZM,2025-04-30
ZS,2025-04-30
ZVRA,2025-03-31
ZYME,2025-03-31
