Ticker,Most Recent Quarter,predicted price date,Predicted_Close_9mo
AAL,2025-06-30,2026-03-30,29.795707498669305
AAON,2025-03-31,2025-12-31,15.506022317740731
AAPL,2025-03-31,2025-12-31,120.5640333566385
ABCL,2025-03-31,2025-12-31,6.416461403804111
ABNB,2025-03-31,2025-12-31,102.12735753617197
ACAD,2025-03-31,2025-12-31,9.502105063925853
ACB,2024-12-31,2025-09-30,16.43783419775723
ACDC,2025-03-31,2025-12-31,30.39044037099019
ACIW,2025-03-31,2025-12-31,14.546646803689857
ACLX,2025-03-31,2025-12-31,6.977704388084661
ACMR,2025-03-31,2025-12-31,15.83316882364597
ACVA,2025-03-31,2025-12-31,12.124656037207451
ADEA,2025-03-31,2025-12-31,12.394072412985876
ADI,2025-04-30,2026-01-30,57.87304058000218
ADMA,2025-03-31,2025-12-31,5.003258289224449
ADP,2025-03-31,2025-12-31,101.02420499831302
ADSK,2025-04-30,2026-01-30,47.32784255564919
ADTN,2025-03-31,2025-12-31,12.783927324993247
AEBI,2025-03-31,2025-12-31,13.629652488476912
AEHR,2025-02-28,2025-11-28,2.2301369411742424
AEIS,2025-03-31,2025-12-31,16.45940875944203
AGIO,2024-09-30,2025-06-30,52.596883831416804
AGYS,2025-06-30,2026-03-30,9.936942304126267
AHCO,2025-03-31,2025-12-31,37.98536907408514
AIOT,2024-12-31,2025-09-30,6.366555570484556
AIP,2025-03-31,2025-12-31,6.798813681784778
AIRS,2025-03-31,2025-12-31,4.793717394895009
AISP,2025-03-31,2025-12-31,25.297978715669633
AKAM,2025-03-31,2025-12-31,37.366311515808874
ALGM,2024-12-31,2025-09-30,8.196974968618129
ALGN,2025-03-31,2025-12-31,33.41354499023915
ALGT,2025-03-31,2025-12-31,60.31072108468869
ALHC,2025-03-31,2025-12-31,39.472513062379896
ALKS,2025-03-31,2025-12-31,17.752367110898238
ALKT,2025-03-31,2025-12-31,14.539809955973281
ALNY,2025-03-31,2025-12-31,66.94653249491779
ALRM,2025-03-31,2025-12-31,15.463958124282867
ALVO,2025-03-31,2025-12-31,22.32984026366974
AMAT,2025-04-30,2026-01-30,72.00110341354704
AMBA,2025-04-30,2026-01-30,5.457752238051484
AMD,2025-03-31,2025-12-31,87.75417900776507
AMED,2025-03-31,2025-12-31,120.77739740249095
AMGN,2025-03-31,2025-12-31,177.3596943623029
AMPL,2025-03-31,2025-12-31,7.292984147165641
AMSC,2025-03-31,2025-12-31,6.708940994597177
AMTX,2025-03-31,2025-12-31,6.336624525781738
AMZN,2025-03-31,2025-12-31,46.289907807174785
ANAB,2025-03-31,2025-12-31,13.389683545992387
ANGI,2025-03-31,2025-12-31,16.431808304476505
ANGO,2025-02-28,2025-11-28,6.992658840437112
ANIP,2025-03-31,2025-12-31,24.545807270856148
ANSS,2024-12-31,2025-09-30,76.04134683303843
APEI,2025-03-31,2025-12-31,13.487140413662251
APGE,2025-03-31,2025-12-31,10.925859401585624
API,2025-03-31,2025-12-31,7.7499434268304634
APLD,2025-02-28,2025-11-28,11.107649337835706
APPN,2025-03-31,2025-12-31,8.29915368544951
AQST,2024-12-31,2025-09-30,4.3645564195702695
ARAY,2025-03-31,2025-12-31,8.260615735796598
ARDX,2024-12-31,2025-09-30,8.356304831991295
ARGX,2025-03-31,2025-12-31,113.9251335048536
ARKO,2025-03-31,2025-12-31,15.723858934055912
ARLP,2025-03-31,2025-12-31,17.699230734787434
ARM,2024-12-31,2025-09-30,85.24909475706204
ARQT,2025-03-31,2025-12-31,5.373684334268161
ASLE,2025-03-31,2025-12-31,5.722249743799426
ASML,2025-03-31,2025-12-31,134.21119625434528
ASND,2025-03-31,2025-12-31,39.908316860081065
ASO,2025-04-30,2026-01-30,17.868952159229703
ASTL,2024-09-30,2025-06-30,7.33843084468324
ATAI,2025-03-31,2025-12-31,5.560152416665787
ATAT,2025-03-31,2025-12-31,72.09213903780446
ATEC,2025-03-31,2025-12-31,9.816680153888955
ATRC,2024-12-31,2025-09-30,10.465356716760168
ATRO,2025-03-31,2025-12-31,17.26057663170829
ATXG,2024-12-31,2025-09-30,19.673782824393232
AUDC,2025-03-31,2025-12-31,8.650170133691455
AUPH,2025-03-31,2025-12-31,13.01728905323347
AUR,2025-03-31,2025-12-31,6.89500204868324
AVAH,2025-03-31,2025-12-31,16.75795299193605
AVAV,2025-01-31,2025-10-31,6.633773996902087
AVDX,2025-03-31,2025-12-31,6.67250852563505
AVGO,2025-04-30,2026-01-30,61.6560106088435
AVIR,2025-03-31,2025-12-31,6.121023386843609
AVPT,2025-03-31,2025-12-31,7.186177041548065
AVT,2025-03-31,2025-12-31,57.24611185672595
AVXL,2024-06-30,2025-03-30,7.363641903463504
AXON,2025-03-31,2025-12-31,54.4770333396563
AXSM,2025-03-31,2025-12-31,13.561180596874864
AZN,2025-03-31,2025-12-31,102.80500415976768
BASE,2025-04-30,2026-01-30,5.883912185666708
BCRX,2025-03-31,2025-12-31,14.949111088892879
BGC,2025-03-31,2025-12-31,16.687000041997226
BIDU,2025-03-31,2025-12-31,531.7872087096097
BILI,2025-03-31,2025-12-31,45.7225299290142
BJRI,2025-03-31,2025-12-31,22.94269080657907
BKR,2025-06-30,2026-03-30,36.48070708480809
BL,2025-03-31,2025-12-31,12.440561498477502
BLBD,2025-03-31,2025-12-31,13.63180358019738
BLDE,2025-03-31,2025-12-31,6.120139412902795
BLDP,2025-03-31,2025-12-31,6.002686536962834
BLFS,2025-03-31,2025-12-31,5.871218779412255
BLZE,2025-03-31,2025-12-31,5.798187219319876
BMBL,2025-03-31,2025-12-31,14.983596482408243
BNTX,2025-03-31,2025-12-31,19.73664217616594
BPMC,2025-03-31,2025-12-31,21.433598219376204
BSY,2025-03-31,2025-12-31,19.861424701741754
BTBT,2025-03-31,2025-12-31,5.479654036168593
BTCT,2024-09-30,2025-06-30,18.71057919518027
BTDR,2025-03-31,2025-12-31,25.360979400993802
BTSG,2025-03-31,2025-12-31,38.865661084033235
BULL,2025-03-31,2025-12-31,8.70151726911079
BVS,2025-03-31,2025-12-31,6.9350258641032365
BWEN,2025-03-31,2025-12-31,9.700881150873581
BYON,2025-03-31,2025-12-31,23.635237611338564
BZ,2025-03-31,2025-12-31,153.3885530821723
BZFD,2025-03-31,2025-12-31,4.51169018354742
BZUN,2025-03-31,2025-12-31,38.090328206207616
CAI,2025-03-31,2025-12-31,1.4246452652642967
CAKE,2025-03-31,2025-12-31,44.07869153696869
CALM,2025-05-31,2026-02-28,68.5465263427419
CAMT,2025-03-31,2025-12-31,12.876790072570321
CAN,2025-03-31,2025-12-31,5.790326895863749
CAR,2025-03-31,2025-12-31,88.49996804779155
CARG,2025-03-31,2025-12-31,13.805785544418978
CART,2025-03-31,2025-12-31,29.097028389495122
CBRL,2025-04-30,2026-01-30,29.20016698468365
CCCS,2025-03-31,2025-12-31,36.71340426439974
CCOI,2025-03-31,2025-12-31,24.052125443046876
CCRN,2025-03-31,2025-12-31,18.504678042841423
CDNS,2025-03-31,2025-12-31,55.86630937594444
CDW,2025-03-31,2025-12-31,48.8920665387727
CDXS,2025-03-31,2025-12-31,6.842099956263344
CDZI,2025-03-31,2025-12-31,3.1656836284981726
CEG,2024-06-30,2025-03-30,61.42999535133567
CELH,2025-03-31,2025-12-31,8.631448063297041
CELU,2024-09-30,2025-06-30,7.46740122053443
CENTA,2025-03-31,2025-12-31,31.00428132807049
CENX,2025-03-31,2025-12-31,18.16204869175737
CERT,2025-03-31,2025-12-31,8.333674944951188
CFLT,2025-03-31,2025-12-31,31.83827924189088
CGEN,2025-03-31,2025-12-31,15.716591023472084
CGNX,2025-03-31,2025-12-31,15.750902666673095
CHA,2025-03-31,2025-12-31,93.51720124073711
CHDN,2025-06-30,2026-03-30,50.4330592791613
CHEF,2024-12-31,2025-09-30,15.974658423830281
CHKP,2025-03-31,2025-12-31,77.19526158319745
CHRD,2025-03-31,2025-12-31,71.26759326983677
CHRW,2025-03-31,2025-12-31,38.765255016152665
CHTR,2025-06-30,2026-03-30,169.12013647355957
CHX,2025-03-31,2025-12-31,23.595520888645652
CIFR,2025-03-31,2025-12-31,9.874976505996392
CLBT,2025-03-31,2025-12-31,11.433515966592903
CLLS,2025-03-31,2025-12-31,9.034936250315308
CLMT,2025-03-31,2025-12-31,12.705169013954741
CLNE,2025-03-31,2025-12-31,-0.6556583626166106
CLPT,2025-03-31,2025-12-31,7.457413161820944
CLSK,2025-03-31,2025-12-31,3.0343880574555087
CMCSA,2025-03-31,2025-12-31,85.4601366741255
CME,2025-06-30,2026-03-30,62.432169211468576
CMPO,2025-03-31,2025-12-31,4.466357134091376
CNTA,2025-03-31,2025-12-31,4.586518745364789
CNTB,2025-03-31,2025-12-31,2.014665316940492
CNXC,2025-05-31,2026-02-28,61.602554411193466
COCO,2024-12-31,2025-09-30,7.750137434758179
COIN,2025-03-31,2025-12-31,51.97500874218631
COKE,2025-06-30,2026-03-30,60.267193313717755
COLM,2025-03-31,2025-12-31,21.95876970051965
COO,2025-04-30,2026-01-30,21.44890522535447
COOP,2025-06-30,2026-03-30,93.29963011495376
CORT,2025-03-31,2025-12-31,27.4977087278485
CORZ,2025-03-31,2025-12-31,24.375639219870177
COST,2025-05-31,2026-02-28,83.61309574474896
CPRT,2025-04-30,2026-01-30,30.196489444103484
CPRX,2025-03-31,2025-12-31,9.970856910415273
CRCT,2025-03-31,2025-12-31,4.76500088909584
CRNT,2025-03-31,2025-12-31,6.642381967688445
CRON,2025-03-31,2025-12-31,8.409992998899234
CROX,2025-03-31,2025-12-31,87.24746299166117
CRSP,2025-03-31,2025-12-31,20.224448591276925
CRSR,2025-03-31,2025-12-31,14.57900137276616
CRUS,2024-12-31,2025-09-30,64.74282079925042
CRWD,2025-04-30,2026-01-30,57.51833818575344
CSCO,2025-04-30,2026-01-30,92.95220496551538
CSGP,2025-06-30,2026-03-30,68.3969132373613
CSIQ,2025-03-31,2025-12-31,13.702943510585836
CSTL,2025-03-31,2025-12-31,10.408009245628934
CTAS,2025-02-28,2025-11-28,59.32940295839386
CTLP,2025-03-31,2025-12-31,15.553147682565681
CTSH,2025-03-31,2025-12-31,72.87364127083573
CVAC,2025-03-31,2025-12-31,3.813428907122751
CVLT,2024-12-31,2025-09-30,19.919254819188254
CVRX,2025-03-31,2025-12-31,4.818665047153207
CWST,2025-03-31,2025-12-31,20.013878288721106
CYBR,2025-03-31,2025-12-31,26.197768618558595
CYRX,2025-03-31,2025-12-31,6.541416542322634
CZR,2024-12-31,2025-09-30,42.37518505833597
DAKT,2025-04-30,2026-01-30,6.3695862346164835
DASH,2025-03-31,2025-12-31,93.09507147178797
DBX,2025-03-31,2025-12-31,31.274435670036898
DCTH,2025-03-31,2025-12-31,6.631415578505403
DDOG,2025-03-31,2025-12-31,51.90389296123336
DEFT,2025-03-31,2025-12-31,16.968055742157855
DGXX,2025-03-31,2025-12-31,21.246429286419794
DH,2025-03-31,2025-12-31,22.069808914155963
DHC,2025-03-31,2025-12-31,15.460001847784982
DKNG,2025-03-31,2025-12-31,32.656571240408496
DLO,2025-03-31,2025-12-31,13.127693089870974
DLTR,2025-04-30,2026-01-30,48.111397552592614
DMAC,2025-03-31,2025-12-31,15.245698105906172
DOCU,2025-04-30,2026-01-30,32.817187502623085
DOMO,2025-04-30,2026-01-30,5.468539641787328
DOX,2025-03-31,2025-12-31,45.44936162359479
DPZ,2025-06-30,2026-03-30,91.33011415983262
DRS,2025-03-31,2025-12-31,20.07181976983215
DRVN,2025-03-31,2025-12-31,15.411899391978956
DSGX,2025-04-30,2026-01-30,7.66630754337389
DTST,2025-03-31,2025-12-31,16.688545600321742
DUOL,2025-03-31,2025-12-31,36.03443004249015
DVAX,2025-03-31,2025-12-31,5.769496306711468
DXCM,2025-03-31,2025-12-31,19.96156065595289
DXPE,2025-03-31,2025-12-31,40.02975087005902
EA,2024-12-31,2025-09-30,46.01592634708177
EBAY,2025-03-31,2025-12-31,74.53787523013881
ECX,2025-03-31,2025-12-31,59.821407312916
EEFT,2025-03-31,2025-12-31,30.633821585486736
EH,2025-03-31,2025-12-31,9.331774897815704
EHTH,2025-03-31,2025-12-31,8.83345033969257
ELVN,2024-12-31,2025-09-30,6.0196617881893895
EMBC,2025-03-31,2025-12-31,15.239848088020901
ENSG,2025-06-30,2026-03-30,31.9494164470345
ENTG,2025-03-31,2025-12-31,29.45129760088258
ENTX,2024-09-30,2025-06-30,21.594751261152997
ENVX,2025-03-31,2025-12-31,4.95369615714638
EOLS,2025-03-31,2025-12-31,6.591470071408338
EQIX,2025-03-31,2025-12-31,92.76623692176769
ERIC,2025-06-30,2026-03-30,127.98214060522125
ERII,2025-03-31,2025-12-31,6.30043389627015
ESTA,2025-03-31,2025-12-31,10.009323637159794
ETNB,2025-03-31,2025-12-31,11.506161001979619
ETOR,2025-03-31,2025-12-31,19.23238980563391
ETSY,2024-12-31,2025-09-30,19.371912606766752
EVER,2025-03-31,2025-12-31,22.31363666583977
EVGO,2025-03-31,2025-12-31,5.928486567362762
EVLV,2025-03-31,2025-12-31,4.8060208615636135
EVRG,2024-09-30,2025-06-30,45.28221344078117
EXAS,2025-03-31,2025-12-31,63.6374933379881
EXE,2025-03-31,2025-12-31,46.19673625829323
EXEL,2025-06-30,2026-03-30,48.12213693119787
EXFY,2025-03-31,2025-12-31,7.276679475553549
EXLS,2024-12-31,2025-09-30,13.048947827474493
EXPD,2025-03-31,2025-12-31,45.14084832109701
EXPE,2025-03-31,2025-12-31,66.60610130678737
EXPI,2025-03-31,2025-12-31,37.27208843654227
EXTR,2025-03-31,2025-12-31,25.943833758410264
EYE,2025-03-31,2025-12-31,16.82911039161984
EZPW,2025-03-31,2025-12-31,13.778702123765852
FA,2025-03-31,2025-12-31,17.410490972078115
FANG,2025-03-31,2025-12-31,90.14099383918025
FAST,2025-06-30,2026-03-30,28.36722859417992
FCFS,2025-06-30,2026-03-30,40.64857390800002
FEIM,2025-01-31,2025-10-31,38.1193316902671
FELE,2025-03-31,2025-12-31,21.122879565538778
FFIV,2025-03-31,2025-12-31,112.24274020120473
FIVE,2025-04-30,2026-01-30,17.823816240288593
FLEX,2025-06-30,2026-03-30,30.185229399053217
FLGT,2024-12-31,2025-09-30,11.640549157832888
FLYE,2024-12-31,2025-09-30,16.838335268957188
FNGR,2025-05-31,2026-02-28,17.688946708923044
FOX,2025-03-31,2025-12-31,89.09288944410324
FOXA,2025-03-31,2025-12-31,89.09288944410324
FROG,2025-03-31,2025-12-31,11.954209574002837
FRSH,2024-12-31,2025-09-30,13.847591129546185
FSLR,2024-12-31,2025-09-30,26.293114826876124
FTAI,2025-03-31,2025-12-31,20.058962354756122
FTDR,2025-03-31,2025-12-31,14.466835600695282
FTNT,2025-03-31,2025-12-31,53.495874137818205
FWONK,2025-03-31,2025-12-31,48.996589299411006
FWRD,2025-03-31,2025-12-31,11.614119186956437
FWRG,2025-03-31,2025-12-31,16.16253929557563
GAMB,2025-03-31,2025-12-31,9.620023648816229
GANX,2025-03-31,2025-12-31,24.89379670297522
GCMG,2025-03-31,2025-12-31,7.676902852386183
GCT,2025-03-31,2025-12-31,11.433714182892242
GDYN,2025-03-31,2025-12-31,9.35124352797561
GEHC,2024-12-31,2025-09-30,48.191016880774214
GEN,2025-03-31,2025-12-31,21.98333939427381
GFS,2025-03-31,2025-12-31,52.599044065962715
GH,2025-03-31,2025-12-31,43.29376064568156
GHRS,2025-03-31,2025-12-31,2.7241178974322544
GIII,2025-04-30,2026-01-30,19.311616850700663
GILD,2025-03-31,2025-12-31,134.49951093947683
GILT,2025-03-31,2025-12-31,6.575522524693849
GLBE,2025-03-31,2025-12-31,15.665923641355265
GLDD,2025-03-31,2025-12-31,12.12391041364966
GLNG,2025-03-31,2025-12-31,13.499903030896427
GLPG,2025-03-31,2025-12-31,19.991551477419566
GLPI,2025-06-30,2026-03-30,10.385412013111354
GLUE,2025-03-31,2025-12-31,12.175235479876596
GMAB,2025-03-31,2025-12-31,39.815393251184695
GNTX,2025-03-31,2025-12-31,12.000452831637002
GOGL,2025-03-31,2025-12-31,8.077551882235685
GOGO,2025-03-31,2025-12-31,13.065727335418666
GOOG,2025-06-30,2026-03-30,99.26951497240296
GOOGL,2025-06-30,2026-03-30,99.26951497240296
GOSS,2024-12-31,2025-09-30,4.395555988194727
GPRO,2025-03-31,2025-12-31,3.872841615008629
GRAB,2024-12-31,2025-09-30,27.495981962327097
GRAL,2025-03-31,2025-12-31,25.594039144163244
GRFS,2024-12-31,2025-09-30,22.140945356502407
GRPN,2025-03-31,2025-12-31,14.829823933792332
GSAT,2025-03-31,2025-12-31,4.310847079551109
GSIT,2025-03-31,2025-12-31,17.333968790425725
GSM,2025-03-31,2025-12-31,11.519490984255174
GT,2025-03-31,2025-12-31,20.304944972603415
GTLB,2025-04-30,2026-01-30,15.962575806278101
GTM,2025-03-31,2025-12-31,8.861130920596903
GTX,2025-06-30,2026-03-30,11.255218509605678
HALO,2025-03-31,2025-12-31,20.22651584884561
HAS,2025-03-31,2025-12-31,22.248333612058754
HCSG,2025-06-30,2026-03-30,11.90267655407648
HDSN,2025-03-31,2025-12-31,7.278468158413434
HEPS,2024-12-31,2025-09-30,35.54414194946603
HIMX,2025-03-31,2025-12-31,16.622475262928848
HITI,2025-04-30,2026-01-30,6.673105600093592
HLIT,2025-03-31,2025-12-31,7.1029887779312055
HLMN,2025-03-31,2025-12-31,17.764557862135355
HLNE,2025-03-31,2025-12-31,20.45555198221244
HNRG,2025-03-31,2025-12-31,10.690276773184232
HNST,2025-03-31,2025-12-31,9.094898574104386
HOLX,2025-03-31,2025-12-31,47.58554195310173
HON,2025-06-30,2026-03-30,63.05452320539454
HQY,2025-04-30,2026-01-30,12.927550599899355
HRMY,2025-03-31,2025-12-31,15.234154630164246
HROW,2024-12-31,2025-09-30,8.330223779038374
HSIC,2025-03-31,2025-12-31,42.56528754252902
HST,2025-03-31,2025-12-31,67.05112794098791
HTHT,2025-03-31,2025-12-31,83.13729915920808
HTZ,2025-03-31,2025-12-31,28.722013100599185
HUBG,2025-03-31,2025-12-31,15.701731120689097
HUT,2025-03-31,2025-12-31,10.467387282614883
HYPR,2025-03-31,2025-12-31,3.8422044945378424
IAC,2025-03-31,2025-12-31,2.4825337492243693
IAS,2025-03-31,2025-12-31,5.997585716969732
IBKR,2025-03-31,2025-12-31,24.49554146605304
IDXX,2025-03-31,2025-12-31,94.09840505708884
IHRT,2025-03-31,2025-12-31,17.826045766724285
IIIV,2025-03-31,2025-12-31,7.491000016827236
ILMN,2025-03-31,2025-12-31,26.421850168327023
ILPT,2024-12-31,2025-09-30,5.67707324579978
INCY,2025-03-31,2025-12-31,24.637095111683937
INDV,2025-03-31,2025-12-31,14.12711936219454
INMD,2025-03-31,2025-12-31,10.593368495157655
INSM,2025-03-31,2025-12-31,6.94283345094071
INTA,2025-03-31,2025-12-31,15.969262984310003
INTU,2025-04-30,2026-01-30,162.49476889822324
INVA,2025-03-31,2025-12-31,15.487012097946684
INVZ,2025-03-31,2025-12-31,4.561748259510232
IOBT,2025-03-31,2025-12-31,4.809031135037761
IONS,2024-12-31,2025-09-30,28.72667244410708
IRDM,2025-06-30,2026-03-30,21.169265778094214
IREN,2025-03-31,2025-12-31,9.651908754762422
IRIX,2025-03-31,2025-12-31,5.8043345058061835
IRON,2025-03-31,2025-12-31,13.879878969453044
IRTC,2025-03-31,2025-12-31,25.525875548593046
ISRG,2025-06-30,2026-03-30,67.61980957539421
ISSC,2025-03-31,2025-12-31,15.369924105670721
ITRI,2025-03-31,2025-12-31,51.71058620990494
JAZZ,2025-03-31,2025-12-31,58.68463577750404
JBHT,2025-06-30,2026-03-30,29.594895648907563
JBLU,2025-03-31,2025-12-31,11.08478267392153
JD,2025-03-31,2025-12-31,81.2982454360151
JKHY,2025-03-31,2025-12-31,38.91153929296266
JOYY,2025-03-31,2025-12-31,34.74354681456921
KALV,2025-01-31,2025-10-31,9.670282478935428
KDP,2025-06-30,2026-03-30,43.97034852960816
KHC,2025-03-31,2025-12-31,36.60124270806698
KIRK,2025-04-30,2026-01-30,5.159362864338663
KLAC,2025-03-31,2025-12-31,231.64352871700547
KLIC,2025-03-31,2025-12-31,20.939588139058817
KLTR,2025-03-31,2025-12-31,4.9008108132049495
KMTS,2025-01-31,2025-10-31,7.084307005149951
KNSA,2025-03-31,2025-12-31,7.131601067933775
KOPN,2025-03-31,2025-12-31,4.638875294062168
KRUS,2025-05-31,2026-02-28,7.454223203404417
KRYS,2025-03-31,2025-12-31,22.051006488477555
LAMR,2025-03-31,2025-12-31,31.80689681285277
LASR,2025-03-31,2025-12-31,8.257832981048148
LAUR,2025-03-31,2025-12-31,14.90299348620973
LBRDK,2025-03-31,2025-12-31,39.08919885541634
LCID,2025-03-31,2025-12-31,12.16035656191808
LE,2025-04-30,2026-01-30,12.683822865396325
LECO,2024-12-31,2025-09-30,88.55858386248792
LEGN,2025-03-31,2025-12-31,12.85312006849964
LFMD,2024-12-31,2025-09-30,6.54338230381426
LFST,2025-03-31,2025-12-31,12.920482115036357
LGO,2025-03-31,2025-12-31,11.02512033286778
LI,2025-03-31,2025-12-31,61.46691133039852
LIF,2025-03-31,2025-12-31,7.231634186122521
LIN,2025-03-31,2025-12-31,71.66002383338787
LITE,2025-03-31,2025-12-31,14.19130524180044
LIVN,2025-03-31,2025-12-31,32.6007697513254
LKQ,2025-06-30,2026-03-30,54.21425349034786
LLYVK,2025-03-31,2025-12-31,27.877243945143018
LMB,2025-03-31,2025-12-31,13.552335806868635
LNW,2025-03-31,2025-12-31,34.36285701293979
LOCO,2025-03-31,2025-12-31,10.534215240072829
LOGI,2025-03-31,2025-12-31,38.26119989966203
LPLA,2025-03-31,2025-12-31,71.05669693521982
LPSN,2025-03-31,2025-12-31,6.346033137675036
LRCX,2025-03-31,2025-12-31,54.284495634007214
LSCC,2025-03-31,2025-12-31,9.126819358346653
LSTR,2025-03-31,2025-12-31,30.622025326566337
LUCD,2025-03-31,2025-12-31,4.584056541140449
LULU,2025-04-30,2026-01-30,74.55934348106287
LYFT,2025-03-31,2025-12-31,36.02998841767162
LZ,2025-03-31,2025-12-31,12.310438267786722
MANH,2025-06-30,2026-03-30,10.562906723488986
MAPS,2025-03-31,2025-12-31,8.740836373639944
MAR,2025-03-31,2025-12-31,27.845390689539943
MARA,2025-03-31,2025-12-31,17.92095433341057
MASI,2025-03-31,2025-12-31,17.578407448342272
MAT,2025-03-31,2025-12-31,50.1622879969911
MBLY,2025-06-30,2026-03-30,20.863794180910983
MCHP,2024-12-31,2025-09-30,25.102447278533422
MDAI,2025-03-31,2025-12-31,11.505392101214724
MDB,2025-04-30,2026-01-30,32.1210659931974
MDLZ,2024-12-31,2025-09-30,80.371780440257
MDXG,2025-03-31,2025-12-31,6.718743363477995
MEDP,2025-06-30,2026-03-30,108.65228205799966
META,2025-03-31,2025-12-31,146.31211888777958
METC,2025-03-31,2025-12-31,6.338474486076593
METCB,2025-03-31,2025-12-31,6.338474486076593
MGNI,2025-03-31,2025-12-31,8.549247052128742
MIDD,2025-03-31,2025-12-31,74.71490496633628
MIRM,2025-03-31,2025-12-31,9.296205160390324
MITK,2025-03-31,2025-12-31,11.318616858019826
MKSI,2025-03-31,2025-12-31,39.41195901481286
MKTX,2025-03-31,2025-12-31,17.11684077763913
MLCO,2025-03-31,2025-12-31,34.75919445125012
MLTX,2025-03-31,2025-12-31,8.175404836765281
MMSI,2025-03-31,2025-12-31,13.87823424625267
MMYT,2025-06-30,2026-03-30,10.68577537274141
MNDY,2025-03-31,2025-12-31,28.83033735368811
MNY,2025-03-31,2025-12-31,5.469305447798386
MOBX,2025-03-31,2025-12-31,3.018184977803264
MOMO,2025-03-31,2025-12-31,68.03779235199359
MORN,2025-03-31,2025-12-31,90.79078989806118
MPWR,2025-03-31,2025-12-31,110.3234573746569
MQ,2025-03-31,2025-12-31,13.753553535770767
MRCY,2025-03-31,2025-12-31,12.04770843949656
MRTN,2025-03-31,2025-12-31,13.739030025832967
MRUS,2025-03-31,2025-12-31,3.571493675322858
MRVL,2025-04-30,2026-01-30,52.87637886523554
MSFT,2025-03-31,2025-12-31,88.74267749364182
MSTR,2025-03-31,2025-12-31,129.4371154597042
MTCH,2025-03-31,2025-12-31,33.62423643117776
MTSI,2025-03-31,2025-12-31,8.978154491616202
MTSR,2025-06-30,2026-03-30,6.2882208476559684
MU,2025-05-31,2026-02-28,71.04919121654788
MVIS,2025-03-31,2025-12-31,3.9847006970451706
MXL,2025-06-30,2026-03-30,5.885310633983826
NAMS,2025-03-31,2025-12-31,3.7237334799461372
NATL,2025-03-31,2025-12-31,54.54159780222685
NB,2025-03-31,2025-12-31,23.93423427467003
NBIX,2025-03-31,2025-12-31,54.71860623895657
NCMI,2025-03-31,2025-12-31,4.232178293550006
NCNO,2025-04-30,2026-01-30,7.777517548358813
NDAQ,2025-06-30,2026-03-30,33.398694431254846
NDSN,2025-04-30,2026-01-30,63.484118499895466
NESR,2025-03-31,2025-12-31,12.6020327198759
NEXN,2024-09-30,2025-06-30,13.512401957521641
NFLX,2025-06-30,2026-03-30,222.05012936526703
NICE,2025-03-31,2025-12-31,68.46108206072407
NIU,2025-03-31,2025-12-31,18.378552096382776
NMRK,2025-03-31,2025-12-31,90.5606145780186
NMTC,2025-03-31,2025-12-31,23.63690639221637
NN,2025-03-31,2025-12-31,3.307500783008381
NOTV,2025-03-31,2025-12-31,5.333771312472966
NTAP,2025-01-31,2025-10-31,53.33544056656246
NTCT,2024-12-31,2025-09-30,17.660944752564617
NTES,2025-03-31,2025-12-31,560.6825116397172
NTGR,2025-03-31,2025-12-31,9.96573784582194
NTNX,2025-04-30,2026-01-30,27.592838909369206
NTRA,2025-03-31,2025-12-31,29.32589833652077
NUVL,2025-03-31,2025-12-31,10.607750841211601
NVDA,2025-04-30,2026-01-30,146.2503186918425
NVEE,2025-03-31,2025-12-31,30.887434397199065
NVMI,2025-03-31,2025-12-31,75.18979067844693
NWE,2025-03-31,2025-12-31,26.63566944704054
NWL,2024-12-31,2025-09-30,19.692657505634077
NWS,2025-03-31,2025-12-31,65.37409500422324
NWSA,2025-03-31,2025-12-31,65.37409500422324
NXPI,2025-06-30,2026-03-30,69.45383810058883
NXST,2025-03-31,2025-12-31,90.89553970786045
NXT,2024-12-31,2025-09-30,22.143247297695183
ODD,2025-03-31,2025-12-31,19.488480363681628
ODFL,2025-03-31,2025-12-31,52.36366743028545
OGI,2025-03-31,2025-12-31,15.218726735937935
OKTA,2025-04-30,2026-01-30,30.391726129300654
OLLI,2025-04-30,2026-01-30,20.767106513294706
OLPX,2025-03-31,2025-12-31,6.07389110105293
OMCL,2025-03-31,2025-12-31,17.544375390083328
ON,2025-03-31,2025-12-31,6.965415191751149
ONC,2025-03-31,2025-12-31,66.22947193880199
ONCY,2024-09-30,2025-06-30,12.913737185180182
ONDS,2025-03-31,2025-12-31,3.7334014349051485
OPCH,2025-03-31,2025-12-31,9.21766551833225
OPK,2025-03-31,2025-12-31,5.310964016939209
OPRA,2025-03-31,2025-12-31,11.717220815980674
ORGN,2025-03-31,2025-12-31,4.1115262538140405
ORGO,2025-03-31,2025-12-31,12.010050851865493
ORLY,2025-03-31,2025-12-31,172.46590444212666
OS,2025-03-31,2025-12-31,10.112862191896548
OSPN,2025-03-31,2025-12-31,12.555988785061368
OSS,2025-03-31,2025-12-31,4.622791018821573
OSUR,2025-03-31,2025-12-31,4.76298924276326
OSW,2025-03-31,2025-12-31,21.28264295565005
OTEX,2024-12-31,2025-09-30,39.38862739851466
PAA,2025-03-31,2025-12-31,17.97527506170097
PACB,2025-03-31,2025-12-31,16.581967845602602
PAGP,2025-03-31,2025-12-31,27.26175172964445
PAHC,2025-03-31,2025-12-31,15.574148481040995
PANW,2025-04-30,2026-01-30,80.08125160952376
PARA,2025-03-31,2025-12-31,19.262524099616307
PATK,2025-03-31,2025-12-31,37.59280094459678
PAX,2025-03-31,2025-12-31,9.410013415599455
PAYO,2025-03-31,2025-12-31,12.188664500054449
PAYS,2025-03-31,2025-12-31,6.705913791179818
PAYX,2025-02-28,2025-11-28,33.29658285611935
PBYI,2025-03-31,2025-12-31,7.552026297294184
PCAR,2025-03-31,2025-12-31,39.92750132286717
PCH,2025-03-31,2025-12-31,17.229624639243692
PCRX,2025-03-31,2025-12-31,7.5315916776209395
PCT,2024-09-30,2025-06-30,5.558422199985357
PCTY,2025-03-31,2025-12-31,84.75517964664519
PDD,2025-03-31,2025-12-31,170.34830768014453
PEGA,2025-06-30,2026-03-30,16.384620364107903
PENG,2025-05-31,2026-02-28,10.000955158585423
PENN,2025-03-31,2025-12-31,17.21682919834751
PEP,2025-06-30,2026-03-30,65.24596462657776
PERI,2025-03-31,2025-12-31,10.254070996063563
PGEN,2025-03-31,2025-12-31,4.17063440256021
PGNY,2025-03-31,2025-12-31,15.430029598687561
PGY,2025-03-31,2025-12-31,12.412333232095454
PHVS,2025-03-31,2025-12-31,7.865229759842314
PI,2025-03-31,2025-12-31,4.411132426627334
PINC,2025-03-31,2025-12-31,11.113853643927605
PLAB,2025-04-30,2026-01-30,13.360026817163778
PLAY,2025-04-30,2026-01-30,34.41067705266423
PLBY,2025-03-31,2025-12-31,7.611665094494724
PLL,2025-03-31,2025-12-31,5.656258981119044
PLUG,2025-03-31,2025-12-31,3.598267641247634
PLXS,2025-03-31,2025-12-31,36.702926033654826
PMVP,2025-03-31,2025-12-31,4.272468156587272
PNTG,2025-03-31,2025-12-31,15.320918469153849
PODD,2025-03-31,2025-12-31,18.90986567538658
POOL,2025-03-31,2025-12-31,33.12576598571891
POWI,2025-03-31,2025-12-31,10.813854326888814
POWL,2025-03-31,2025-12-31,93.29140560264429
PPC,2025-03-31,2025-12-31,30.950199850544532
PRDO,2025-03-31,2025-12-31,19.21184187129299
PRGS,2025-02-28,2025-11-28,27.892937551021017
PRME,2025-03-31,2025-12-31,3.2699361087890666
PRPL,2025-03-31,2025-12-31,5.122814864085354
PRTH,2025-03-31,2025-12-31,11.10195525476667
PRVA,2025-03-31,2025-12-31,15.88927572330169
PSNL,2025-03-31,2025-12-31,7.04450590714695
PTC,2025-03-31,2025-12-31,40.634984424270456
PTCT,2025-03-31,2025-12-31,202.19805987715492
PTGX,2025-03-31,2025-12-31,8.332808809303556
PTLO,2025-03-31,2025-12-31,7.414515690802164
PTON,2025-03-31,2025-12-31,16.841756645321386
PWP,2025-03-31,2025-12-31,27.375885038153033
PYPL,2025-03-31,2025-12-31,95.77536006709182
PZZA,2025-03-31,2025-12-31,16.196013087288065
QCOM,2024-12-31,2025-09-30,86.11739372024834
QLYS,2025-03-31,2025-12-31,20.87128265873698
QMCO,2024-12-31,2025-09-30,10.904960436103863
QSI,2025-03-31,2025-12-31,5.132884199556936
QURE,2025-03-31,2025-12-31,6.789960843580588
RBBN,2025-06-30,2026-03-30,10.721517338385949
RDFN,2025-03-31,2025-12-31,24.568853893484405
RDWR,2025-03-31,2025-12-31,12.116427415726355
RDZN,2024-12-31,2025-09-30,5.762781786964804
REAL,2025-03-31,2025-12-31,12.681893045780354
RELY,2025-03-31,2025-12-31,13.294897101996181
REYN,2024-12-31,2025-09-30,19.56170589113257
RFIL,2025-04-30,2026-01-30,3.481890184972678
RGEN,2025-03-31,2025-12-31,8.461363651408384
RGLD,2025-03-31,2025-12-31,23.04112602282423
RIOT,2024-09-30,2025-06-30,2.0697382188357722
RIVN,2025-03-31,2025-12-31,65.43492935159486
RMBS,2025-03-31,2025-12-31,12.039952212123598
RMNI,2025-03-31,2025-12-31,7.754560516303936
RNW,2024-12-31,2025-09-30,57.580737059747925
ROAD,2025-03-31,2025-12-31,17.444542956016527
ROIV,2025-03-31,2025-12-31,-1.9371924323890637
ROKU,2025-03-31,2025-12-31,22.1494804461587
ROP,2025-03-31,2025-12-31,121.62702576232658
ROST,2025-04-30,2026-01-30,49.51545325773356
RPRX,2025-03-31,2025-12-31,13.119633536738618
RR,2025-03-31,2025-12-31,6.376412723161962
RRR,2025-03-31,2025-12-31,24.781184443513233
RUM,2025-03-31,2025-12-31,6.881816973603832
RUSHA,2025-03-31,2025-12-31,18.574098386819518
RVMD,2024-12-31,2025-09-30,9.611348032629273
RXRX,2025-03-31,2025-12-31,7.689829955845094
RYAAY,2025-06-30,2026-03-30,51.48172841091701
RYTM,2025-03-31,2025-12-31,6.7304007350209485
SABR,2025-03-31,2025-12-31,25.668584200247295
SAIA,2025-06-30,2026-03-30,99.60577120550857
SAIL,2025-04-30,2026-01-30,11.14956872342248
SANM,2025-06-30,2026-03-30,44.193248231117124
SATS,2025-03-31,2025-12-31,43.175300787958506
SBAC,2025-03-31,2025-12-31,46.47896587221943
SBGI,2025-03-31,2025-12-31,14.624400200410527
SBLK,2025-03-31,2025-12-31,15.50897066216332
SBRA,2025-03-31,2025-12-31,13.442190979976608
SBUX,2025-03-31,2025-12-31,46.88535777849147
SCHL,2025-02-28,2025-11-28,17.394609633309393
SDGR,2025-03-31,2025-12-31,5.84540777287526
SEDG,2025-03-31,2025-12-31,28.30537559919058
SEIC,2025-06-30,2026-03-30,34.896767707564884
SFD,2025-03-31,2025-12-31,22.347381116880143
SFIX,2025-04-30,2026-01-30,20.873211265296472
SFM,2025-03-31,2025-12-31,63.80133208006185
SGRY,2025-03-31,2025-12-31,11.84373738411284
SHC,2025-03-31,2025-12-31,12.714927906044267
SHEN,2024-12-31,2025-09-30,6.745466291408425
SHLS,2025-03-31,2025-12-31,7.885190628690067
SIGA,2025-03-31,2025-12-31,4.8221818657542865
SIMO,2025-03-31,2025-12-31,34.15693398157201
SITM,2025-03-31,2025-12-31,9.486401890654992
SKYT,2025-03-31,2025-12-31,5.812220146719384
SLAB,2025-03-31,2025-12-31,10.991415673238672
SLDP,2025-03-31,2025-12-31,6.229766315789202
SMCI,2025-03-31,2025-12-31,15.773450628166925
SMLR,2025-03-31,2025-12-31,24.76459291397539
SMPL,2025-05-31,2026-02-28,9.697751080172987
SMTC,2025-04-30,2026-01-30,10.35113806062995
SNAL,2025-03-31,2025-12-31,4.676130125772439
SNBR,2025-03-31,2025-12-31,17.883091351816297
SNCY,2025-03-31,2025-12-31,10.854350510582703
SNEX,2025-03-31,2025-12-31,39.61756600977721
SNPS,2025-04-30,2026-01-30,57.629993264287876
SNY,2025-03-31,2025-12-31,71.77138462211714
SONO,2025-03-31,2025-12-31,10.116521941336643
SOUN,2025-03-31,2025-12-31,12.989233331182803
SPTN,2025-03-31,2025-12-31,16.17116912373364
SPWH,2025-04-30,2026-01-30,22.344378287547425
SPWR,2025-03-31,2025-12-31,6.341269878218318
SSNC,2025-03-31,2025-12-31,36.02510337757575
SSP,2025-03-31,2025-12-31,18.574006376702275
SSRM,2025-03-31,2025-12-31,9.199849845507536
SSYS,2025-03-31,2025-12-31,9.151470316614525
STEP,2024-12-31,2025-09-30,27.410537023865746
STGW,2025-03-31,2025-12-31,16.18610839941698
STKL,2025-03-31,2025-12-31,16.676515448658648
STLD,2025-03-31,2025-12-31,33.048420017401575
STNE,2025-03-31,2025-12-31,77.10900242574083
STOK,2025-03-31,2025-12-31,29.766796474070205
STRL,2025-03-31,2025-12-31,33.05541884853195
STX,2025-03-31,2025-12-31,53.66808063749996
SUPN,2025-03-31,2025-12-31,15.463363438396867
SWIM,2025-03-31,2025-12-31,8.23500892930252
SYM,2025-03-31,2025-12-31,18.141835635824823
SYNA,2025-03-31,2025-12-31,13.1159601880997
TALK,2025-03-31,2025-12-31,8.071195608884908
TBLA,2025-03-31,2025-12-31,13.18173675067586
TCOM,2025-03-31,2025-12-31,181.03258051490693
TEAM,2025-03-31,2025-12-31,53.5411855034555
TECH,2025-03-31,2025-12-31,11.146291061868544
TEM,2025-03-31,2025-12-31,14.311446893002257
TENB,2025-03-31,2025-12-31,29.46910202619326
TER,2025-03-31,2025-12-31,30.07130945482411
TERN,2025-03-31,2025-12-31,4.9511168634827385
TGTX,2025-03-31,2025-12-31,8.056289758379128
THTX,2025-05-31,2026-02-28,5.873049352249922
TILE,2025-03-31,2025-12-31,14.413143503986278
TKNO,2025-03-31,2025-12-31,4.588657924865101
TMDX,2025-03-31,2025-12-31,14.532144244576479
TMUS,2025-06-30,2026-03-30,72.6777868969307
TREE,2025-03-31,2025-12-31,18.3391203656162
TRI,2024-12-31,2025-09-30,54.1999850850351
TRIP,2025-03-31,2025-12-31,43.44140676728076
TRMB,2025-03-31,2025-12-31,24.259179628789106
TROW,2024-12-31,2025-09-30,43.85949412355722
TRS,2025-03-31,2025-12-31,13.766545894713307
TRUP,2024-12-31,2025-09-30,19.830278357388334
TRVI,2025-03-31,2025-12-31,10.361021434386702
TSCO,2025-03-31,2025-12-31,54.05185087798209
TSEM,2025-03-31,2025-12-31,19.85905489129825
TSLA,2025-06-30,2026-03-30,53.263480075151605
TTAN,2025-04-30,2026-01-30,16.920240486618127
TTD,2025-03-31,2025-12-31,14.568711176454848
TTEK,2025-03-31,2025-12-31,24.21592978484412
TTMI,2025-03-31,2025-12-31,9.219368968401962
TTWO,2024-12-31,2025-09-30,26.880245657223337
TVTX,2025-03-31,2025-12-31,19.648427711212502
TW,2024-12-31,2025-09-30,14.801221475508218
TXG,2025-03-31,2025-12-31,10.495511791371564
TXN,2025-03-31,2025-12-31,54.30192874324401
TXRH,2025-03-31,2025-12-31,33.04676485108021
UAL,2025-06-30,2026-03-30,58.989581785462896
UDMY,2025-03-31,2025-12-31,25.640508723670873
UFPI,2025-03-31,2025-12-31,43.41091576702591
ULCC,2025-03-31,2025-12-31,35.26681546557656
ULTA,2025-04-30,2026-01-30,124.37579815579268
UNIT,2025-03-31,2025-12-31,26.390991513714724
UPBD,2024-12-31,2025-09-30,44.03308356660009
UPLD,2025-03-31,2025-12-31,10.84647767764303
UPWK,2025-03-31,2025-12-31,15.942998854703857
URBN,2025-04-30,2026-01-30,40.55470795028834
UROY,2025-01-31,2025-10-31,22.877782123546435
UTHR,2024-12-31,2025-09-30,142.0222346999941
VC,2025-06-30,2026-03-30,113.70385967791754
VCEL,2024-12-31,2025-09-30,17.697574647804775
VCTR,2025-03-31,2025-12-31,13.4930520900712
VCYT,2025-03-31,2025-12-31,7.38814492088611
VERI,2025-03-31,2025-12-31,7.5650822709977055
VERX,2025-03-31,2025-12-31,22.64632868643592
VFF,2025-03-31,2025-12-31,7.069796729144815
VFS,2025-03-31,2025-12-31,45.873955377426014
VIAV,2025-03-31,2025-12-31,33.502427658954254
VICR,2024-12-31,2025-09-30,13.139738501818455
VIRT,2025-03-31,2025-12-31,20.38372254608368
VITL,2025-03-31,2025-12-31,15.51115327126662
VMD,2025-03-31,2025-12-31,8.854598699389463
VMEO,2025-03-31,2025-12-31,9.110544949725579
VNDA,2025-03-31,2025-12-31,8.3177083307798
VNOM,2025-03-31,2025-12-31,14.460903728325048
VOXR,2025-03-31,2025-12-31,20.64668213357062
VRNS,2025-03-31,2025-12-31,15.763296881878803
VRRM,2025-03-31,2025-12-31,8.471209629160013
VRSK,2025-03-31,2025-12-31,51.58993075947551
VRSN,2025-06-30,2026-03-30,28.02655096866685
VRTX,2025-03-31,2025-12-31,92.521607177125
VSAT,2025-03-31,2025-12-31,25.39267644417366
VTGN,2024-12-31,2025-09-30,4.566469308408131
VTRS,2025-03-31,2025-12-31,43.96375098587545
VUZI,2025-03-31,2025-12-31,3.3805939463273047
VYNE,2025-03-31,2025-12-31,11.485180962751404
WAY,2025-03-31,2025-12-31,10.939470727795468
WB,2025-03-31,2025-12-31,32.047926021873174
WBA,2025-05-31,2026-02-28,52.1496814647053
WBD,2025-03-31,2025-12-31,62.28491392234316
WDAY,2025-04-30,2026-01-30,42.88801436122198
WDC,2025-03-31,2025-12-31,160.62781835076626
WERN,2025-03-31,2025-12-31,14.224297749662723
WEST,2025-03-31,2025-12-31,9.040425633026382
WING,2024-12-31,2025-09-30,9.307897524560046
WIX,2025-03-31,2025-12-31,20.660685924732295
WLDN,2025-03-31,2025-12-31,11.730823774378171
WMG,2025-03-31,2025-12-31,22.80031990505716
WOOF,2025-04-30,2026-01-30,22.793598599391753
WSC,2025-03-31,2025-12-31,22.671771971884212
WTW,2024-06-30,2025-03-30,55.46102409310622
WULF,2025-03-31,2025-12-31,2.6122402261299835
WVE,2025-03-31,2025-12-31,4.113949822878131
WW,2025-03-31,2025-12-31,9.896357699708812
WWD,2025-03-31,2025-12-31,66.65163540197676
WYNN,2025-03-31,2025-12-31,34.319315072197696
XENE,2025-03-31,2025-12-31,7.946963522291085
XERS,2025-03-31,2025-12-31,5.940417274090331
XMTR,2025-03-31,2025-12-31,6.340352975802958
XP,2025-03-31,2025-12-31,70.63423500760459
Z,2025-03-31,2025-12-31,31.480854516484857
ZBRA,2025-03-31,2025-12-31,83.06338864847373
ZG,2025-03-31,2025-12-31,31.480854516484857
ZLAB,2025-03-31,2025-12-31,5.4041717578603405
ZM,2025-04-30,2026-01-30,49.639176212718326
ZS,2025-04-30,2026-01-30,26.073096491758935
ZVRA,2025-03-31,2025-12-31,6.169405503866452
ZYME,2025-03-31,2025-12-31,4.458572837110458
