Date,NormalizedPrice,Market
2015-08-01,100.0,standard
2015-09-01,96.94439881080255,standard
2015-10-01,105.73732091390113,standard
2015-11-01,106.12384854417083,standard
2015-12-01,103.67274506776643,standard
2016-01-01,99.09753444637907,standard
2016-02-01,99.01565029404854,standard
2016-03-01,105.1338213416364,standard
2016-04-01,106.09253989769152,standard
2016-05-01,107.8973702751553,standard
2016-06-01,107.71223810028768,standard
2016-07-01,112.22119599945277,standard
2016-08-01,112.35558783792324,standard
2016-09-01,111.79738919403907,standard
2016-10-01,110.41410378060834,standard
2016-11-01,114.48158137693211,standard
2016-12-01,116.11790915016485,standard
2017-01-01,118.89244678674756,standard
2017-02-01,123.56393676147903,standard
2017-03-01,123.18248224912378,standard
2017-04-01,124.94643465119017,standard
2017-05-01,126.70978267458806,standard
2017-06-01,126.89870595201269,standard
2017-07-01,130.13857853433777,standard
2017-08-01,130.51826569695024,standard
2017-09-01,132.49064632437955,standard
2017-10-01,136.28566818548856,standard
2017-11-01,140.4513390009401,standard
2017-12-01,141.4318426608192,standard
2018-01-01,150.16648800866938,standard
2018-02-01,144.70634797230042,standard
2018-03-01,140.17843456035024,standard
2018-04-01,141.46723544193725,standard
2018-05-01,144.90616838026332,standard
2018-06-01,145.08801310146438,standard
2018-07-01,151.13863109696743,standard
2018-08-01,155.96291898780126,standard
2018-09-01,156.18324248423073,standard
2018-10-01,146.04849900726225,standard
2018-11-01,148.75756228808973,standard
2018-12-01,134.87210889511704,standard
2019-01-01,146.52137037185588,standard
2019-02-01,151.27095339636088,standard
2019-03-01,153.33365200572217,standard
2019-04-01,160.30069120773723,standard
2019-05-01,150.0781388360363,standard
2019-06-01,159.74458957468772,standard
2019-07-01,162.94851078348904,standard
2019-08-01,160.2202722158152,standard
2019-09-01,162.5869641381844,standard
2019-10-01,166.94828881168715,standard
2019-11-01,172.99154437613743,standard
2019-12-01,177.1469407542243,standard
2020-01-01,177.9459842975096,standard
2020-02-01,163.85877831628528,standard
2020-03-01,142.55921949439877,standard
2020-04-01,161.60664362335635,standard
2020-05-01,169.30640954566658,standard
2020-06-01,171.55409381385468,standard
2020-07-01,182.4566271311445,standard
2020-08-01,195.1914717408102,standard
2020-09-01,187.13369387268085,standard
2020-10-01,183.19821807191116,standard
2020-11-01,203.12595636056355,standard
2020-12-01,209.7573089984841,standard
2021-01-01,208.50477999426022,standard
2021-02-01,214.30243804523425,standard
2021-03-01,223.30022620245256,standard
2021-04-01,235.88516658782274,standard
2021-05-01,237.4340242846675,standard
2021-06-01,241.9674503626547,standard
2021-07-01,248.68541229522322,standard
2021-08-01,256.0862671796926,standard
2021-09-01,243.37158684014898,standard
2021-10-01,261.28178093177974,standard
2021-11-01,259.18242584044805,standard
2021-12-01,270.2196623427952,standard
2022-01-01,256.8672343064379,standard
2022-02-01,249.2852855954769,standard
2022-03-01,257.854953881329,standard
2022-04-01,235.9540291270226,standard
2022-05-01,236.48665156452577,standard
2022-06-01,216.05255383869283,standard
2022-07-01,236.967462267083,standard
2022-08-01,227.29875884430345,standard
2022-09-01,205.44202699081876,standard
2022-10-01,223.05193645672566,standard
2022-11-01,235.4517171954705,standard
2022-12-01,220.86879250453237,standard
2023-01-01,235.83668809280618,standard
2023-02-01,229.90712897605619,standard
2023-03-01,237.5250656895512,standard
2023-04-01,242.24050131928539,standard
2023-05-01,243.35874837206944,standard
2023-06-01,258.1693406759847,standard
2023-07-01,267.6104680583126,standard
2023-08-01,263.26124927268523,standard
2023-09-01,249.8921367221761,standard
2023-10-01,245.32964552458512,standard
2023-11-01,267.73899925514905,standard
2023-12-01,278.83224151411144,standard
2024-01-01,284.4215354404904,standard
2024-02-01,299.26459936195926,standard
2024-03-01,308.0938574431888,standard
2024-04-01,296.5902970118237,standard
2024-05-01,311.5917814024626,standard
2024-06-01,321.5473632332281,standard
2024-07-01,326.4909609675773,standard
2024-08-01,334.11961166655954,standard
2024-09-01,340.0944991834478,standard
2024-10-01,338.09352961354745,standard
2024-11-01,358.2551990759233,standard
2024-12-01,348.46268959862476,standard
2025-01-01,359.02547053168655,standard
2025-02-01,354.4676861619079,standard
2025-03-01,333.713139540229,standard
2025-04-01,331.81498760199577,standard
2025-05-01,352.6678831160958,standard
2025-06-01,369.69718614112094,standard
2025-07-01,382.39063996924625,standard
2015-08-01,100.0,US Indexes
2015-09-01,97.22545187511206,US Indexes
2015-10-01,106.83382304856406,US Indexes
2015-11-01,107.54335689686815,US Indexes
2015-12-01,104.76027776172022,US Indexes
2016-01-01,99.76546191281159,US Indexes
2016-02-01,99.3425188998866,US Indexes
2016-03-01,106.29848724241178,US Indexes
2016-04-01,105.37015946282371,US Indexes
2016-05-01,108.44202748992511,US Indexes
2016-06-01,107.35576872643021,US Indexes
2016-07-01,113.18137574892317,US Indexes
2016-08-01,114.16555352733964,US Indexes
2016-09-01,114.64784329621797,US Indexes
2016-10-01,113.60060004643753,US Indexes
2016-11-01,116.53992821322431,US Indexes
2016-12-01,118.01870483774059,US Indexes
2017-01-01,121.77802231364473,US Indexes
2017-02-01,126.97033320347543,US Indexes
2017-03-01,127.58670954595804,US Indexes
2017-04-01,129.9825323898157,US Indexes
2017-05-01,133.21073437018057,US Indexes
2017-06-01,131.97875643025128,US Indexes
2017-07-01,136.22385832013632,US Indexes
2017-08-01,138.01194569390665,US Indexes
2017-09-01,139.59234917904334,US Indexes
2017-10-01,146.057490006034,US Indexes
2017-11-01,149.4390400593033,US Indexes
2017-12-01,150.04540037744962,US Indexes
2018-01-01,160.19689712825445,US Indexes
2018-02-01,156.56475494726874,US Indexes
2018-03-01,151.50307881626563,US Indexes
2018-04-01,152.4170409991236,US Indexes
2018-05-01,158.79259591382709,US Indexes
2018-06-01,158.44730586226146,US Indexes
2018-07-01,164.21596797337398,US Indexes
2018-08-01,173.10981318888932,US Indexes
2018-09-01,173.16615813020962,US Indexes
2018-10-01,160.80178634581083,US Indexes
2018-11-01,161.6980967572572,US Indexes
2018-12-01,147.01599594360982,US Indexes
2019-01-01,159.50824264428175,US Indexes
2019-02-01,167.20299473971775,US Indexes
2019-03-01,171.06516304029205,US Indexes
2019-04-01,180.35065434533985,US Indexes
2019-05-01,167.03099804763534,US Indexes
2019-06-01,179.12903463839277,US Indexes
2019-07-01,184.0464827611012,US Indexes
2019-08-01,180.59270424945123,US Indexes
2019-09-01,182.86563056009177,US Indexes
2019-10-01,188.85585416291042,US Indexes
2019-11-01,197.22208082647285,US Indexes
2019-12-01,203.04979390651843,US Indexes
2020-01-01,207.04785216378045,US Indexes
2020-02-01,191.09975676954505,US Indexes
2020-03-01,168.72647715833523,US Indexes
2020-04-01,192.19384855352018,US Indexes
2020-05-01,203.9461455930492,US Indexes
2020-06-01,211.5946727697491,US Indexes
2020-07-01,224.93993438518942,US Indexes
2020-08-01,244.9167157051129,US Indexes
2020-09-01,233.68183791711704,US Indexes
2020-10-01,226.5829732339995,US Indexes
2020-11-01,252.9949636814513,US Indexes
2020-12-01,263.9210250187712,US Indexes
2021-01-01,262.4438920848575,US Indexes
2021-02-01,268.1302748317665,US Indexes
2021-03-01,274.8463465753727,US Indexes
2021-04-01,289.97827478669245,US Indexes
2021-05-01,289.3857255265089,US Indexes
2021-06-01,301.7195482484687,US Indexes
2021-07-01,311.16004962647014,US Indexes
2021-08-01,321.1744267382596,US Indexes
2021-09-01,303.7405976955468,US Indexes
2021-10-01,327.6268722221853,US Indexes
2021-11-01,331.052112134957,US Indexes
2021-12-01,342.05508644393154,US Indexes
2022-01-01,320.7873446428805,US Indexes
2022-02-01,309.21594861914286,US Indexes
2022-03-01,319.3841267954496,US Indexes
2022-04-01,287.5788603048627,US Indexes
2022-05-01,285.80400171309174,US Indexes
2022-06-01,259.9259570715066,US Indexes
2022-07-01,289.55966394673095,US Indexes
2022-08-01,275.6462882631648,US Indexes
2022-09-01,246.20641177895504,US Indexes
2022-10-01,266.3608335230755,US Indexes
2022-11-01,280.90887012852033,US Indexes
2022-12-01,261.0411933826727,US Indexes
2023-01-01,282.37515990776933,US Indexes
2023-02-01,279.0437813339227,US Indexes
2023-03-01,295.986990403369,US Indexes
2023-04-01,299.04646754101714,US Indexes
2023-05-01,311.4118569941501,US Indexes
2023-06-01,330.33734745719715,US Indexes
2023-07-01,341.4483832695898,US Indexes
2023-08-01,334.9893487317924,US Indexes
2023-09-01,315.31351176379,US Indexes
2023-10-01,310.0621309917073,US Indexes
2023-11-01,344.49419106326997,US Indexes
2023-12-01,359.7847149021159,US Indexes
2024-01-01,367.38315820982484,US Indexes
2024-02-01,385.8647289679872,US Indexes
2024-03-01,394.11783802228456,US Indexes
2024-04-01,376.2624750162663,US Indexes
2024-05-01,400.6029395692455,US Indexes
2024-06-01,422.35984509662654,US Indexes
2024-07-01,422.8316173973779,US Indexes
2024-08-01,430.1415141136574,US Indexes
2024-09-01,438.73573859215895,US Indexes
2024-10-01,436.1459012578469,US Indexes
2024-11-01,463.9544834496948,US Indexes
2024-12-01,457.3490578508667,US Indexes
2025-01-01,462.8047832443761,US Indexes
2025-02-01,453.21581053638585,US Indexes
2025-03-01,418.9834830833059,US Indexes
2025-04-01,420.6312277826264,US Indexes
2025-05-01,455.1554381530968,US Indexes
2025-06-01,487.1446387042142,US Indexes
2025-07-01,508.3496870076796,US Indexes
2015-08-01,100.0,US Indicators
2015-09-01,91.2168524900361,US Indicators
2015-10-01,97.95192338099987,US Indicators
2015-11-01,94.34761331308381,US Indicators
2015-12-01,88.76672529112201,US Indicators
2016-01-01,84.32508781534631,US Indicators
2016-02-01,88.5505055685315,US Indicators
2016-03-01,101.30550980638864,US Indicators
2016-04-01,113.40144514295108,US Indicators
2016-05-01,106.3551266307453,US Indicators
2016-06-01,114.78079914937568,US Indicators
2016-07-01,128.47482045140995,US Indicators
2016-08-01,116.88149420033047,US Indicators
2016-09-01,119.62363211970364,US Indicators
2016-10-01,116.58963681622367,US Indicators
2016-11-01,140.84732248150755,US Indicators
2016-12-01,141.27994728858624,US Indicators
2017-01-01,146.12329342901427,US Indicators
2017-02-01,157.3092979728814,US Indicators
2017-03-01,147.5871958380015,US Indicators
2017-04-01,140.83580291882254,US Indicators
2017-05-01,139.9406449936374,US Indicators
2017-06-01,143.41245006795367,US Indicators
2017-07-01,146.17406540191206,US Indicators
2017-08-01,151.45204993598412,US Indicators
2017-09-01,154.52202486783335,US Indicators
2017-10-01,152.61063567773806,US Indicators
2017-11-01,163.10668819160853,US Indicators
2017-12-01,171.6925183360535,US Indicators
2018-01-01,177.04745480118527,US Indicators
2018-02-01,174.45093317184998,US Indicators
2018-03-01,169.68971215579396,US Indicators
2018-04-01,172.2593755223716,US Indicators
2018-05-01,182.04088203041218,US Indicators
2018-06-01,177.87958245282195,US Indicators
2018-07-01,193.82147838955706,US Indicators
2018-08-01,188.49810158072526,US Indicators
2018-09-01,203.1776733830542,US Indicators
2018-10-01,180.64573265554662,US Indicators
2018-11-01,179.7042169612155,US Indicators
2018-12-01,158.81258321942343,US Indicators
2019-01-01,179.48324870983404,US Indicators
2019-02-01,188.83900378043563,US Indicators
2019-03-01,185.75838124424473,US Indicators
2019-04-01,189.88714071755467,US Indicators
2019-05-01,174.94561968127465,US Indicators
2019-06-01,191.01058628406903,US Indicators
2019-07-01,187.75866964558276,US Indicators
2019-08-01,171.79415773313255,US Indicators
2019-09-01,175.67083227551717,US Indicators
2019-10-01,176.98328344835164,US Indicators
2019-11-01,185.6781467498139,US Indicators
2019-12-01,189.197430923513,US Indicators
2020-01-01,183.56089265636757,US Indicators
2020-02-01,163.42162343201628,US Indicators
2020-03-01,136.15339999515726,US Indicators
2020-04-01,152.496643326661,US Indicators
2020-05-01,160.28441856800708,US Indicators
2020-06-01,158.80188705609294,US Indicators
2020-07-01,160.87640957759845,US Indicators
2020-08-01,173.44457797881233,US Indicators
2020-09-01,172.79307963473218,US Indicators
2020-10-01,176.17750894369425,US Indicators
2020-11-01,206.29183439188077,US Indicators
2020-12-01,221.2507782402816,US Indicators
2021-01-01,217.32019245106818,US Indicators
2021-02-01,224.72972205061924,US Indicators
2021-03-01,262.11415299399835,US Indicators
2021-04-01,257.4699479425792,US Indicators
2021-05-01,269.49970288272226,US Indicators
2021-06-01,266.99298344084116,US Indicators
2021-07-01,276.25329861214755,US Indicators
2021-08-01,272.3964743947199,US Indicators
2021-09-01,250.22381350762083,US Indicators
2021-10-01,284.032579183347,US Indicators
2021-11-01,263.4939531453275,US Indicators
2021-12-01,280.93049189546093,US Indicators
2022-01-01,268.51888888738813,US Indicators
2022-02-01,286.7977257729891,US Indicators
2022-03-01,339.15429873366486,US Indicators
2022-04-01,303.55443659634005,US Indicators
2022-05-01,297.34339859462204,US Indicators
2022-06-01,250.99388860627514,US Indicators
2022-07-01,276.74307095644934,US Indicators
2022-08-01,274.6929310081991,US Indicators
2022-09-01,238.15585335636746,US Indicators
2022-10-01,271.9800114229607,US Indicators
2022-11-01,295.8071484313695,US Indicators
2022-12-01,291.9079105060747,US Indicators
2023-01-01,309.78259998898494,US Indicators
2023-02-01,300.6667246153033,US Indicators
2023-03-01,286.9182002166694,US Indicators
2023-04-01,279.25343594670596,US Indicators
2023-05-01,264.2077761402789,US Indicators
2023-06-01,293.1824494900392,US Indicators
2023-07-01,303.7655750882624,US Indicators
2023-08-01,297.635864407224,US Indicators
2023-09-01,294.7682444886203,US Indicators
2023-10-01,291.11457737075347,US Indicators
2023-11-01,303.85439659391596,US Indicators
2023-12-01,336.87680089282037,US Indicators
2024-01-01,333.37922404912734,US Indicators
2024-02-01,345.79406875603695,US Indicators
2024-03-01,360.80293959970004,US Indicators
2024-04-01,330.6303573841172,US Indicators
2024-05-01,334.4930221577346,US Indicators
2024-06-01,326.6677895210239,US Indicators
2024-07-01,341.1949185151525,US Indicators
2024-08-01,338.8295774753312,US Indicators
2024-09-01,341.8094336076603,US Indicators
2024-10-01,337.59100056905635,US Indicators
2024-11-01,351.5269527893599,US Indicators
2024-12-01,314.07903364504784,US Indicators
2025-01-01,322.520926351358,US Indicators
2025-02-01,320.0269483252354,US Indicators
2025-03-01,310.87675697791684,US Indicators
2025-04-01,298.9421567324341,US Indicators
2025-05-01,312.88896932367044,US Indicators
2025-06-01,330.3637687238318,US Indicators
2025-07-01,348.9096625665287,US Indicators
2015-08-01,100.0,US Bonds
2015-09-01,99.86907280164951,US Bonds
2015-10-01,100.41177687651285,US Bonds
2015-11-01,99.43952664949614,US Bonds
2015-12-01,97.97279843012763,US Bonds
2016-01-01,100.48002427681917,US Bonds
2016-02-01,101.97498847143166,US Bonds
2016-03-01,103.074900019432,US Bonds
2016-04-01,103.87716736275881,US Bonds
2016-05-01,103.9440671491905,US Bonds
2016-06-01,107.58719881855043,US Bonds
2016-07-01,108.72343341489464,US Bonds
2016-08-01,108.5540296484937,US Bonds
2016-09-01,108.73276174633648,US Bonds
2016-10-01,106.8594425447031,US Bonds
2016-11-01,103.09346741249607,US Bonds
2016-12-01,103.1718439512015,US Bonds
2017-01-01,104.46856094266496,US Bonds
2017-02-01,105.32056670144848,US Bonds
2017-03-01,105.08734798329552,US Bonds
2017-04-01,106.1531400658013,US Bonds
2017-05-01,107.10703957079588,US Bonds
2017-06-01,106.91597194316093,US Bonds
2017-07-01,107.29063858280895,US Bonds
2017-08-01,108.84739597496517,US Bonds
2017-09-01,107.83804138392327,US Bonds
2017-10-01,107.93513601707997,US Bonds
2017-11-01,107.92469615927939,US Bonds
2017-12-01,108.43049087567009,US Bonds
2018-01-01,107.36844358497548,US Bonds
2018-02-01,105.56765237803083,US Bonds
2018-03-01,106.71051134698071,US Bonds
2018-04-01,105.87439196563477,US Bonds
2018-05-01,106.56668500006008,US Bonds
2018-06-01,106.99046203003246,US Bonds
2018-07-01,106.83942335574332,US Bonds
2018-08-01,107.78106243709638,US Bonds
2018-09-01,106.6729191610934,US Bonds
2018-10-01,104.9366231631639,US Bonds
2018-11-01,105.64435992937393,US Bonds
2018-12-01,106.96147400786143,US Bonds
2019-01-01,109.69603367642972,US Bonds
2019-02-01,109.32923877438523,US Bonds
2019-03-01,112.38218311088806,US Bonds
2019-04-01,112.1505096674571,US Bonds
2019-05-01,114.69665525384478,US Bonds
2019-06-01,116.32358379360943,US Bonds
2019-07-01,116.57524370663414,US Bonds
2019-08-01,121.8119552939061,US Bonds
2019-09-01,120.48375209902683,US Bonds
2019-10-01,120.1252670389205,US Bonds
2019-11-01,120.11412212831485,US Bonds
2019-12-01,119.35849052264714,US Bonds
2020-01-01,123.60029784465677,US Bonds
2020-02-01,126.18955839884995,US Bonds
2020-03-01,125.65168444897444,US Bonds
2020-04-01,128.32533721549984,US Bonds
2020-05-01,128.96849440052506,US Bonds
2020-06-01,129.3897109519751,US Bonds
2020-07-01,133.56657546680708,US Bonds
2020-08-01,131.7088710485176,US Bonds
2020-09-01,131.68982847281706,US Bonds
2020-10-01,129.8468848014369,US Bonds
2020-11-01,132.01820349220674,US Bonds
2020-12-01,132.2918011476353,US Bonds
2021-01-01,131.14390193669382,US Bonds
2021-02-01,127.77440354072246,US Bonds
2021-03-01,125.67177277295997,US Bonds
2021-04-01,127.30333785811291,US Bonds
2021-05-01,127.6884602750247,US Bonds
2021-06-01,129.97144940795656,US Bonds
2021-07-01,132.67842903667403,US Bonds
2021-08-01,132.6218525457854,US Bonds
2021-09-01,130.7891364881094,US Bonds
2021-10-01,131.6516566950942,US Bonds
2021-11-01,132.79527578668535,US Bonds
2021-12-01,132.47579036302793,US Bonds
2022-01-01,129.55641824408437,US Bonds
2022-02-01,128.58346735107068,US Bonds
2022-03-01,124.81463507964527,US Bonds
2022-04-01,118.42553235492767,US Bonds
2022-05-01,118.11597861049637,US Bonds
2022-06-01,113.96140332472552,US Bonds
2022-07-01,118.96120203893695,US Bonds
2022-08-01,114.30774266921301,US Bonds
2022-09-01,107.58533804378797,US Bonds
2022-10-01,107.58394833250196,US Bonds
2022-11-01,111.68596940839063,US Bonds
2022-12-01,109.31715528681912,US Bonds
2023-01-01,114.5444333987603,US Bonds
2023-02-01,111.1497313054863,US Bonds
2023-03-01,114.76186570543885,US Bonds
2023-04-01,115.15644809950648,US Bonds
2023-05-01,113.13339356756384,US Bonds
2023-06-01,113.35729356170603,US Bonds
2023-07-01,113.01709530832024,US Bonds
2023-08-01,112.04086666140914,US Bonds
2023-09-01,108.31325757152791,US Bonds
2023-10-01,106.204372282653,US Bonds
2023-11-01,111.50017517477184,US Bonds
2023-12-01,115.93788247931677,US Bonds
2024-01-01,116.41999790255753,US Bonds
2024-02-01,114.740898251026,US Bonds
2024-03-01,115.76889868526942,US Bonds
2024-04-01,112.50891811092528,US Bonds
2024-05-01,114.48867262440164,US Bonds
2024-06-01,115.58706804133804,US Bonds
2024-07-01,118.58777971822238,US Bonds
2024-08-01,120.35052317120628,US Bonds
2024-09-01,122.33080532350291,US Bonds
2024-10-01,119.06936607240715,US Bonds
2024-11-01,120.56338378155382,US Bonds
2024-12-01,117.2681277933963,US Bonds
2025-01-01,119.33878002846336,US Bonds
2025-02-01,121.94289047203023,US Bonds
2025-03-01,121.54425181753754,US Bonds
2025-04-01,121.3785441543754,US Bonds
2025-05-01,120.84961081509107,US Bonds
2025-06-01,123.00020654252161,US Bonds
2025-07-01,123.38341264585142,US Bonds
2015-08-01,100.0,India
2015-09-01,100.90263906588869,India
2015-10-01,100.20804084620731,India
2015-11-01,98.00791653869865,India
2015-12-01,98.8294851993608,India
2016-01-01,92.86352073358218,India
2016-02-01,86.16504083056141,India
2016-03-01,97.82960624117734,India
2016-04-01,98.57914643173936,India
2016-05-01,101.74860789542274,India
2016-06-01,102.81421596128465,India
2016-07-01,106.5075884500169,India
2016-08-01,107.43122081223149,India
2016-09-01,105.72343488232045,India
2016-10-01,105.66859928166858,India
2016-11-01,100.23876869095135,India
2016-12-01,99.66194151885279,India
2017-01-01,103.70180576112628,India
2017-02-01,110.41853881803146,India
2017-03-01,113.45147199502063,India
2017-04-01,116.85172877629927,India
2017-05-01,124.50991653432663,India
2017-06-01,124.11702898439816,India
2017-07-01,134.519478007713,India
2017-08-01,134.3992492291521,India
2017-09-01,131.8676085239468,India
2017-10-01,142.12377714874512,India
2017-11-01,145.20918988951559,India
2017-12-01,152.88702692058908,India
2018-01-01,158.53315935081883,India
2018-02-01,149.17060005149062,India
2018-03-01,145.17766076570427,India
2018-04-01,152.14351465125793,India
2018-05-01,152.79469864040522,India
2018-06-01,154.7249508470615,India
2018-07-01,166.65190969073788,India
2018-08-01,172.19754672833886,India
2018-09-01,161.4325810221692,India
2018-10-01,150.82779063374295,India
2018-11-01,164.5531012342176,India
2018-12-01,163.2313912756334,India
2019-01-01,165.27196168866377,India
2019-02-01,165.138827588914,India
2019-03-01,175.45649479449432,India
2019-04-01,178.3392395555423,India
2019-05-01,183.0450782546939,India
2019-06-01,182.61524283650527,India
2019-07-01,170.56159535492327,India
2019-08-01,173.99145490346848,India
2019-09-01,182.5389587692385,India
2019-10-01,193.1408469057657,India
2019-11-01,193.95862067271634,India
2019-12-01,195.81524029462648,India
2020-01-01,192.39634575468278,India
2020-02-01,185.35012448736867,India
2020-03-01,147.05702638384884,India
2020-04-01,168.08403191752097,India
2020-05-01,165.21321888665844,India
2020-06-01,177.85050574521875,India
2020-07-01,194.9627932749898,India
2020-08-01,198.4917806435375,India
2020-09-01,199.41182611233125,India
2020-10-01,203.38278847936294,India
2020-11-01,215.52928701217917,India
2020-12-01,232.9400316854404,India
2021-01-01,231.66400613970208,India
2021-02-01,240.553348030467,India
2021-03-01,243.58288491876246,India
2021-04-01,237.13340521373385,India
2021-05-01,251.81807301806293,India
2021-06-01,255.4796804201701,India
2021-07-01,253.1637543860088,India
2021-08-01,280.95154446734665,India
2021-09-01,284.43480623093336,India
2021-10-01,280.7000190195222,India
2021-11-01,271.3225170229365,India
2021-12-01,279.4173848984635,India
2022-01-01,286.6579727055956,India
2022-02-01,272.6685710512595,India
2022-03-01,281.97300643698804,India
2022-04-01,275.956638321583,India
2022-05-01,269.8519309670365,India
2022-06-01,262.6536623951534,India
2022-07-01,279.47186476295974,India
2022-08-01,285.6577986074063,India
2022-09-01,275.1879510259681,India
2022-10-01,292.6291500334845,India
2022-11-01,308.0019389879336,India
2022-12-01,292.31683529495115,India
2023-01-01,287.26652703881837,India
2023-02-01,281.0163548783895,India
2023-03-01,281.94738732099734,India
2023-04-01,287.4631618411034,India
2023-05-01,293.9591491465409,India
2023-06-01,305.0834647985091,India
2023-07-01,314.8262690474528,India
2023-08-01,306.7989403737844,India
2023-09-01,314.14478386422775,India
2023-10-01,305.24886442238176,India
2023-11-01,320.4188246582511,India
2023-12-01,341.2961368914772,India
2024-01-01,347.9173173975605,India
2024-02-01,353.8274852952626,India
2024-03-01,359.62569013357046,India
2024-04-01,362.2113524003815,India
2024-05-01,360.6389708437303,India
2024-06-01,382.6541051014998,India
2024-07-01,396.6926194695298,India
2024-08-01,402.22845572445124,India
2024-09-01,408.2599590428602,India
2024-10-01,380.08142533507714,India
2024-11-01,385.0761622090878,India
2024-12-01,370.5658527345116,India
2025-01-01,375.6232472506705,India
2025-02-01,352.80071270777825,India
2025-03-01,372.26601127803434,India
2025-04-01,389.34288866078185,India
2025-05-01,396.7696890629259,India
2025-06-01,405.8485174576382,India
2025-07-01,392.8018457193485,India
2015-08-01,100.0,Japan
2015-09-01,97.56596247115719,Japan
2015-10-01,106.99123594668526,Japan
2015-11-01,105.2764989879506,Japan
2015-12-01,102.56578453493876,Japan
2016-01-01,96.45216442914676,Japan
2016-02-01,84.86980017135292,Japan
2016-03-01,91.80591763253231,Japan
2016-04-01,88.96562474342856,Japan
2016-05-01,97.1475399564425,Japan
2016-06-01,92.84016689861662,Japan
2016-07-01,103.23166256890023,Japan
2016-08-01,106.11324248927306,Japan
2016-09-01,105.58713429800244,Japan
2016-10-01,105.45502367134978,Japan
2016-11-01,103.99997948581856,Japan
2016-12-01,104.4524454008276,Japan
2017-01-01,106.63686955430083,Japan
2017-02-01,106.46726722788337,Japan
2017-03-01,105.91568611151536,Japan
2017-04-01,107.36148734109537,Japan
2017-05-01,108.61724826017598,Japan
2017-06-01,112.876671114323,Japan
2017-07-01,117.66057859442839,Japan
2017-08-01,114.92616942374616,Japan
2017-09-01,114.0807367609433,Japan
2017-10-01,122.67567459941625,Japan
2017-11-01,127.00369357440051,Japan
2017-12-01,127.47667345209345,Japan
2018-01-01,136.29060054594225,Japan
2018-02-01,136.13465230118027,Japan
2018-03-01,132.05035342079634,Japan
2018-04-01,130.57891286658014,Japan
2018-05-01,129.10746961291912,Japan
2018-06-01,131.2664313045446,Japan
2018-07-01,134.58527245691002,Japan
2018-08-01,135.02397841798123,Japan
2018-09-01,139.28023449940446,Japan
2018-10-01,130.04621794680477,Japan
2018-11-01,127.5435160801159,Japan
2018-12-01,117.16529677402337,Japan
2019-01-01,125.06433213626778,Japan
2019-02-01,121.84409299974581,Japan
2019-03-01,113.89718474517171,Japan
2019-04-01,123.74032923993792,Japan
2019-05-01,115.24543112317595,Japan
2019-06-01,122.70978802263409,Japan
2019-07-01,126.16867277716699,Japan
2019-08-01,124.35885359245566,Japan
2019-09-01,128.71891537387285,Japan
2019-10-01,132.8696816949634,Japan
2019-11-01,136.23003946274412,Japan
2019-12-01,140.07943413833672,Japan
2020-01-01,139.5467070846925,Japan
2020-02-01,124.60505678975377,Japan
2020-03-01,111.6107921717269,Japan
2020-04-01,119.93271060970407,Japan
2020-05-01,123.5979658887913,Japan
2020-06-01,127.17454135128388,Japan
2020-07-01,132.921033818977,Japan
2020-08-01,140.09886219559553,Japan
2020-09-01,135.85421688142313,Japan
2020-10-01,143.0918628847229,Japan
2020-11-01,157.56209426100654,Japan
2020-12-01,173.49514668328354,Japan
2021-01-01,164.1220295690554,Japan
2021-02-01,179.45130093737015,Japan
2021-03-01,182.76559626466502,Japan
2021-04-01,174.0834922758623,Japan
2021-05-01,178.32885172696876,Japan
2021-06-01,176.65719994132496,Japan
2021-07-01,186.83073105315032,Japan
2021-08-01,183.52314748219706,Japan
2021-09-01,191.2011957039607,Japan
2021-10-01,195.55922797289338,Japan
2021-11-01,201.55105443630043,Japan
2021-12-01,208.63479932708816,Japan
2022-01-01,199.67136203930602,Japan
2022-02-01,184.92399920228402,Japan
2022-03-01,180.88151201150686,Japan
2022-04-01,160.28335893740544,Japan
2022-05-01,167.27599552135663,Japan
2022-06-01,151.14457259212247,Japan
2022-07-01,158.18710629444305,Japan
2022-08-01,148.0172629981775,Japan
2022-09-01,123.98887778981867,Japan
2022-10-01,130.56161433638118,Japan
2022-11-01,153.56593180209074,Japan
2022-12-01,146.19272657560953,Japan
2023-01-01,165.8644636945175,Japan
2023-02-01,157.73497491944872,Japan
2023-03-01,163.84356893563148,Japan
2023-04-01,162.87100527995835,Japan
2023-05-01,166.45038957088278,Japan
2023-06-01,171.93917829741872,Japan
2023-07-01,180.62159754592247,Japan
2023-08-01,169.97602550406438,Japan
2023-09-01,173.90544245681787,Japan
2023-10-01,172.00966042469537,Japan
2023-11-01,179.83148188994855,Japan
2023-12-01,186.3294834420148,Japan
2024-01-01,195.73455168102876,Japan
2024-02-01,197.06373026275764,Japan
2024-03-01,202.00857555771336,Japan
2024-04-01,190.90719189877169,Japan
2024-05-01,193.30417002425614,Japan
2024-06-01,193.00818163371804,Japan
2024-07-01,196.29474884042932,Japan
2024-08-01,200.05372634337013,Japan
2024-09-01,193.8165234848763,Japan
2024-10-01,184.16964052391336,Japan
2024-11-01,201.61250048255127,Japan
2024-12-01,214.6467526152353,Japan
2025-01-01,217.7148048299552,Japan
2025-02-01,232.92723345565855,Japan
2025-03-01,232.9842135362888,Japan
2025-04-01,235.77052415352307,Japan
2025-05-01,241.64539772541977,Japan
2025-06-01,233.60716420329783,Japan
2025-07-01,226.6043551248003,Japan
2015-08-01,100.0,China
2015-09-01,99.60737092484327,China
2015-10-01,116.94610458429703,China
2015-11-01,123.91692112124434,China
2015-12-01,124.7301927925823,China
2016-01-01,106.30475328141598,China
2016-02-01,103.98905841293457,China
2016-03-01,112.21956985278646,China
2016-04-01,116.72475296446345,China
2016-05-01,117.70231270187085,China
2016-06-01,114.29932062880698,China
2016-07-01,121.12004479975842,China
2016-08-01,141.8172245597971,China
2016-09-01,148.8945834418161,China
2016-10-01,149.25558732371866,China
2016-11-01,139.91312644921453,China
2016-12-01,131.07510345505943,China
2017-01-01,148.67201309666763,China
2017-02-01,161.40852949826063,China
2017-03-01,170.1547709743615,China
2017-04-01,178.51434903037622,China
2017-05-01,188.62562280214388,China
2017-06-01,193.26178869141074,China
2017-07-01,217.072447140525,China
2017-08-01,212.03791226455033,China
2017-09-01,204.54772980894955,China
2017-10-01,209.52240179907523,China
2017-11-01,210.9202847327404,China
2017-12-01,214.71261814244812,China
2018-01-01,241.32810990666576,China
2018-02-01,228.94015743460264,China
2018-03-01,224.5191754816643,China
2018-04-01,214.96228090400993,China
2018-05-01,227.68028468348257,China
2018-06-01,224.2758721274091,China
2018-07-01,218.27025245127197,China
2018-08-01,207.29169398935363,China
2018-09-01,202.13731973785184,China
2018-10-01,171.79150089878246,China
2018-11-01,180.57087018336364,China
2018-12-01,163.1380459584131,China
2019-01-01,189.16815324648434,China
2019-02-01,191.1993465092336,China
2019-03-01,203.20686736321025,China
2019-04-01,208.53653419175703,China
2019-05-01,173.34024979991074,China
2019-06-01,194.65373750775285,China
2019-07-01,190.03949026791892,China
2019-08-01,190.6068793960342,China
2019-09-01,183.50847431795273,China
2019-10-01,192.09873848026592,China
2019-11-01,207.90759024706858,China
2019-12-01,213.61506277306592,China
2020-01-01,210.5096072540158,China
2020-02-01,210.1857465375156,China
2020-03-01,197.05820551582778,China
2020-04-01,209.4697017719123,China
2020-05-01,218.44099048082208,China
2020-06-01,236.48063891657154,China
2020-07-01,255.94234147517886,China
2020-08-01,278.2888623044942,China
2020-09-01,266.1193379285916,China
2020-10-01,277.8325345712352,China
2020-11-01,273.3323373900577,China
2020-12-01,277.51644221973106,China
2021-01-01,313.7184583524298,China
2021-02-01,312.90665088378876,China
2021-03-01,286.9938967180765,China
2021-04-01,289.06108006484067,China
2021-05-01,285.65782150469124,China
2021-06-01,289.4091734512207,China
2021-07-01,248.25306587080075,China
2021-08-01,244.45904107259145,China
2021-09-01,223.86922608582296,China
2021-10-01,242.32696101868189,China
2021-11-01,238.51552577293927,China
2021-12-01,221.85377739112002,China
2022-01-01,232.3014059983071,China
2022-02-01,212.10084265888494,China
2022-03-01,187.8852156145878,China
2022-04-01,189.21951504272545,China
2022-05-01,194.44699125811024,China
2022-06-01,197.4272999927733,China
2022-07-01,180.43397523729342,China
2022-08-01,184.14188876989982,China
2022-09-01,154.11502393566485,China
2022-10-01,118.89625896682665,China
2022-11-01,162.313939294928,China
2022-12-01,171.22130987478812,China
2023-01-01,199.67371886429996,China
2023-02-01,174.14467543657935,China
2023-03-01,190.09184858110316,China
2023-04-01,175.01883863464278,China
2023-05-01,164.62984868530282,China
2023-06-01,180.41431353291415,China
2023-07-01,204.67649140543756,China
2023-08-01,184.92049088706554,China
2023-09-01,173.42557215926283,China
2023-10-01,170.7815600919617,China
2023-11-01,178.68490260687935,China
2023-12-01,163.86802276741597,China
2024-01-01,155.65527694602184,China
2024-02-01,165.04262200875996,China
2024-03-01,167.8101928657631,China
2024-04-01,167.5985565980987,China
2024-05-01,169.53223625765372,China
2024-06-01,170.4536209357729,China
2024-07-01,170.3959270874898,China
2024-08-01,165.76496454543746,China
2024-09-01,199.87600608387402,China
2024-10-01,185.19302254977796,China
2024-11-01,183.32261755802,China
2024-12-01,185.4091265533657,China
2025-01-01,201.34758879410123,China
2025-02-01,216.50711518364125,China
2025-03-01,219.24103580498453,China
2025-04-01,210.5373062754042,China
2025-05-01,222.54209870142967,China
2025-06-01,238.95196106033953,China
2025-07-01,243.31099265519242,China
2015-08-01,100.0,Germany
2015-09-01,91.62787528155941,Germany
2015-10-01,103.73087519767435,Germany
2015-11-01,106.36030281586582,Germany
2015-12-01,103.47591221939966,Germany
2016-01-01,92.71722706337711,Germany
2016-02-01,90.40597285698246,Germany
2016-03-01,98.85497051297446,Germany
2016-04-01,98.84053471821485,Germany
2016-05-01,97.88647408460261,Germany
2016-06-01,90.52253627047978,Germany
2016-07-01,98.2943501780757,Germany
2016-08-01,99.06818495143486,Germany
2016-09-01,99.44987054625997,Germany
2016-10-01,97.57654965174775,Germany
2016-11-01,94.45237575922523,Germany
2016-12-01,101.83071835514258,Germany
2017-01-01,106.2145511602514,Germany
2017-02-01,104.13587691192642,Germany
2017-03-01,106.97915458943125,Germany
2017-04-01,110.33755858151814,Germany
2017-05-01,114.75604206927588,Germany
2017-06-01,113.40694239821383,Germany
2017-07-01,113.03072419502011,Germany
2017-08-01,113.34114076360778,Germany
2017-09-01,122.07133413211035,Germany
2017-10-01,125.63021921619655,Germany
2017-11-01,126.86989664541866,Germany
2017-12-01,125.84493756740228,Germany
2018-01-01,134.97083925146495,Germany
2018-02-01,124.74515041238747,Germany
2018-03-01,124.13892658490862,Germany
2018-04-01,124.3350663911376,Germany
2018-05-01,124.65119200887601,Germany
2018-06-01,119.616167687152,Germany
2018-07-01,123.31974446423513,Germany
2018-08-01,116.18264432808941,Germany
2018-09-01,116.18735840803343,Germany
2018-10-01,106.60246023296774,Germany
2018-11-01,105.06283561417557,Germany
2018-12-01,97.2394305395576,Germany
2019-01-01,105.2070272237885,Germany
2019-02-01,108.02240921575675,Germany
2019-03-01,104.85986984306992,Germany
2019-04-01,114.16649702075237,Germany
2019-05-01,102.24417510862584,Germany
2019-06-01,113.23448845448169,Germany
2019-07-01,108.31520731035253,Germany
2019-08-01,105.52039078528534,Germany
2019-09-01,109.52306273612807,Germany
2019-10-01,118.35738564213115,Germany
2019-11-01,120.0248264440785,Germany
2019-12-01,121.08126063075761,Germany
2020-01-01,115.15302588827818,Germany
2020-02-01,105.15034988943718,Germany
2020-03-01,85.21896696902077,Germany
2020-04-01,96.06972173057787,Germany
2020-05-01,103.22087958918634,Germany
2020-06-01,110.20364146246094,Germany
2020-07-01,114.76051615832081,Germany
2020-08-01,124.78590750415242,Germany
2020-09-01,120.16320807475961,Germany
2020-10-01,102.46407402285443,Germany
2020-11-01,121.37100051784448,Germany
2020-12-01,128.1042165217217,Germany
2021-01-01,126.52776403192142,Germany
2021-02-01,131.05243374268272,Germany
2021-03-01,146.69380891433542,Germany
2021-04-01,149.54867573283235,Germany
2021-05-01,157.03745039711816,Germany
2021-06-01,151.61721871982695,Germany
2021-07-01,153.3169020963017,Germany
2021-08-01,151.68842914498063,Germany
2021-09-01,144.68013289560514,Germany
2021-10-01,154.45023051324,Germany
2021-11-01,142.69808789578298,Germany
2021-12-01,146.32023318885004,Germany
2022-01-01,142.02307570932695,Germany
2022-02-01,130.23127162646378,Germany
2022-03-01,125.67543947936461,Germany
2022-04-01,117.81263954783397,Germany
2022-05-01,122.19769745250984,Germany
2022-06-01,108.01891218958406,Germany
2022-07-01,114.8200674889368,Germany
2022-08-01,106.72923713059103,Germany
2022-09-01,96.69213069354566,Germany
2022-10-01,109.77602475300526,Germany
2022-11-01,124.11062706846356,Germany
2022-12-01,114.07646717861326,Germany
2023-01-01,132.13700217597952,Germany
2023-02-01,131.4886079427427,Germany
2023-03-01,135.76983695895981,Germany
2023-04-01,137.50808775262544,Germany
2023-05-01,130.36959201531866,Germany
2023-06-01,140.2020066886757,Germany
2023-07-01,144.7942913124117,Germany
2023-08-01,139.16974412809307,Germany
2023-09-01,131.2960465601307,Germany
2023-10-01,124.77722935815284,Germany
2023-11-01,139.64806932324564,Germany
2023-12-01,143.41463637555404,Germany
2024-01-01,146.90174613997695,Germany
2024-02-01,159.49567029011934,Germany
2024-03-01,163.6948421825288,Germany
2024-04-01,156.41610752379907,Germany
2024-05-01,159.7489395330824,Germany
2024-06-01,157.69903754299554,Germany
2024-07-01,159.21145007248964,Germany
2024-08-01,163.53311470738404,Germany
2024-09-01,164.04297446594543,Germany
2024-10-01,160.37954617732018,Germany
2024-11-01,160.1090065089142,Germany
2024-12-01,161.27513548341136,Germany
2025-01-01,177.06120547201436,Germany
2025-02-01,180.2241393426638,Germany
2025-03-01,175.1161606944755,Germany
2025-04-01,185.80335196760322,Germany
2025-05-01,194.64179645145973,Germany
2025-06-01,196.86672563084934,Germany
2025-07-01,192.4806925210092,Germany
2015-08-01,100.0,UK
2015-09-01,96.57250160359477,UK
2015-10-01,106.37214397784531,UK
2015-11-01,104.01870162629858,UK
2015-12-01,102.02394506893103,UK
2016-01-01,101.56636526875803,UK
2016-02-01,94.13984346444944,UK
2016-03-01,98.74471147118389,UK
2016-04-01,104.85874593236323,UK
2016-05-01,102.87806885607401,UK
2016-06-01,108.71702194496018,UK
2016-07-01,109.23424506102668,UK
2016-08-01,110.53268286153434,UK
2016-09-01,113.66866078286485,UK
2016-10-01,108.23864988313379,UK
2016-11-01,107.12376579273283,UK
2016-12-01,111.29704333760047,UK
2017-01-01,112.62112192935729,UK
2017-02-01,114.90561103994534,UK
2017-03-01,119.33645069723042,UK
2017-04-01,119.86915442885095,UK
2017-05-01,128.14270298327554,UK
2017-06-01,128.69830477823862,UK
2017-07-01,131.8924730616857,UK
2017-08-01,130.925494037547,UK
2017-09-01,136.46257636981272,UK
2017-10-01,134.1743705184237,UK
2017-11-01,133.5881030792401,UK
2017-12-01,137.4602948936825,UK
2018-01-01,142.00571728758823,UK
2018-02-01,131.25772047887529,UK
2018-03-01,137.9685119638954,UK
2018-04-01,144.5868293053362,UK
2018-05-01,144.11086085302378,UK
2018-06-01,144.49667106086432,UK
2018-07-01,147.06071327508653,UK
2018-08-01,140.80761986841566,UK
2018-09-01,143.81153383280707,UK
2018-10-01,136.8746936746222,UK
2018-11-01,138.55116106759075,UK
2018-12-01,132.2472953985598,UK
2019-01-01,137.023911938053,UK
2019-02-01,138.75341570718558,UK
2019-03-01,145.93076225196634,UK
2019-04-01,149.97186430129008,UK
2019-05-01,143.06590674819844,UK
2019-06-01,148.25906962492562,UK
2019-07-01,144.75782384454976,UK
2019-08-01,141.01442876853162,UK
2019-09-01,144.3598021152315,UK
2019-10-01,146.31931139111083,UK
2019-11-01,145.4539704188525,UK
2019-12-01,147.79035622258237,UK
2020-01-01,145.57397926558735,UK
2020-02-01,129.3946387059187,UK
2020-03-01,115.24404077975856,UK
2020-04-01,116.96394230780143,UK
2020-05-01,115.45753082683541,UK
2020-06-01,116.91882374836769,UK
2020-07-01,118.69390467443195,UK
2020-08-01,115.43317093878571,UK
2020-09-01,110.95727319991596,UK
2020-10-01,103.07345222803131,UK
2020-11-01,117.78785185482414,UK
2020-12-01,119.12607659883717,UK
2021-01-01,120.04192016517644,UK
2021-02-01,117.79976320959989,UK
2021-03-01,123.02075514529457,UK
2021-04-01,129.87793452091944,UK
2021-05-01,134.19258653254988,UK
2021-06-01,132.27227987318676,UK
2021-07-01,128.22212983095264,UK
2021-08-01,126.66346763648403,UK
2021-09-01,127.7799521062862,UK
2021-10-01,135.95098725894687,UK
2021-11-01,127.55563044836406,UK
2021-12-01,136.49346472160278,UK
2022-01-01,144.940539939037,UK
2022-02-01,138.65261219757738,UK
2022-03-01,137.69909497132323,UK
2022-04-01,136.92507584797468,UK
2022-05-01,143.7076584952001,UK
2022-06-01,137.1691673484273,UK
2022-07-01,138.19776654797985,UK
2022-08-01,128.16336595695918,UK
2022-09-01,118.57165315967075,UK
2022-10-01,128.64764628429955,UK
2022-11-01,141.40200434689467,UK
2022-12-01,142.11434935973213,UK
2023-01-01,149.6954598137666,UK
2023-02-01,153.11260251949784,UK
2023-03-01,151.19486288087305,UK
2023-04-01,160.0913843299738,UK
2023-05-01,146.26386692486633,UK
2023-06-01,156.09789121608554,UK
2023-07-01,161.8366549546398,UK
2023-08-01,154.78768014712216,UK
2023-09-01,160.177141507138,UK
2023-10-01,152.31716819713154,UK
2023-11-01,154.5724845961287,UK
2023-12-01,158.9906791164845,UK
2024-01-01,159.8518152290206,UK
2024-02-01,162.13089458998434,UK
2024-03-01,168.9055565354738,UK
2024-04-01,176.23334068866978,UK
2024-05-01,181.43368958105953,UK
2024-06-01,175.4080332024911,UK
2024-07-01,181.9037778387401,UK
2024-08-01,187.1612033037962,UK
2024-09-01,183.8478760789323,UK
2024-10-01,174.81789525061674,UK
2024-11-01,172.10706672465622,UK
2024-12-01,174.1926245700557,UK
2025-01-01,181.40058621875534,UK
2025-02-01,193.87585967316684,UK
2025-03-01,197.15127158648232,UK
2025-04-01,193.7473270592185,UK
2025-05-01,200.9444962728611,UK
2025-06-01,200.96673459324157,UK
2025-07-01,202.4435568590248,UK
2015-08-01,100.0,EU
2015-09-01,95.19845699640184,EU
2015-10-01,102.11288213683292,EU
2015-11-01,100.90516495556516,EU
2015-12-01,96.69534763877044,EU
2016-01-01,91.68082538097194,EU
2016-02-01,88.12864959062102,EU
2016-03-01,94.55466393748752,EU
2016-04-01,97.21403656341595,EU
2016-05-01,95.55576347300507,EU
2016-06-01,89.649434896991,EU
2016-07-01,95.66626748129784,EU
2016-08-01,96.4540391350891,EU
2016-09-01,96.83126515053522,EU
2016-10-01,95.41445984525309,EU
2016-11-01,92.18657944700328,EU
2016-12-01,97.27385246996847,EU
2017-01-01,99.94079268405466,EU
2017-02-01,100.38880576567335,EU
2017-03-01,106.03528201147077,EU
2017-04-01,110.35996685081528,EU
2017-05-01,115.57440464353938,EU
2017-06-01,112.8312651967777,EU
2017-07-01,118.26265355775853,EU
2017-08-01,118.47265452211616,EU
2017-09-01,122.56960240967884,EU
2017-10-01,123.80555312933707,EU
2017-11-01,123.38125066301636,EU
2017-12-01,122.56165669704194,EU
2018-01-01,131.132643539109,EU
2018-02-01,122.81832226606247,EU
2018-03-01,122.1286647791786,EU
2018-04-01,125.31410756565701,EU
2018-05-01,120.70334331782021,EU
2018-06-01,116.34952002934637,EU
2018-07-01,123.77177935871981,EU
2018-08-01,119.41188191155885,EU
2018-09-01,119.33114079788551,EU
2018-10-01,109.50839281962999,EU
2018-11-01,109.25610091309653,EU
2018-12-01,103.13583776341392,EU
2019-01-01,110.22892522390305,EU
2019-02-01,113.76507335227906,EU
2019-03-01,114.40307014729744,EU
2019-04-01,119.87603814147921,EU
2019-05-01,112.76070854347934,EU
2019-06-01,117.82768587780463,EU
2019-07-01,117.40170909811438,EU
2019-08-01,115.62177982480303,EU
2019-09-01,118.75854909600089,EU
2019-10-01,123.30238934433443,EU
2019-11-01,124.76722848288078,EU
2019-12-01,128.47330630458086,EU
2020-01-01,124.42468333725958,EU
2020-02-01,114.67017534521142,EU
2020-03-01,94.77542192822705,EU
2020-04-01,100.26283329096638,EU
2020-05-01,106.97739760508006,EU
2020-06-01,112.05182487652873,EU
2020-07-01,116.75852485714434,EU
2020-08-01,121.71062358643285,EU
2020-09-01,116.94380318503765,EU
2020-10-01,109.96917721788236,EU
2020-11-01,130.5139105596041,EU
2020-12-01,134.90694040083076,EU
2021-01-01,133.67298445339085,EU
2021-02-01,138.3582357078403,EU
2021-03-01,143.8191507394835,EU
2021-04-01,150.34152471453856,EU
2021-05-01,157.15291566611447,EU
2021-06-01,152.27679086314484,EU
2021-07-01,155.72145676875348,EU
2021-08-01,158.49948675660966,EU
2021-09-01,150.05757485980052,EU
2021-10-01,157.6676108223934,EU
2021-11-01,149.0842676393126,EU
2021-12-01,154.7134723130646,EU
2022-01-01,151.9650065251017,EU
2022-02-01,141.69446832177204,EU
2022-03-01,140.48138783804265,EU
2022-04-01,130.6576108680223,EU
2022-05-01,135.85908897866554,EU
2022-06-01,118.83115661948871,EU
2022-07-01,127.5323619986115,EU
2022-08-01,118.28254067080007,EU
2022-09-01,107.34168627525418,EU
2022-10-01,118.16805724235284,EU
2022-11-01,136.05969371767233,EU
2022-12-01,132.26644136671007,EU
2023-01-01,148.05112251860155,EU
2023-02-01,145.42979133063224,EU
2023-03-01,150.83737049988721,EU
2023-04-01,156.33249016263474,EU
2023-05-01,148.385425752563,EU
2023-06-01,153.5824684257883,EU
2023-07-01,160.54998475328227,EU
2023-08-01,153.29751706278338,EU
2023-09-01,145.22750989630634,EU
2023-10-01,141.59066387798802,EU
2023-11-01,156.54086080374816,EU
2023-12-01,163.25160577788907,EU
2024-01-01,163.38935052762045,EU
2024-02-01,170.25467875542077,EU
2024-03-01,176.73894078279173,EU
2024-04-01,171.0366407065727,EU
2024-05-01,180.3334717668957,EU
2024-06-01,170.40096989832725,EU
2024-07-01,176.25378999249142,EU
2024-08-01,183.5698219487035,EU
2024-09-01,185.5168092302508,EU
2024-10-01,175.17287442863793,EU
2024-11-01,170.43376463733526,EU
2024-12-01,167.17428876182666,EU
2025-01-01,180.36518210511667,EU
2025-02-01,187.59508865359976,EU
2025-03-01,189.2202535289723,EU
2025-04-01,196.7126853479834,EU
2025-05-01,207.22766119011558,EU
2025-06-01,208.41676547780392,EU
2025-07-01,207.54736677025002,EU
2015-08-01,100.0,Global
2015-09-01,95.63132575852018,Global
2015-10-01,102.84461080217729,Global
2015-11-01,102.12574732395237,Global
2015-12-01,99.01746785617976,Global
2016-01-01,94.00879014815348,Global
2016-02-01,92.34872582334563,Global
2016-03-01,99.49309640585868,Global
2016-04-01,101.40715073587523,Global
2016-05-01,101.34295951992483,Global
2016-06-01,99.8538243540526,Global
2016-07-01,105.11778520365617,Global
2016-08-01,105.66132539847112,Global
2016-09-01,106.32190011306547,Global
2016-10-01,104.93168269990579,Global
2016-11-01,104.46325216718485,Global
2016-12-01,105.57845802989101,Global
2017-01-01,110.20324628815115,Global
2017-02-01,112.39874548186361,Global
2017-03-01,114.47692243870063,Global
2017-04-01,117.01198585875905,Global
2017-05-01,119.92226506034703,Global
2017-06-01,119.54608715621195,Global
2017-07-01,124.23345135966754,Global
2017-08-01,124.88789099466011,Global
2017-09-01,126.67781260273999,Global
2017-10-01,129.94096621401928,Global
2017-11-01,131.59599631810812,Global
2017-12-01,132.9793342915841,Global
2018-01-01,141.47798602850264,Global
2018-02-01,134.59088720092382,Global
2018-03-01,132.98962919910974,Global
2018-04-01,134.08256871952995,Global
2018-05-01,133.15504802565084,Global
2018-06-01,130.13220508247753,Global
2018-07-01,135.1641517964366,Global
2018-08-01,134.24225201373451,Global
2018-09-01,133.91492997394187,Global
2018-10-01,123.750746349472,Global
2018-11-01,125.73810615512144,Global
2018-12-01,116.97179733484029,Global
2019-01-01,127.19047779062944,Global
2019-02-01,130.05214834177704,Global
2019-03-01,130.90921797219627,Global
2019-04-01,135.57483220865493,Global
2019-05-01,127.75359226835366,Global
2019-06-01,134.32225425081737,Global
2019-07-01,134.4421854055491,Global
2019-08-01,131.40533417474265,Global
2019-09-01,133.90507477219577,Global
2019-10-01,138.90084403921054,Global
2019-11-01,141.46829620921545,Global
2019-12-01,145.4990510268875,Global
2020-01-01,143.26877430675256,Global
2020-02-01,133.3291875226567,Global
2020-03-01,113.00655239036553,Global
2020-04-01,123.29536228021757,Global
2020-05-01,129.4194914035575,Global
2020-06-01,133.48502024508656,Global
2020-07-01,140.42151678698522,Global
2020-08-01,147.83283305940697,Global
2020-09-01,143.50087849152615,Global
2020-10-01,141.36250574295465,Global
2020-11-01,159.00134993174555,Global
2020-12-01,166.2671870373643,Global
2021-01-01,167.48511197484413,Global
2021-02-01,171.50998882622903,Global
2021-03-01,175.06995518374057,Global
2021-04-01,181.54118486969455,Global
2021-05-01,185.70441078216527,Global
2021-06-01,185.31727545694667,Global
2021-07-01,185.94009589912045,Global
2021-08-01,189.53429093241618,Global
2021-09-01,181.51867994267786,Global
2021-10-01,189.82055280501086,Global
2021-11-01,183.45558268926783,Global
2021-12-01,188.38087028076097,Global
2022-01-01,183.4257757522587,Global
2022-02-01,178.1104483675669,Global
2022-03-01,179.20626842139905,Global
2022-04-01,166.32937996818862,Global
2022-05-01,167.98168060244643,Global
2022-06-01,153.2720267014425,Global
2022-07-01,163.02061844591898,Global
2022-08-01,156.17204717697746,Global
2022-09-01,140.48304785872529,Global
2022-10-01,148.37957631162308,Global
2022-11-01,163.7392071489399,Global
2022-12-01,156.57229416828392,Global
2023-01-01,170.89635205840108,Global
2023-02-01,164.5470458966227,Global
2023-03-01,168.75506107764505,Global
2023-04-01,171.98746549913096,Global
2023-05-01,168.22978609417783,Global
2023-06-01,175.56600549892028,Global
2023-07-01,183.69021102254203,Global
2023-08-01,177.23269977262126,Global
2023-09-01,169.5503954128981,Global
2023-10-01,165.18428466328254,Global
2023-11-01,179.50774196594656,Global
2023-12-01,186.49570094691052,Global
2024-01-01,187.23081078317568,Global
2024-02-01,194.58748326206128,Global
2024-03-01,200.16259166113485,Global
2024-04-01,194.6375311318369,Global
2024-05-01,203.05424155391682,Global
2024-06-01,203.14680440051012,Global
2024-07-01,208.94329509958908,Global
2024-08-01,214.03286381547423,Global
2024-09-01,218.23804350336758,Global
2024-10-01,212.0983048635897,Global
2024-11-01,216.9002611113133,Global
2024-12-01,208.51505481377586,Global
2025-01-01,217.57567159768251,Global
2025-02-01,218.87214425741223,Global
2025-03-01,214.0298154749776,Global
2025-04-01,217.9144110239488,Global
2025-05-01,229.47801080876957,Global
2025-06-01,237.96343452417852,Global
2025-07-01,241.12578743482823,Global
