symbol,volatility
AACG,0.0642666207043632
AADR,0.0101041120948491
AAL,0.0329855877156641
AALG,0.0645358276329586
AAME,0.0372932946842586
AAOI,0.0657008044210632
AAON,0.0323915447542517
AAPB,0.0296824752190027
AAPD,0.0149364827407062
AAPG,0.0410208010729309
AAPL,0.0149736777609903
AAPU,0.0297851916218419
AARD,0.0679716263665411
ABAT,0.0593734655833833
ABCB,0.0140265935600161
ABCL,0.0558313088031912
ABEO,0.0338666273681068
ABL,0.0447927355920136
ABLLL,0.0183564183941849
ABLV,0.0485163264679178
ABNB,0.0168501203196983
ABOS,0.0452604405023414
ABSI,0.0450247236296801
ABUS,0.0229976421669707
ACAD,0.0428923734863246
ACB,0.0445456418207151
ACDC,0.0556485775686792
ACET,0.0718571974225373
ACGL,0.0154281362454623
ACHC,0.0306309640682474
ACHV,0.0761982967160954
ACIC,0.0217098102772855
ACIU,0.0437941352831113
ACIW,0.0219756361215728
ACLS,0.0310726531979331
ACLX,0.0341554426274892
ACMR,0.0322835886257964
ACNB,0.0141104087060606
ACNT,0.0170902671747897
ACOG,0.0644293289126369
ACON,0.0285333101010063
ACRS,0.0406584025648491
ACRV,0.0406231666388271
ACT,0.0132435116968046
ACTG,0.0287059684490796
ACTU,0.0547542394234204
ACVA,0.0194118158535764
ADAG,0.0493269053075916
ADBE,0.0156374785895809
ADBG,0.031544601008816
ADD,0.0913850468182769
ADEA,0.0218718820696209
ADGM,0.053496111454641
ADI,0.0179038303282672
ADMA,0.0277740582218909
ADN,0.0856077525737083
ADP,0.0102476036711233
ADPT,0.0541226822591836
ADSE,0.0458033617197777
ADSK,0.0157299106448071
ADTN,0.0280466565202643
ADTX,0.0598871749709006
ADUS,0.0164228899061512
ADV,0.0705798025082164
ADVB,0.0787108241632873
ADVM,0.0620802331603728
ADXN,0.0510905371911452
AEBI,0.0685129908240655
AEHL,0.0521686672061089
AEHR,0.0572475299305133
AEI,0.074803389772618
AEIS,0.0166793334775499
AEMD,0.0829792847558186
AENT,0.0646710956915545
AEP,0.0106463472800884
AERT,0.0620266621611545
AEYE,0.0388458070108209
AFCG,0.0389657286891354
AFRM,0.0410981081807587
AFSC,0.0103664020953716
AFYA,0.017255836379278
AGEN,0.0838967527996901
AGFY,0.0840070091847587
AGIO,0.0241588684429299
AGIX,0.0132802731722212
AGMI,0.0169872758521738
AGNC,0.0110211130166113
AGRI,0.0689019509781183
AGYS,0.0352301187838006
AHCO,0.0245178615846623
AHG,0.0684147889761224
AIA,0.0113779161087843
AIFF,0.0395961198839805
AIMD,0.0650541267569153
AIOT,0.0381477922924574
AIP,0.0362072446913873
AIQ,0.0104473112132472
AIRG,0.0324903446047131
AIRJ,0.041882085008579
AIRL,0.015776309542738
AIRR,0.0126099135360506
AIRS,0.0716110140627481
AIRT,0.0557784952731234
AIRTP,0.0203325655342636
AISP,0.0554197000414595
AIXI,0.063285620166706
AKAM,0.01935822243102
AKAN,0.051946140458764
AKBA,0.0354636498701214
AKRO,0.042156394536675
AKTX,0.0359566117248119
AKYA,0.0563142257243275
ALAB,0.0474157187571381
ALAR,0.0696591172582117
ALBT,0.0663388368667811
ALCO,0.0133043409594123
ALDFU,0.0175417049748571
ALDX,0.0548173223355394
ALEC,0.0584345761336732
ALGM,0.0336311420178487
ALGN,0.0211738255571587
ALGS,0.0719870297431066
ALGT,0.0398316346008514
ALHC,0.0285763697923823
ALKS,0.0197359337516332
ALKT,0.0256740117754182
ALLO,0.0590574253318476
ALLR,0.0500586538693486
ALLT,0.0536036564132946
ALMS,0.0706779381097453
ALNT,0.0356215760371712
ALNY,0.0223677160541203
ALOT,0.0381905067579048
ALRM,0.0168781277058042
ALRS,0.0161361199608142
ALT,0.0877308032396552
ALTI,0.024557074168912
ALTO,0.040623592238738
ALTS,0.0663471602705881
ALVO,0.0384834625619345
ALXO,0.0561739342061387
ALYAF,0.0333289564661144
AMAL,0.0200055075960255
AMAT,0.0208519538540884
AMBA,0.0413010690659915
AMCX,0.0298214901008308
AMD,0.0263623641244721
AMDD,0.0266811831500237
AMDG,0.0530838468013379
AMDL,0.05264295995472
AMGN,0.0177441095482289
AMKR,0.0222503316099881
AMLX,0.0549906177070176
AMPG,0.0523662027011875
AMPH,0.022886678878765
AMPL,0.0328349026010818
AMRK,0.0300874388288847
AMRN,0.0434560038525458
AMSC,0.033597922825874
AMSF,0.014838374509352
AMST,0.0789850954769651
AMTX,0.0528469451788563
AMUU,0.0526986744054768
AMWD,0.0255141694618569
AMZD,0.0163931761098672
AMZN,0.0162512300318288
AMZU,0.0321931394346263
AMZZ,0.0326732978422873
ANAB,0.0332716755553652
ANDE,0.0254536397847468
ANGH,0.0804786073060413
ANGI,0.0524600433002033
ANGO,0.0329319547007454
ANIK,0.0414182498116019
ANIP,0.0215979152708902
ANIX,0.0468740991264395
ANL,0.0471512542766494
ANNA,0.055005721929154
ANNX,0.0501809962234274
ANSS,0.0160055552469642
ANTA,0.0755889311463724
ANTE,0.0860292766214546
ANTX,0.0315986716029719
ANY,0.0573194408254721
AOSL,0.0335313295198584
AOTG,0.0118614284368811
AOUT,0.0341922078609391
APA,0.028601549885847
APDN,0.0769821364465092
APED,0.070497421766624
APEI,0.026975498994368
APGE,0.0413851448839489
API,0.0330537745698762
APLD,0.0909205706797905
APLM,0.0718542271056023
APLMW,0.0340494049044975
APLS,0.0335109156744148
APLT,0.0776739767970789
APOG,0.0213484898849371
APP,0.0368959821423504
APPF,0.0173958219673237
APPN,0.0216273300890321
APPX,0.0721259099758562
APRE,0.0518722674792504
APWC,0.0260806417351713
APYX,0.0909424811751373
AQB,0.0841157508090928
AQMS,0.0738208946008577
AQST,0.0491133469062056
ARAY,0.0380148518541157
ARBB,0.0457336117464753
ARBE,0.0568069786708055
ARCB,0.033007716593235
ARCT,0.0423680927152371
ARDX,0.0500565433998164
AREB,0.0539898235431455
AREC,0.0877621262109367
ARGX,0.0231853302390044
ARHS,0.0315890949247121
ARKO,0.0362842080084458
ARKR,0.0451718605791267
ARLP,0.0133452351366366
ARM,0.0285252100632706
ARMG,0.0578287985563767
AROW,0.0160395999571364
ARQ,0.0440911155238324
ARQQ,0.0866374791106211
ARQT,0.0307589299350209
ARRY,0.0590231253969444
ARTNA,0.0132102922649714
ARTV,0.0700758705876849
ARTW,0.0489521929549357
ARVN,0.0347036131674808
ARWR,0.0402992808099183
ASLE,0.0240946454264854
ASMB,0.044955970561053
ASMG,0.0412164583447136
ASML,0.0211712458831223
ASND,0.0235805892558294
ASNS,0.0380321073006745
ASO,0.0339509787451168
ASPI,0.0633139215463045
ASPS,0.0650168459768933
ASRT,0.0286364863174854
ASRV,0.0215105065824546
ASTC,0.0217663471891822
ASTE,0.018389617707041
ASTH,0.0327141688277003
ASTL,0.037477956568535
ASTS,0.0512306605481973
ASUR,0.0235080025727065
ASYS,0.038310181749434
ATAI,0.0643371599609401
ATAT,0.0233608857222544
ATEC,0.0254338075460228
ATER,0.0441981934972057
ATEX,0.0198355631526692
ATGL,0.0400702217897783
ATHA,0.0548262517663649
ATHE,0.0679218099025584
ATLC,0.0256294214294824
ATLN,0.0645549532218754
ATLO,0.0152616524813806
ATNI,0.0254137242450077
ATOM,0.0500399027418927
ATOS,0.0402312380766477
ATPC,0.0885083191681389
ATRA,0.050796244233602
ATRC,0.0215433321138079
ATRO,0.0364558552391799
ATXG,0.0683142951334906
ATXS,0.0501669679889754
ATYR,0.0608291135247018
AUBN,0.0287069860491368
AUDC,0.0372031586137498
AUID,0.0581180554257438
AUMI,0.0260486622137957
AUPH,0.0297285266861873
AUR,0.0436475475602594
AURA,0.049741539426591
AUTL,0.0437633566437203
AUUD,0.0693801109523584
AVAH,0.0361887475065646
AVAV,0.045287441197673
AVBP,0.031771826896824
AVDL,0.0289344467297185
AVDX,0.024564484775977
AVGO,0.0201843882204597
AVGX,0.0402708146703718
AVIR,0.0310328274440486
AVL,0.0404745944768028
AVNW,0.0195689412706653
AVO,0.0196830365993468
AVPT,0.022441001507959
AVR,0.0698533856356854
AVS,0.0198889442370968
AVT,0.0136705899844402
AVTX,0.048476948887467
AVXL,0.0476426817789327
AWRE,0.0306657239419798
AXGN,0.0442432984299633
AXON,0.0287363631680743
AXSM,0.0210844644797296
AXTI,0.0594703617470033
AYRO,0.0444007935446428
AZ,0.0428134789653135
AZN,0.0152738052837104
AZTA,0.0301932815719002
BABX,0.0488119364118589
BAER,0.0524956151972608
BAFN,0.02728690552481
BAND,0.0268741875409033
BANF,0.0158465544571457
BANL,0.062900893012947
BANR,0.0148682425748844
BASE,0.0406177268222518
BATRA,0.0122355958839284
BATRK,0.0124817786045452
BBCP,0.0294068001143316
BBGI,0.0385625154044206
BBH,0.0156146008874842
BBIO,0.0244382260663049
BBLG,0.073047495010985
BBLGW,0.0304009941547193
BBNX,0.0567128419662049
BBSI,0.011883416622562
BCAB,0.0611560951360726
BCAL,0.0179416743996609
BCAX,0.0729207849212001
BCBP,0.0191000937034108
BCDA,0.0486181358634103
BCG,0.0319585992231287
BCLI,0.063501793562602
BCML,0.0161430189924662
BCOR,0.0286284079314455
BCPC,0.0113878802621723
BCRX,0.0378274984182155
BCYC,0.0406179586332447
BDRX,0.0696324663432106
BDTX,0.0475258417793607
BEAGU,0.0110570321428521
BEAM,0.0438182867303927
BEAT,0.038285134010334
BEEM,0.0794391618086401
BELFA,0.0376504531451123
BELFB,0.0303069060201188
BENF,0.0695748911766706
BFC,0.0153504622372741
BFIN,0.0130903805846474
BFRG,0.0354519459561894
BFRI,0.055199229549272
BFST,0.0155766843197777
BGC,0.0196882877616078
BGFV,0.084067320597635
BGM,0.0743772288073187
BHAT,0.0420710261369965
BHF,0.0239963911864075
BHFAL,0.0102546174794123
BHFAM,0.0216330010971171
BHFAN,0.0228272774127089
BHFAO,0.0261715511468402
BHFAP,0.0235887295759663
BHRB,0.0178571976759876
BIB,0.0320698328344841
BIDU,0.0238225108684698
BIGC,0.0212645360956684
BIIB,0.0203228646999439
BILI,0.0314936795219374
BIOA,0.027880019881079
BIOX,0.040989633301357
BIRD,0.0689813690727068
BIS,0.0315263107514702
BITF,0.0534074205220676
BITS,0.025497511871221
BIVI,0.0807713635902827
BJDX,0.0772856167092938
BJK,0.0124725677735465
BJRI,0.0284978336202732
BKCH,0.0359801331364415
BKHA,0.0130912731657698
BKHAU,0.0168539103918718
BKIV,0.0108658706601301
BKNG,0.0119843198201758
BKR,0.0203567026964921
BKYI,0.0280017165247673
BL,0.0190026079303464
BLBD,0.018125727366355
BLBX,0.0656730577213303
BLCN,0.0241035895917377
BLDE,0.0433690374143457
BLDP,0.0472982022520639
BLFS,0.0334359012046364
BLFY,0.0164392856162952
BLIN,0.036627829895804
BLIV,0.0525108870902597
BLKB,0.014955964619032
BLMN,0.05269069850571
BLNK,0.0555305262065842
BLRX,0.0761330102985562
BLTE,0.0284437803409735
BLZE,0.0331325438273155
BMAX,0.0156316544227956
BMBL,0.0553333307124426
BMHL,0.0207172234760079
BMR,0.0575689094471545
BMRA,0.0426636856849916
BMRC,0.0184552495763194
BMRN,0.0167038458039414
BNGO,0.024176129667725
BNR,0.0904408924093011
BNRG,0.0783672723507592
BNTC,0.0445792558522058
BNTX,0.0322721129519643
BNZI,0.0640149269959151
BOED,0.0163472179223916
BOEG,0.034211363924155
BOEU,0.0329020689776411
BOF,0.0531567454580446
BOKF,0.0156175461408039
BOLD,0.0423367364775729
BOLT,0.0446349103171479
BOOM,0.0401334920692497
BOSC,0.0347949559773853
BOTJ,0.0152240415401422
BOTT,0.0104367842699144
BOTZ,0.0135431697029943
BOWN,0.062199034288659
BOWNU,0.0381881438967243
BOXL,0.0473114757771532
BPMC,0.0401302000448489
BPOP,0.0125321469503698
BPRN,0.0186769154146402
BPYPM,0.010946524946848
BPYPN,0.0134800386720897
BPYPO,0.0143458667219134
BPYPP,0.0122410781989912
BRAG,0.0248180170144687
BREA,0.0579044434706108
BRFH,0.0692081728458253
BRID,0.0191431673759291
BRKD,0.0113691211080516
BRKL,0.0160917406677239
BRKR,0.0336949443837719
BRKU,0.0203271096424012
BRLT,0.0343658311810161
BRRR,0.0203462069327056
BRTX,0.0419234375321411
BRY,0.0473467599134712
BRZE,0.033476611217108
BSBK,0.019857984559153
BSET,0.0316205466332261
BSRR,0.0195600563562045
BSVN,0.0174423817195284
BSVO,0.0132218653019996
BSY,0.0125745448087709
BTAI,0.0625173161593568
BTBD,0.0470980046498976
BTBT,0.0666905584740064
BTCT,0.0547728437721834
BTDR,0.0549321121109732
BTF,0.0317388122976213
BTFX,0.0400262074758595
BTGD,0.0229860332745069
BTM,0.0831695168897582
BTMD,0.0403913770395841
BTOC,0.0734328545461567
BTSG,0.0315772603900387
BTSGU,0.0280392624094685
BUG,0.0134846026944753
BULD,0.0125283667644832
BULL,0.0723253047199322
BUSE,0.0156968709119268
BVFL,0.0107800268004773
BVS,0.0302535112696093
BWAY,0.030615119516383
BWB,0.0153223898020984
BWBBP,0.0104938609415867
BWEN,0.0501178629191135
BWFG,0.0176596047579394
BWIN,0.0241475949203276
BWMN,0.0208831168252583
BWMX,0.0396142362939968
BYFC,0.0254440831572797
BYND,0.04652478967724
BYON,0.0637515568980045
BYRN,0.0544250056444914
BYSI,0.0801749402606419
BZ,0.0268277271979604
BZFD,0.0517288855744524
BZUN,0.0386397986549527
CAAS,0.0198626866834556
CABA,0.0798564752556094
CAC,0.0152290701086588
CACC,0.0201797866705625
CADL,0.0481472827282698
CAI,0.0370904404228539
CAKE,0.0198966163817543
CALC,0.0713528852980665
CALM,0.0290369196854164
CAMP,0.0587857633987713
CAMT,0.0279046711995483
CAN,0.0771855701555899
CANC,0.0189515473792733
CAPNU,0.0150167436857351
CAPS,0.0831297718812011
CAR,0.0340671859554749
CARE,0.0140875977271698
CARG,0.0221755238954786
CART,0.0261043364697105
CARV,0.065002428913506
CARZ,0.0140769551030277
CASH,0.0135018543971073
CASI,0.059842613300432
CASK,0.0891305362578236
CASS,0.014607645060824
CASY,0.0195380867831459
CATY,0.0170771026306643
CBAN,0.0193736515929791
CBAT,0.0382122445189051
CBFV,0.0168144129978551
CBIO,0.0537009768433437
CBLL,0.0306969506277208
CBNK,0.0143986059475075
CBRL,0.0394755787605618
CBSH,0.0134710512405065
CBUS,0.0847508777442751
CCAP,0.0145514342165539
CCB,0.0233963629303928
CCBG,0.0168774443033336
CCCC,0.0683687433702078
CCCM,0.0648911766497783
CCCMU,0.0548134204514497
CCCS,0.023006677669125
CCEC,0.0253113977017246
CCG,0.0222374444103687
CCGWW,0.0861734879235477
CCIR,0.0160461568784782
CCIRU,0.0420601802096728
CCIXU,0.0223840775025974
CCLD,0.0502102312647269
CCLDO,0.0114451119952323
CCNE,0.0157413359114287
CCOI,0.0263238712503765
CCRN,0.0161120748100783
CCSI,0.0267830755399376
CCTG,0.0290853211843257
CDLX,0.0906636604811309
CDNA,0.060969779017247
CDNS,0.0193596574471204
CDRO,0.021682634563844
CDT,0.0689360552462413
CDW,0.018333258562231
CDXS,0.0496225865810632
CDZI,0.03001761811915
CDZIP,0.0138884161098
CECO,0.0236379811592938
CEG,0.0248466979640172
CELH,0.0233931949862941
CELU,0.0897058627073435
CELZ,0.0799849230253055
CENN,0.0635923577550621
CENT,0.0205647998165167
CENTA,0.0211697407864861
CENX,0.0407077612455757
CEP,0.0890918609718377
CEPI,0.0101969793260566
CEPO,0.0431006206528974
CEPT,0.0121176946897542
CERS,0.0398837533376212
CERT,0.0297201477241973
CETX,0.0900820634886065
CETY,0.0589199628311522
CEVA,0.0375406585660834
CFFI,0.0197715609889745
CFFN,0.0149821701462914
CFLT,0.0222061673430265
CFSB,0.0881850053134251
CG,0.0216164854047443
CGBD,0.0128724958691886
CGC,0.0730426997955255
CGEM,0.0341097863444402
CGEN,0.0428297186378574
CGNT,0.0268471533941203
CGNX,0.0197811239150223
CGON,0.0428792175229258
CHA,0.0436027559580697
CHCI,0.040306472996104
CHCO,0.0140076913197027
CHDN,0.0157422561554159
CHEF,0.0205268866144852
CHEK,0.0466626996290015
CHKP,0.0142403752953116
CHMG,0.0172287724143114
CHNR,0.0609647793166424
CHPS,0.0153689463244881
CHR,0.0537191742500851
CHRD,0.0220381940072934
CHRS,0.0501195460984751
CHRW,0.0164494294516251
CHTR,0.0297563547592595
CHX,0.0200600326183088
CHYM,0.0452033128382981
CIBR,0.0106217085278328
CIFR,0.0604691881408818
CIGI,0.0161933688029141
CINF,0.0124095926549581
CING,0.0443796162813684
CISS,0.0407079360517651
CIVB,0.0259902283518395
CJET,0.0679678539692003
CJMB,0.0516387103786579
CLAR,0.0243415385939659
CLBK,0.0164075953548478
CLBT,0.0225939962114243
CLDX,0.0371499491837258
CLFD,0.0221120173572638
CLIR,0.0460730303726546
CLLS,0.0778584491454188
CLMB,0.0205738110021085
CLMT,0.0302589298156769
CLNE,0.0465256179563134
CLNN,0.0850283200368922
CLOD,0.0100984359937391
CLOU,0.0126524537620215
CLOV,0.0399817031673376
CLPS,0.0281018765133168
CLPT,0.0376646154650613
CLSK,0.0469475931015962
CLST,0.0112689299345713
CLWT,0.0455026593931203
CLYM,0.0441867424858535
CMCO,0.0375827320624024
CMCSA,0.0129779473921022
CMCT,0.0687424415943565
CME,0.0118275134639987
CMMB,0.0255558139863635
CMND,0.0465075373051634
CMPO,0.0180574039068675
CMPR,0.0270210480379829
CMPS,0.0804004120834708
CMPX,0.0391653739175536
CMTL,0.0607151341988147
CNDT,0.0335605466573301
CNET,0.076751531082947
CNEY,0.0563515693799489
CNFR,0.0377979128436377
CNFRZ,0.0535114567455102
CNOB,0.0173382980663478
CNSP,0.0511828729974131
CNTA,0.0346954691579313
CNTB,0.0722927490213168
CNTX,0.0514601890491881
CNTY,0.0538276914323496
CNVS,0.0395308189885848
CNXC,0.0266171608465337
CNXN,0.0119851954078234
COCH,0.040854667149565
COCO,0.0180146224527095
COCP,0.0400390364683306
CODA,0.036673557956664
CODX,0.0495157312527765
COEP,0.0488209681344338
COFS,0.0162055807520481
COGT,0.0530226469994519
COHU,0.0265737514924177
COIN,0.0518231048424448
COKE,0.0191526515108641
COLB,0.0222133428618546
COLL,0.0171013464517553
COLM,0.0219554765922577
COMM,0.0432162383895513
COMT,0.0101915791924168
COO,0.0250017364474697
COOP,0.0282304985506201
COOT,0.0461747412287588
COPJ,0.015310990903013
COPP,0.0185938268057018
CORT,0.0243991306226242
CORZ,0.0582719219476099
COSM,0.0536361360724587
COST,0.0107823248799897
COWS,0.0116373617916617
COYA,0.0332028610469987
CPHC,0.0178920503520333
CPIX,0.0895421600509106
CPOP,0.0667595020202955
CPRT,0.0179974664169533
CPRX,0.0193502333615078
CPSH,0.0515092125613978
CPSS,0.0241607093459086
CRAI,0.018378912985313
CRBP,0.0503371787686617
CRBU,0.0665738777412551
CRCT,0.0366059287724623
CRDF,0.052008975049172
CRDL,0.0472452544084925
CRDO,0.0389335161640499
CREG,0.0871017921577928
CRESY,0.020655196866093
CREX,0.0610367853309826
CRGO,0.0519423549224327
CRGX,0.0195541118448589
CRIS,0.053774801777333
CRMD,0.0543753038421132
CRMG,0.0311002547489057
CRMT,0.0344997442330712
CRNC,0.0574867737256501
CRNT,0.0287385770987192
CRNX,0.0321774046988413
CRON,0.0210893875521155
CROX,0.0272717073420986
CRSP,0.0428555377394074
CRSR,0.0297371439805965
CRTO,0.0243337464466766
CRUS,0.0180393451331579
CRVL,0.0164194875981628
CRVO,0.0512936931913866
CRVS,0.061855644867438
CRWD,0.0219278262445296
CRWL,0.0433264596677909
CRWS,0.0227325753797261
CRWV,0.0853604398299249
CSAI,0.0644455313924217
CSB,0.0108921354337087
CSBR,0.0559249896237329
CSCI,0.0349109877781228
CSCL,0.01834016256642
CSCO,0.0117373824016431
CSGP,0.0154301488506418
CSGS,0.016679893485567
CSIQ,0.0389647699319567
CSPI,0.0423843994810705
CSTE,0.0474944423732005
CSTL,0.0278527133377341
CSW,0.0201499050185107
CSWC,0.0116669945279605
CSX,0.013799353125172
CTAS,0.0107588807321195
CTBI,0.0140319680331828
CTEC,0.0200774765893839
CTKB,0.0551410916533406
CTLP,0.030187537526712
CTNM,0.090748362534208
CTNT,0.0628808914948685
CTRM,0.029387101628304
CTRN,0.042886672940578
CTSH,0.0139233939498132
CTSO,0.0539662563784045
CUBA,0.0115638333293984
CUBWU,0.0218948509558109
CUE,0.0582676982359339
CUPR,0.0601763057566972
CURI,0.0727327661189027
CV,0.0790768234674989
CVAC,0.058833875302789
CVBF,0.0168743049812707
CVCO,0.0212362813438918
CVGI,0.0583501452629844
CVGW,0.0354652097939093
CVKD,0.0499568152993688
CVLG,0.0225107604135287
CVLT,0.0191080406519994
CVRX,0.0750998029299843
CVV,0.0482522174147183
CWBC,0.0157284301387291
CWCO,0.0167198444255968
CWD,0.0691716695533288
CWST,0.0136324822343277
CXAI,0.0545243502503422
CXDO,0.0292829668238331
CXSE,0.0124417789163814
CYBR,0.0186587096151575
CYCCP,0.0838197724480584
CYCN,0.0547541044721341
CYRX,0.0519467198458425
CYTK,0.0318693263462147
CZFS,0.0259507874991078
CZNC,0.0148110464338311
CZR,0.0278066873349193
CZWI,0.0170116111553536
DAAQ,0.0101343530032796
DAAQU,0.0108337420944632
DAIO,0.0239146118843531
DAKT,0.0304236639958002
DAPP,0.0359580539062964
DARE,0.0441673401189978
DASH,0.0232924603622036
DATS,0.0407969303672971
DATSW,0.0876947927391591
DAVE,0.0728958946235584
DAWN,0.0336090532193365
DAX,0.0104206260921308
DBVT,0.0530758847224809
DBX,0.0127953810131131
DCBO,0.028760788382316
DCGO,0.0646324756542762
DCOM,0.0191491604345371
DCOMP,0.0110210946882586
DCTH,0.0462971663094805
DDI,0.0394291940854418
DDOG,0.0262931837316662
DECO,0.0240200326174373
DEFT,0.0565705431311877
DENN,0.0411232959394222
DERM,0.0429431007223072
DGICA,0.0169759308789976
DGICB,0.0368422268623026
DGII,0.0236840901678574
DGRS,0.0134040646433092
DGXX,0.0857577320429359
DH,0.050516565023488
DHAI,0.0737830788014203
DHC,0.0473154314752682
DHCNI,0.0160083184735839
DHIL,0.0144633992647917
DIBS,0.0300015887702258
DIOD,0.028756025040295
DJCO,0.0227078507296886
DJT,0.0313117451462412
DJTWW,0.0617781465831974
DKNG,0.0239907557627771
DLHC,0.0267707841687753
DLLL,0.0416589627502236
DLO,0.0274425184920967
DLPN,0.0348199151158502
DLTH,0.049317887091441
DLTR,0.0242048193750295
DMAC,0.0424113315607778
DMAT,0.0142133587327916
DMLP,0.0132249200562917
DMRC,0.0292886012559071
DNLI,0.0328949750437071
DNTH,0.0376640662711817
DNUT,0.0653747580900193
DOCU,0.0322813879317052
DOGZ,0.0843435844931373
DOMH,0.0605523440029313
DOMO,0.0514337647575175
DOOO,0.0283729740683383
DORM,0.0170867987655031
DOX,0.0112062862952446
DOYU,0.0319195564112293
DPZ,0.0131527587694002
DRCT,0.048686039013805
DRIO,0.0317560921778317
DRIV,0.0126872146558532
DRMA,0.03897514652988
DRRX,0.0493381438607788
DRS,0.0198469982012797
DRTS,0.032255246909489
DRUG,0.0448701031511541
DRVN,0.020265994350933
DSGN,0.0488178229590852
DSGR,0.0209055275983807
DSGX,0.0217487787840108
DSP,0.0345466728219892
DSWL,0.0269807657663524
DSY,0.0506814528060859
DTCK,0.0769384995224618
DTIL,0.0368561332994459
DTSS,0.0432809507111868
DTST,0.0809278813353086
DUO,0.0451633641069658
DUOL,0.0364517402470437
DUOT,0.0539898490343718
DVAX,0.0253985060219496
DVIN,0.0128685411210926
DVLT,0.0708468232522719
DVQQ,0.0109678509195998
DVXB,0.0273049734447953
DVXC,0.0180292728788554
DVXE,0.0145219039552765
DVXK,0.0174363145685804
DVXP,0.0123543569131709
DVXY,0.0433455641978637
DWAS,0.0113795927678016
DWSH,0.0181284005608558
DWTX,0.0436182238253261
DXCM,0.0285702069116481
DXLG,0.0581163495187809
DXPE,0.0231078869965572
DXR,0.0288843505595759
DXST,0.0619419490333502
DYAI,0.0345933665878034
DYN,0.0598485792659389
DYNX,0.0262841868462644
DYNXU,0.0386632016627781
EA,0.0137359565443091
EBAY,0.0119885327617878
EBC,0.0161512207637678
EBIZ,0.0111902859137909
EBMT,0.0151171067938394
EBON,0.0628485403673303
EBTC,0.017503235977839
ECBK,0.0149995216471075
ECDA,0.0856035071105915
ECOR,0.061823571621194
ECPG,0.037104430421001
ECX,0.0733420981648949
EDAP,0.0371396100732709
EDIT,0.0636778687242705
EDRY,0.0330861326665206
EDSA,0.0283267216761084
EDTK,0.043836716621563
EDUC,0.0266866980496614
EEFT,0.0177398986547911
EEIQ,0.0883851133659163
EFOI,0.0665782425564341
EFSC,0.0135570104429717
EFSCP,0.0134004737729015
EGAN,0.0341455409058035
EGBN,0.0366247677779091
EGGQ,0.0152896568593452
EGHT,0.0342336381149031
EH,0.0301650933449266
EHGO,0.0491363391719236
EHLD,0.0499071508295767
EHTH,0.0511235075083322
EKG,0.0134136794070196
EKSO,0.0644125134273712
ELAB,0.0546062854258516
ELBM,0.0261504368023633
ELDN,0.0396011259914488
ELEV,0.0482472863162998
ELFY,0.0101222387214207
ELIL,0.0392086690613489
ELIS,0.019856818334152
ELON,0.072458751936947
ELSE,0.0449609885084934
ELTK,0.0254164361186179
ELTX,0.0517745706440771
ELUT,0.0531271789362249
ELVA,0.0433990327181559
ELVN,0.0498480715295506
EM,0.0126649331631287
EMBC,0.0418258960460265
EMEQ,0.0122610078910547
EML,0.0241441399943928
EMPG,0.0872472839574866
ENGN,0.0511505452820036
ENLT,0.0286360568061387
ENLV,0.0367452834627385
ENPH,0.0605898907896085
ENSC,0.0497795381413457
ENSG,0.0177800349710742
ENTA,0.0424884544839681
ENTG,0.0302204994436988
ENTO,0.0670612114948694
ENTR,0.0106169838005179
ENTX,0.0468985620084908
ENVB,0.0346358601484476
ENVX,0.0514762000422036
ENVXW,0.0637506873737531
ENZL,0.0105945991118611
EOLS,0.0315541460982097
EOSE,0.0776645356554708
EPIX,0.0189160389433398
EPOW,0.0369513809865768
EPSN,0.0228362029217087
EQ,0.0625561568201868
EQIX,0.0205852942859973
ERAS,0.0636509373122732
ERIC,0.0158826856348671
ERIE,0.01602114483058
ERII,0.0326649978480848
ERNA,0.0578584983135408
ESCA,0.0310078940945997
ESEA,0.0217908115857214
ESGL,0.0535430926293483
ESLA,0.052205744578544
ESLT,0.023511094833895
ESOA,0.0443364082986575
ESPO,0.0113768564478082
ESPR,0.0588130594557859
ESQ,0.0180616579490706
ESSA,0.0152329796663399
ESTA,0.0303683683918692
ETEC,0.0132889032342046
ETHA,0.0469896509008292
ETNB,0.0405540597130436
ETON,0.0375074629415604
ETOR,0.058968732499102
ETSY,0.0270755142228842
EUDA,0.0354576635605524
EVAX,0.0676351188670915
EVCM,0.0209570923500186
EVER,0.0238424669200576
EVGO,0.0570450311851255
EVGOW,0.0867734985116164
EVLV,0.0510465938229056
EVO,0.0447169209296709
EVRG,0.0117505739541354
EVTV,0.050240599443566
EWBC,0.0184020018980733
EWCZ,0.0476832535593475
EWJV,0.011830064019823
EWTX,0.0317055693212992
EWZS,0.016465024778672
EXAS,0.0241398900249194
EXC,0.0113952624012916
EXE,0.0194439121490102
EXEEL,0.0220796080195976
EXEEW,0.0181432868790204
EXEEZ,0.0142981611100274
EXEL,0.0358431359240207
EXFY,0.044041447537868
EXLS,0.0173283417056052
EXOZ,0.05746969700312
EXPD,0.0167979132936824
EXPE,0.0207890417189782
EXPI,0.0365642333466004
EXPO,0.0160194543587641
EXTR,0.0188955768784534
EYE,0.0322420026527062
EYPT,0.0510599834278514
EZGO,0.0459416309425869
EZPW,0.0176520310515087
FA,0.0330200482184308
FAB,0.0110135950721353
FAMI,0.0350262422876536
FANG,0.0208486230307564
FARM,0.0450612229833428
FARO,0.0471279287068967
FAST,0.0131329346566046
FAT,0.0361130761576747
FATBB,0.0405315439980327
FATBP,0.0750005276833958
FATE,0.0622781295126937
FATN,0.0762548740388192
FBGL,0.0495722158012547
FBIO,0.0308658829299227
FBIOP,0.0391565281432121
FBIZ,0.0186380494209521
FBL,0.0360827419610643
FBLA,0.0107462731147719
FBLG,0.0540319381394827
FBNC,0.0157849964910237
FBOT,0.011076366089093
FBRX,0.08871639224063
FBYD,0.0570060029069922
FCA,0.0115923486388422
FCAP,0.027559383485912
FCBC,0.0144836025081161
FCCO,0.012447196305971
FCEL,0.0759437094525528
FCFS,0.0160019081958693
FCNCA,0.0172718579156158
FCTE,0.010126648326736
FCUV,0.048753771690322
FDBC,0.0273399525544542
FDIG,0.0262249207045414
FDIV,0.0108605568352589
FDMT,0.0528827041079204
FDNI,0.0105809860823161
FDSB,0.0104905245729252
FDTX,0.0107172258502659
FDUS,0.0103852256296519
FEAM,0.0590669591996472
FEBO,0.0632093416357918
FEIM,0.0471482573960194
FELE,0.0147779154916777
FEMY,0.0392902337762446
FENC,0.0318341159160731
FFBC,0.0162782166601367
FFIC,0.0181613434678185
FFIN,0.015550651700034
FFIV,0.0119274185170114
FGBI,0.0256780680387791
FGEN,0.0589083536377299
FGF,0.0783473186546734
FGFPP,0.0318322209803285
FGL,0.0548590653185923
FGM,0.0115969012004269
FHB,0.0148223988623246
FHTX,0.0445077269524101
FIBK,0.0191724589848628
FINE,0.0119143361161155
FINW,0.0230902539229098
FINX,0.0139392580916653
FIP,0.0362516754151102
FISI,0.0158674783820763
FITB,0.0146498230068687
FIVE,0.0377006891722443
FIVN,0.0267345674820447
FIZZ,0.0159556546204456
FJP,0.012838034519393
FKWL,0.0194265254956337
FLD,0.0479896917901625
FLEX,0.0198537150135794
FLGC,0.0501150838495307
FLGT,0.0337151424330864
FLL,0.0405484525268314
FLN,0.0103923217050653
FLNC,0.0565821638406203
FLNT,0.0513919332131115
FLUX,0.0570914356279232
FLWS,0.0542051429542585
FLX,0.0470212076666729
FLXS,0.0378262240451153
FLYE,0.0826712512570515
FLYW,0.0252439729397796
FMAO,0.0245074873930807
FMBH,0.015994128350372
FMED,0.0117827293973006
FMET,0.0106552598393549
FMFC,0.0765963764582612
FMNB,0.0159262589240358
FNGR,0.0799545443656913
FNK,0.0121755581885024
FNKO,0.0761668831371103
FNLC,0.0180333120323233
FNWB,0.026745436304907
FNWD,0.0137129613511407
FNX,0.0102177389237243
FOLD,0.02686936126065
FONR,0.0226913517590071
FORA,0.0425665631008215
FORD,0.060689632869522
FORM,0.0258616988274462
FORR,0.0320854227387708
FORTY,0.0335859089205784
FOSL,0.0501301319253359
FOSLL,0.0274067150258049
FOX,0.0155255636036584
FOXA,0.0156941975211084
FOXF,0.0328745604995834
FOXX,0.0710569399064732
FPA,0.0133637695852916
FPAY,0.053672343166785
FRAF,0.0132775464513303
FRBA,0.0152498379691415
FRDU,0.0295996433196885
FRHC,0.0303400613563812
FRME,0.0168697697929253
FROG,0.0220095936648736
FRPH,0.0164877055093864
FRPT,0.0299911316546963
FRSH,0.0224138202081644
FRST,0.0178966587231803
FRSX,0.0393558324567004
FSBC,0.0164771019300051
FSBW,0.0156947779819391
FSCS,0.0101674745313568
FSEA,0.0144161555980588
FSFG,0.0130987321781812
FSGS,0.0100256198289898
FSLR,0.0521681580340331
FSTR,0.023434160126799
FSV,0.0156237168872401
FTAI,0.032180711174891
FTCI,0.0447601517481272
FTDR,0.0194597571234838
FTEK,0.0698656656220847
FTEL,0.0688767592863886
FTHM,0.0720322829919625
FTLF,0.0259456917300359
FTNT,0.0218864135204943
FTRE,0.0657123403961526
FTXH,0.0138737418442938
FTXL,0.0163565041496075
FTXN,0.01444620353415
FTXO,0.0131823986874512
FTXR,0.0151837761526474
FUFU,0.03827488639201
FULC,0.057904492674366
FULT,0.0170998815920186
FUNC,0.0189523092950399
FUSB,0.0188470620824484
FUTU,0.0355783635445689
FVCB,0.0168537085021754
FVNNR,0.0724672676717835
FVNNU,0.0308826572141385
FWONA,0.0126269298242935
FWONK,0.0114368443786221
FWRD,0.0435795266129808
FWRG,0.0385362981673961
FXNC,0.0165561212790742
FYC,0.0115713701618277
FYT,0.0146083013004231
FYX,0.0123450343884418
GABC,0.0135853975757975
GAIA,0.0382652105947132
GAIN,0.0101224622413477
GAMB,0.0271097134199522
GANX,0.0451411956838976
GASS,0.0209865301571415
GAUZ,0.0443733685240709
GBIO,0.0785305597872293
GCBC,0.024102578933343
GCL,0.0533316243756535
GCMG,0.0110721151811288
GCT,0.0361829924471413
GDC,0.0666443121174728
GDEN,0.0227030947714635
GDEV,0.0735580763610562
GDRX,0.0371389416516461
GDS,0.0442260293123581
GDST,0.0139100547551044
GDTC,0.0381179087289841
GDYN,0.0281911307955676
GECC,0.0127279943054975
GECCO,0.0139218323778463
GEG,0.0205121020791744
GEHC,0.0174127680777987
GEN,0.0166412139340699
GENK,0.0532611812246597
GENVR,0.0639051135282874
GERN,0.0449862180078885
GEVO,0.0448493933164445
GFAI,0.0396076839017685
GFS,0.0217036052500617
GGAL,0.0239246579178709
GGLL,0.0361974285807179
GGLS,0.0181049203069113
GGR,0.048406722281699
GH,0.0277324387894923
GHRS,0.0587405759182265
GIFI,0.0222112018917462
GIFT,0.0510668586123921
GIGM,0.0223226129461248
GIII,0.0317404591511192
GILD,0.0203319764888895
GILT,0.0303040369131111
GIPR,0.0232407268169216
GLAD,0.0104152480281961
GLBAV,0.0419795706148445
GLBE,0.0330344129481562
GLBKV,0.0402593992887889
GLBS,0.0489819292181486
GLBZ,0.0535701010432247
GLDD,0.0208778410583772
GLIBA,0.0401979738906391
GLIBK,0.0389374572100055
GLMD,0.0570181142952297
GLNG,0.0191064947957669
GLPG,0.0219367289651931
GLRE,0.0146522274365042
GLSI,0.034106107379254
GLTO,0.0349744934619883
GLUE,0.0398578177190312
GLXG,0.0548736565821918
GMAB,0.0212753613805991
GMGI,0.0427672944107032
GMHS,0.0629640410228444
GMM,0.0378759871995375
GNFT,0.0356008331568319
GNLX,0.0636405953691074
GNOM,0.0200770201586227
GNPX,0.0691217749167299
GNSS,0.0390336706113906
GNTA,0.0457603102284591
GNTX,0.0260816770970658
GO,0.0245801321346039
GOCO,0.0498606515587486
GOGL,0.0207531994966551
GOGO,0.0703639107473061
GOOD,0.0113044421193786
GOOG,0.0178562807945596
GOOGL,0.0182578384891036
GOSS,0.0507067102848521
GP,0.0289684126937871
GPATU,0.0120216799011413
GPCR,0.02934814505387
GPRE,0.0448466586650676
GPRO,0.0744560709990736
GRAB,0.0230481861597974
GRABW,0.0616816140131806
GRAL,0.0666479358689927
GRAN,0.0619661042290547
GRCE,0.0370356427692634
GREE,0.0753711120136952
GREEL,0.0282104530743383
GRFS,0.0228409772994686
GRI,0.0575965694163381
GRNQ,0.0797771865046006
GROW,0.0152970648519034
GRPN,0.0632093559345652
GRRR,0.0799817659215007
GRVY,0.01923266778959
GRWG,0.0527881612112668
GSAT,0.0325205187795384
GSBC,0.0169037000769189
GSHD,0.0294612401227862
GSIT,0.0419756533220108
GSM,0.031639072389896
GSRT,0.0122733025672
GSRTR,0.0600862654251942
GSRTU,0.0163310387512024
GSUN,0.0510346550628362
GT,0.0277857204039261
GTBP,0.0637459767164561
GTEC,0.0368391215290596
GTIM,0.0305197227049335
GTLB,0.0293778555625858
GTM,0.024631637242184
GTX,0.0300641976570407
GURE,0.0652522118501555
GV,0.0440188499013513
GWAV,0.0622973256837179
GWRS,0.0175488732177644
GXAI,0.0411458044165349
GYRE,0.062309705399163
GYRO,0.0450238354225115
HAFC,0.0217766097571657
HAIN,0.0785447293511464
HALO,0.0442090200542665
HAO,0.0636656355698931
HAS,0.0170025451007067
HBAN,0.0153853324541804
HBCP,0.0145157993378887
HBNC,0.0166371398566393
HBT,0.0161044084027972
HCAT,0.0335147479034384
HCHL,0.0513889675848278
HCKT,0.0198279034984415
HCM,0.0266335200529727
HCOW,0.0104982340286989
HCSG,0.0245868608359996
HDL,0.0268033599577985
HDSN,0.0303518876482295
HEAL,0.0136245008143001
HECO,0.0182342545122077
HELE,0.061062259534263
HEPS,0.0219751055942113
HERO,0.0112185288818596
HERZ,0.0195833383471814
HFBL,0.0223588982499115
HFFG,0.0340173184980887
HFSP,0.0227984952863371
HFWA,0.0182924373354798
HGBL,0.0210266337749656
HHS,0.0377651390073316
HIFS,0.0228697108485032
HIHO,0.0238026476080095
HIMX,0.0242662485334811
HIT,0.0774422362025832
HITI,0.018857122675369
HIVE,0.0464010296262772
HKIT,0.0359169310391118
HLIT,0.0236965870997727
HLMN,0.0282751589963227
HLNE,0.0261714127555061
HLP,0.0809356720965819
HLVX,0.0207763533416651
HMST,0.0201557403414933
HNNA,0.020520561670685
HNRG,0.0373282175082071
HNST,0.0337582548667781
HNVR,0.0143875261626238
HOFT,0.044195837294436
HOLX,0.025040650748619
HON,0.0133985361400666
HOND,0.0151309714784648
HONDU,0.0351774351095638
HONE,0.0132136745571323
HOOD,0.0345763898153619
HOOG,0.0690633999441358
HOOK,0.0523199018582658
HOOX,0.0685385470408635
HOPE,0.0182227435910215
HOUR,0.0512777830848103
HOVNP,0.0105161732531261
HOWL,0.0612061812631571
HPAI,0.0552498395093577
HPK,0.0397038477963547
HQI,0.0290515137964767
HQY,0.0225134293282814
HRMY,0.0230955610494076
HROW,0.0356846295183151
HRTS,0.0127890967806469
HRTX,0.0394407934544745
HRZN,0.0131202653216173
HSAI,0.0534011919318283
HSCS,0.079744052343384
HSIC,0.0149660012009421
HSII,0.0138363215654075
HSON,0.0183448018334214
HSPO,0.0107299946205896
HSPOU,0.0111921390088557
HST,0.0168712650886246
HSTM,0.0290355534612017
HTBK,0.0152099703821375
HTCR,0.0647935109116303
HTHT,0.015779942945681
HTLD,0.0254902349010994
HTLM,0.0182193785034225
HTO,0.0150316259982067
HTZ,0.0520910423025254
HUBC,0.0731824460772112
HUBG,0.0224401198809769
HUDI,0.0327228891669171
HUHU,0.0603639085002178
HUIZ,0.0363120064463832
HUMA,0.0718093110433562
HURA,0.0493792115715288
HURC,0.0316721107177251
HURN,0.0191941842212166
HUT,0.0501597412064646
HWAY,0.0107658241319074
HWBK,0.0184413417917105
HWC,0.017041967956963
HWH,0.0788570002960875
HWKN,0.0158979665773151
HXHX,0.0514060748396498
HYDR,0.0247889659960575
HYFM,0.0593632006311739
HYMC,0.0527089701587906
HYPR,0.0908866907025681
IAC,0.0201655710940678
IART,0.0459461815272138
IAS,0.0188166797399707
IBAT,0.0113216305435696
IBB,0.0161553489563096
IBBQ,0.016087879727257
IBCP,0.0155928494006054
IBEX,0.0323474768528715
IBIT,0.0206051798333445
IBKR,0.0202877988129625
IBOC,0.0152319535841673
IBOT,0.011074315054176
IBRX,0.0528153205528728
ICAD,0.0233127737720607
ICCC,0.0505491307880027
ICCM,0.0374271620953288
ICFI,0.019719416313463
ICG,0.087363433574445
ICHR,0.0472080753571358
ICLN,0.0127509234200376
ICLR,0.0372329752539406
ICMB,0.0192384631450511
ICOP,0.015055986467561
ICUI,0.0231169663827235
IDAI,0.0650619803866144
IDCC,0.0136378698200634
IDN,0.0541209278530744
IDXX,0.0120385425093228
IDYA,0.0352581012849867
IEP,0.0223709611932104
IESC,0.0325683853337693
IFBD,0.0503144573547073
IFLO,0.0109620159830505
IFRX,0.0896271723988515
IGIC,0.0218708328875103
IGMS,0.0393414486733342
IHRT,0.042490660703962
III,0.0308327948512842
IIIV,0.0247009078490273
IINN,0.0910600570897226
IJT,0.0109561038448518
IKNA,0.035749141241558
IKT,0.0548494140380503
ILAG,0.0785412036048717
ILIT,0.022578502897163
ILLR,0.0803592450944127
ILMN,0.0254132415149851
ILPT,0.0534874594702164
IMCR,0.0322116658274917
IMDX,0.0652208182611471
IMG,0.046248897804165
IMKTA,0.0135987601391516
IMMP,0.0699284048388744
IMMR,0.021079552800587
IMMX,0.06039137531567
IMNM,0.0415994136932029
IMOM,0.0101946220003206
IMOS,0.0207692806553534
IMPP,0.0299861867974694
IMRA,0.0320825629943844
IMRN,0.0369733741767204
IMTE,0.0436981791741582
IMTX,0.039142742329367
IMUX,0.0506791868597673
IMVT,0.0303882475194921
IMXI,0.0315539115094063
INAB,0.0608077438917088
INBK,0.0301182999170403
INBS,0.0592003367497582
INBX,0.0430571040724354
INCR,0.022379909562984
INCY,0.0189351688161835
INDB,0.0198838863929169
INDI,0.054957585028199
INDV,0.0251077194613229
INGN,0.0352929624296693
INLF,0.0817071908960316
INMD,0.0191150214956032
INNV,0.0419041059091565
INO,0.0636210948951049
INOD,0.0564097357571126
INSE,0.0231325335464607
INSG,0.0385652117190288
INSM,0.0436756316370368
INTA,0.0221705215438215
INTC,0.0290621524264922
INTG,0.0587061580354576
INTJ,0.085508072430142
INTR,0.0238847986130553
INTU,0.0154207555763415
INTW,0.0580025527945741
INTZ,0.0774821357726094
INV,0.0495280972807977
INVA,0.0138136394941615
INVE,0.0270000523169855
INVZ,0.067280591823734
IOBT,0.058126931521603
IOMT,0.0150673739570394
IONR,0.0355080477504174
IONS,0.0231560863051019
IOSP,0.0149549234982732
IOTR,0.0571198953001354
IPAR,0.0207361746799854
IPGP,0.0268800514791478
IPHA,0.0357188535665941
IPM,0.0421704043592227
IPSC,0.0420440419498538
IPW,0.0615861948296498
IPWR,0.0450658644266073
IPX,0.0516791675255355
IQ,0.0265794115694139
IRD,0.034899663695195
IRDM,0.034775311670843
IREN,0.0421878680937158
IRIX,0.0461746201776564
IRMD,0.0230043127521179
IRON,0.0304064012022786
IROQ,0.0175470747674912
IRTC,0.0318402049964777
IRWD,0.0773920830738007
ISHP,0.0106514003695083
ISPC,0.0432722088073566
ISPO,0.0440587329921286
ISPOW,0.0887767642492021
ISPR,0.0548433313628417
ISRG,0.0147712301792622
ISRL,0.0238920248070777
ISRLU,0.038120316287551
ISSC,0.0543058819704046
ISTR,0.0199891972241896
ITIC,0.0235872783572403
ITOS,0.0373147990123085
ITRI,0.0114551227903125
ITRM,0.0429426741038559
ITRN,0.0165779192909132
IVA,0.0409938693251129
IVDA,0.0591382288440558
IVF,0.0886037834529896
IVP,0.0751942311735537
IVVD,0.0718866607172511
IZEA,0.0479353741154367
IZM,0.0301868212401495
JACK,0.0442757378904231
JAGX,0.0671455895753108
JAKK,0.036639206946823
JAMF,0.02326068527365
JANX,0.037184187548874
JAZZ,0.0222148966487632
JBDI,0.0683200116476298
JBHT,0.0211709983188141
JBIO,0.067042270462667
JBLU,0.036423653416867
JBSS,0.0182950721939846
JCAP,0.0153916909136113
JCSE,0.064487203855338
JCTC,0.0204220927887741
JD,0.022218370276421
JDOC,0.0114286288195816
JFB,0.0648201226546303
JFIN,0.0413421229759188
JFU,0.0521256149701239
JG,0.0411958730130502
JJSF,0.0230688439497705
JKHY,0.0116224939145907
JL,0.034518107953047
JMID,0.0107463627812697
JMSB,0.0160964955820181
JOUT,0.0248786004644396
JOYY,0.0163399945922883
JPY,0.0116073487727776
JRSH,0.0184248092363942
JRVR,0.0290353070917356
JSMD,0.0125218230063161
JSML,0.0115888289460755
JSPR,0.0896113413617842
JTAI,0.0406910482846464
JTEK,0.0109993675130444
JVA,0.0485263041964597
JWEL,0.0663616398847396
JXG,0.0627783540388222
JYNT,0.0347869060196917
JZ,0.0781616702813987
KALA,0.076758386663109
KALU,0.0210030325284045
KALV,0.0467861483528192
KARO,0.0431756210037593
KAVL,0.0610588808400431
KBAB,0.049127622068691
KBWB,0.0124561751905633
KBWP,0.0113855551383325
KBWR,0.0147489912480588
KBWY,0.0103916871498391
KC,0.0497203523619259
KE,0.0364944067588168
KELYA,0.0235030611893618
KELYB,0.0298117418803965
KEQU,0.0533087539642466
KFFB,0.0321328727660296
KFRC,0.0207380613214911
KGEI,0.0525750947306411
KHC,0.0146900631902471
KIDS,0.0243420084163049
KINS,0.0413071547742815
KIRK,0.0622010288103978
KITT,0.0564181080939271
KLAC,0.0207139423964906
KLIC,0.0213247770158868
KLRS,0.0476571815137829
KLTR,0.0247765742610467
KLXE,0.0782510947749006
KMDA,0.0217860998911201
KMLI,0.035901457833847
KMTS,0.0424066513510895
KNDI,0.0361518031610666
KNSA,0.0236891911014411
KOD,0.0773603178805155
KOID,0.0115383053042029
KOPN,0.0466171526270297
KOSS,0.0450476354598633
KPDD,0.0522869896134485
KPLT,0.0609269864685725
KPRX,0.0600103855776938
KPTI,0.0637204511925927
KRKR,0.035218114287111
KRMD,0.0451431618849838
KRNT,0.0331489164239111
KRNY,0.0189200007276411
KRON,0.0428706705146256
KROP,0.0106740272873952
KROS,0.0208181741413452
KRRO,0.0693179551930475
KRT,0.028782780752023
KRUS,0.038830964535833
KRYS,0.0285115109220155
KSCP,0.0732839804663463
KSPI,0.0208126135589673
KTCC,0.0324773146494466
KTOS,0.0364888016499454
KTTA,0.0558113247375578
KURA,0.0390508440259608
KVHI,0.0152778099644999
KXIN,0.0460538208328881
KYMR,0.0677593942724467
KYTX,0.0712774030065469
KZR,0.0336454770570672
LAB,0.0532064525632154
LAES,0.0682096122209899
LAKE,0.0430315416325677
LAMR,0.0125522211390991
LAND,0.0213261290741037
LARK,0.0227644261213411
LASE,0.0656647038439538
LASR,0.0554666691008061
LAUR,0.01622961829148
LAWR,0.0574875995027269
LAYS,0.0419242298311519
LAZR,0.0595302187126732
LBGJ,0.0537773509578326
LBRDA,0.0308062729161875
LBRDK,0.0307428917968984
LBTYA,0.023121044945136
LBTYB,0.0223174719200963
LBTYK,0.0245971876356583
LCID,0.0632016023001546
LCNB,0.0184088918031353
LCUT,0.059340571031936
LDEM,0.0113355759318375
LDWY,0.0424769271011492
LE,0.0464148329013132
LECO,0.0151747792471771
LEDS,0.0504959039735246
LEE,0.0413083237839371
LEGH,0.0205149746622461
LEGN,0.035481663163043
LENZ,0.0398142187146994
LESL,0.0646016168501542
LEXX,0.0380469697403493
LFCR,0.0299107542797665
LFMD,0.0404425809087017
LFMDP,0.0135762483206217
LFST,0.0327449112220484
LFUS,0.0215697191276623
LFVN,0.0327644246457762
LFWD,0.0648288434911922
LGCB,0.0415895381041965
LGHL,0.0817772351769128
LGIH,0.0382843973953512
LGND,0.0228970075360705
LGO,0.0434606948153997
LGVN,0.0554510587607466
LI,0.0261817636599472
LIEN,0.0216909765571673
LIF,0.0338561314838668
LILA,0.0338633354833804
LILAK,0.0347817096869831
LINC,0.0234927052016711
LIND,0.0274659326323878
LINE,0.0194966355759541
LINK,0.0717740058791846
LIQT,0.0545349318183157
LITE,0.0258626402994575
LITM,0.0590767916605749
LITP,0.0282785663997558
LIVN,0.0357674467057089
LKFN,0.0158240901588751
LKQ,0.0273921092036708
LLYVA,0.0160073502409334
LLYVK,0.0157552539476594
LMAT,0.0231290307523606
LMB,0.032559184927579
LMNR,0.0230314662837232
LNKB,0.0197603553652297
LNKS,0.0453849430620694
LNSR,0.0137828431796335
LNT,0.0113640769400377
LNTH,0.0372606867670591
LNW,0.0326722351935075
LOAN,0.0154808097431992
LOCO,0.0248692591292579
LOGI,0.0172610697560294
LOKV,0.0105015716100252
LOKVU,0.017518076453705
LOOP,0.0762664607650277
LOPE,0.0149606086590072
LOT,0.0400562005778698
LOVE,0.0358469509603424
LPCN,0.0427317602616314
LPLA,0.0189127115390125
LPRO,0.0532773018256492
LPSN,0.0500185387849899
LPTH,0.0473937609749761
LPTX,0.0570911960679408
LQDA,0.054201851006218
LQDT,0.0269669940058643
LRCX,0.0210394711994579
LRE,0.0483415197646638
LRFC,0.0196408930668136
LRMR,0.0686875042238576
LSAK,0.028111978753072
LSB,0.071394612205737
LSCC,0.0333412711644276
LSE,0.0792698245274673
LSH,0.0470081224461597
LSTA,0.0496039221228788
LSTR,0.0173842350646081
LTBR,0.0805878371441397
LTRN,0.0535931235151061
LTRX,0.0367074552553279
LUCD,0.0441933148017763
LULU,0.0345134290169945
LUNG,0.053314290160527
LUNR,0.0551392269423193
LVLU,0.0804866965475328
LVO,0.0572399951014056
LVRO,0.0574263473796085
LVTX,0.0232215023977556
LWAY,0.0202948209644928
LWLG,0.0784521204220806
LX,0.0407400347967705
LXEO,0.0737071874407425
LXRX,0.0659067926320137
LYFT,0.0426840533957694
LYTS,0.0174825366704818
LZ,0.0346901620790792
MAGS,0.0132054048906977
MAMA,0.0256864899393492
MAMK,0.0912145442432079
MAMO,0.0536418155293625
MANH,0.0184203428383745
MAPS,0.0394322626392567
MAR,0.0143713285978455
MARA,0.0469633753479628
MARPS,0.0637503258905575
MASI,0.0225539154616103
MASK,0.057688998605182
MASS,0.0519997009559393
MAT,0.0308067392598141
MATH,0.0647250007836077
MATW,0.0255129180346908
MAXI,0.0377986011200266
MAXN,0.0659293715766694
MAYS,0.0178041059455312
MAZE,0.0689429218604363
MB,0.0911727991343665
MBAV,0.0260085801746106
MBAVU,0.0617150643033731
MBCN,0.0236117202202459
MBIN,0.0200565065601182
MBLY,0.0338679905981294
MBOT,0.040735888844801
MBUU,0.0308901601568875
MBWM,0.0162579681888878
MBX,0.0562420542475579
MCBS,0.0162865271648131
MCDS,0.010696090680865
MCFT,0.0295931279577264
MCHI,0.0119634483615008
MCHP,0.0307881575261393
MCHPP,0.024884445209457
MCHS,0.0148145334020758
MCHX,0.0415725997259306
MCRB,0.0696517959839753
MCRI,0.028294972537987
MDAI,0.0579672299190369
MDB,0.0259731307246324
MDBH,0.0583639206417412
MDGL,0.0296664621285366
MDIA,0.0732952672546051
MDLZ,0.011578815317945
MDRR,0.0279609362426264
MDWD,0.024360883826147
MDXG,0.0283720160564843
MDXH,0.0337761300949226
MEDP,0.0753426966040394
MEDX,0.0128653717804241
MEIP,0.0700553161392639
MELI,0.0182325011998348
MEMS,0.0116172697044656
MEOH,0.0228534700422753
MERC,0.0391149234841196
MESA,0.0254276051526695
MESO,0.0546727731000735
META,0.0178826208948019
METC,0.0729254605450101
METCB,0.0528179977089994
METD,0.0179102055654364
METU,0.0359945892880533
MFIC,0.0109999143630702
MFIN,0.0200553237139706
MGEE,0.0105885107010716
MGIC,0.0236454711503478
MGIH,0.0379024675498228
MGNI,0.0399655045730287
MGNX,0.0621907651387445
MGPI,0.0250929563067925
MGRC,0.0176596995334955
MGRX,0.0621238997552372
MGTX,0.045375477796279
MGX,0.0562202504132925
MGYR,0.0130817922750921
MHUA,0.0895293222504086
MIDD,0.0190714965613725
MIGI,0.0693177662042334
MIMI,0.0390893564875738
MIND,0.0559126590995684
MIRA,0.0559377579759623
MIRM,0.0238492293789125
MIST,0.0718883227900063
MITK,0.021587832948173
MKDW,0.0499280183778578
MKSI,0.0301039740652084
MKTW,0.0317462920318781
MKTX,0.0146669808851956
MLAB,0.0336764059779005
MLCO,0.0271035634073722
MLEC,0.0657075856299461
MLKN,0.0277152869939418
MLTX,0.0368916996776964
MLYS,0.0308162097875421
MMLP,0.0208407742333401
MMSI,0.0187133636362923
MMYT,0.0288546459314859
MNDO,0.0223766878322037
MNDR,0.0354872589927975
MNDY,0.0214845426193992
MNKD,0.0303317251201817
MNMD,0.0399942510873987
MNOV,0.0323951189553511
MNPR,0.0591234232612891
MNRO,0.0562251131931985
MNSB,0.0172796722340632
MNSBP,0.0157487684671301
MNST,0.0110099549222729
MNTK,0.0531657664058789
MNTL,0.0141063166338259
MNTS,0.0443879681621922
MNY,0.0692960616355394
MOB,0.0900569881900975
MOBX,0.0670890551062594
MODD,0.0453477747188198
MOFG,0.0172806438252455
MOLN,0.0384763627722172
MOMO,0.0282191299248705
MORN,0.0120160026104457
MPAA,0.0410014732580868
MPB,0.0171378956505844
MPWR,0.0260239309804076
MQ,0.0229741722963322
MQQQ,0.0171026965499498
MRAM,0.0243268132516621
MRBK,0.0209442698462032
MRCC,0.0144172153356605
MRCY,0.0244386273680442
MREO,0.0705944433035817
MRKR,0.073229246530111
MRNA,0.0371053667581936
MRNO,0.0542270238083019
MRSN,0.0729185687136449
MRTN,0.0174158972379274
MRUS,0.055698275410643
MRVI,0.0427998666262096
MRVL,0.0314460467288459
MRX,0.0196445065209436
MSAI,0.0617733546864161
MSBI,0.0190320054428068
MSDD,0.0622586274921603
MSEX,0.0170750490852795
MSFL,0.0165967338908635
MSFU,0.0162148452808009
MSGM,0.0409414026809943
MSII,0.0309593907702837
MSPR,0.0552212862337666
MSS,0.0307077217716896
MSTP,0.0614008671854432
MSTR,0.0304319915684302
MSTX,0.061205695498183
MTC,0.0384261774064483
MTCH,0.0214200777886336
MTEK,0.0543592146496617
MTEX,0.0517537314335917
MTLS,0.0285881649510605
MTRX,0.026861108305801
MTSI,0.0184396586713248
MTSR,0.0633839944788581
MTVA,0.0503734182903809
MU,0.0234799748287339
MUD,0.0235825209989942
MULL,0.0471238309214397
MURA,0.0234260853052521
MUU,0.0468271060693146
MVBF,0.0167512868350848
MVIS,0.0557515376169306
MVLL,0.0627733120604294
MVST,0.0662564960228769
MXCT,0.0385567441583027
MXL,0.0328618131428003
MYFW,0.016887936023147
MYGN,0.0693121101526586
MYNZ,0.0616914171570838
MYPS,0.0393128651617942
MYRG,0.0164440337981989
MYSZ,0.0427315292883125
MZTI,0.0144589692352264
NAAS,0.0673186074685497
NAGE,0.0437301423840408
NAII,0.0266239617488803
NAMS,0.0323234511391691
NAMSW,0.0631347235634959
NATH,0.0222069796171492
NATL,0.0272544190453122
NATO,0.0106250447920385
NATR,0.0271304102299082
NAUT,0.0564106338855163
NAVI,0.0198730345162547
NB,0.0709057410994721
NBBK,0.0160268012862092
NBIS,0.0551804133719388
NBIX,0.0179587323477675
NBN,0.0176562255112
NBTB,0.0151550275318
NBTX,0.0517377619717614
NCEW,0.0740840363834461
NCI,0.0703536317844059
NCIQ,0.0216481556970242
NCMI,0.0315791030198154
NCNO,0.0183819460491821
NCRA,0.0748150371852999
NCSM,0.0300786155143778
NCT,0.0785633002377133
NCTY,0.0456973483743526
NDAQ,0.0115840969677609
NDLS,0.0561612941138859
NDSN,0.0170675873041842
NECB,0.0158292690716392
NEHC,0.0681705725343172
NEO,0.0303992503932388
NEOG,0.0448421814738966
NEOV,0.0575924824796659
NEPH,0.0781217331259052
NERD,0.0120837679933211
NERV,0.0403015407222155
NESR,0.0356411910445383
NEUP,0.0396331368929454
NEWT,0.0250956689139494
NEXM,0.0719537879879548
NEXN,0.0276605274920321
NEXT,0.0382896718155241
NFBK,0.0214781160857487
NFLX,0.0160898138338181
NFXL,0.0323913470451664
NFXS,0.0153182735376538
NGNE,0.0802848098195405
NHPAP,0.010882612653019
NHPBP,0.0149702834902226
NHTC,0.020247581893606
NICE,0.0202326396807414
NIKL,0.0199773735397283
NIPG,0.068663892810215
NISN,0.0627029036500204
NIU,0.0493445690499853
NIXT,0.0136818726290309
NIXX,0.0549475780051633
NKSH,0.0188609398084475
NKTX,0.0382209185066205
NLSP,0.0588877415735662
NMFC,0.0109382425581181
NMIH,0.0154037249057378
NMRA,0.0794239314510495
NMRK,0.0243178030038573
NMTC,0.045487429574245
NN,0.031235650689022
NNBR,0.0542768420280015
NNDM,0.0243503566909628
NNE,0.0673011934171317
NNOX,0.0286481954067515
NODK,0.0181290082903982
NOTV,0.0761084117062332
NOVT,0.0194122733827554
NOWL,0.039075288672085
NPCE,0.0555272561244559
NRC,0.0266463923239047
NRDS,0.0437858360793971
NRIM,0.0191891866222731
NRIX,0.0403583535963063
NRSN,0.0572344585169873
NRXP,0.0426465432678129
NSIT,0.0167101054655598
NSPR,0.0329631956178865
NSSC,0.0179664027244532
NSYS,0.0295559218696511
NTAP,0.0158689699540408
NTCT,0.017395338051054
NTES,0.0245274028286018
NTGR,0.0224986627546949
NTIC,0.0295648737466393
NTLA,0.0599025457427334
NTNX,0.017297704807819
NTRA,0.0221882184477451
NTRB,0.0684200992767423
NTRP,0.0667547678539631
NTRS,0.0194217518050479
NTWK,0.0318717494119702
NUKK,0.068554361613137
NUTX,0.0674984594458348
NUVL,0.0278288501566535
NVAX,0.0439858704291095
NVCR,0.0463542422003142
NVCT,0.0347505108123708
NVD,0.0380687755639139
NVDA,0.0190298550270789
NVDD,0.0189211913861132
NVDG,0.038011205954305
NVDL,0.0382445384534645
NVDS,0.0283168454356885
NVDU,0.0382070919297051
NVEC,0.036109843071087
NVEE,0.0256132857174194
NVMI,0.0307535594267264
NVNO,0.0541272537121533
NVX,0.058081883584332
NVYY,0.0120693373491092
NWBI,0.0126001543387726
NWE,0.0106467577646469
NWFL,0.0184443139508913
NWL,0.0382233658918912
NWPX,0.0156582541676593
NWTG,0.0545862342318822
NXGL,0.0394421025620226
NXL,0.051804352040679
NXPI,0.022497305553875
NXPL,0.0495020057878105
NXST,0.019636499277896
NXT,0.033650266498772
NXTC,0.0685699298693057
NXXT,0.041496153825442
NYAX,0.0271580650190202
NYMT,0.0187914117103399
NYXH,0.0315717122896586
OABI,0.0425744235728316
OAKUR,0.0894627621964885
OBIO,0.0489885246983905
OBLG,0.0813774155076331
OBT,0.0246821092903582
OCC,0.0697001588498203
OCCI,0.0135928455085718
OCFC,0.0174180153684755
OCG,0.0805588689413099
OCGN,0.0472224346310525
OCS,0.0229331908449279
OCSL,0.0121433222893928
OCUL,0.039703994640007
ODD,0.031823831972953
ODDS,0.0109438664783112
ODFL,0.0228196378028015
ODP,0.0374793822802061
OESX,0.0404112050475549
OFIX,0.0263210087726944
OFLX,0.0305410652009169
OFS,0.0142296970595257
OGI,0.0326901296968331
OKTA,0.0278228402199687
OKUR,0.0432736948305868
OKYO,0.0683480093333886
OLB,0.063184998693029
OLED,0.0190440817794796
OLLI,0.0246291093393258
OLMA,0.0493406631364734
OLPX,0.0429031261259402
OM,0.0658659599957685
OMAB,0.0163551384777345
OMCC,0.0477030361042173
OMCL,0.0319096291898531
OMDA,0.0609984774864561
OMER,0.0784704678564629
OMEX,0.0813626082449068
OMSE,0.0596194931204932
ON,0.0347064668189595
ONB,0.0172898363236443
ONC,0.0251982092050056
ONCO,0.0885541405025438
ONCY,0.0793491436978561
ONDS,0.0715593738316692
ONEW,0.043121694828786
ONFO,0.0406758976456456
OOQB,0.0230309811493982
OOSB,0.0224098607949685
OPAL,0.0572085482591305
OPBK,0.0213661535154431
OPCH,0.0163743541805795
OPHC,0.013012220437832
OPI,0.0796589790770675
OPINL,0.0327164395442849
OPK,0.0216274811374162
OPOF,0.0110940001415894
OPPJ,0.011053110484379
OPRA,0.0222581375822702
OPRT,0.0459285573818944
OPRX,0.0479789064560594
OPTX,0.0671808332013086
OPTZ,0.0118254446910212
OPXS,0.0545214486553252
ORGN,0.0711754336767824
ORGO,0.0721461312757939
ORIC,0.0623124171479928
ORKA,0.0393754126373482
ORKT,0.0606483518079202
ORLY,0.0128030832774577
ORMP,0.0261963608764974
ORRF,0.01750573116282
OS,0.024539864300271
OSBC,0.0151228355291085
OSIS,0.0204522416016308
OSPN,0.0213024316057929
OSRH,0.0595408047811379
OSS,0.0592556363396584
OSUR,0.0347518955190895
OSW,0.0154898692883418
OTEX,0.0148585781393483
OTGL,0.0107937557414387
OTLK,0.0572858540615972
OTLY,0.0345058164325235
OTRK,0.0802008476452554
OTRKP,0.0494017226751128
OTTR,0.0152695989994935
OVBC,0.0238267694337135
OVID,0.0658075327772377
OVLY,0.0211253214808877
OXBR,0.0832496218260879
OXLC,0.0184035561214152
OYSER,0.0435636624828395
OZEM,0.0161937710606471
OZK,0.0160376572311458
OZKAP,0.0109500557863771
PAA,0.0144560414745742
PACB,0.0602293742716026
PAGP,0.0153445972769245
PAHC,0.0307053757377834
PAL,0.0436489135155089
PALD,0.0190533532870037
PALI,0.0794542647159009
PALU,0.0377536841974767
PAMT,0.0350031273562655
PANL,0.0294265240964498
PANW,0.0189290370028831
PARA,0.0122684226721955
PATK,0.0201061819989803
PAVM,0.0344736596296413
PAVS,0.0491223739740053
PAX,0.0157581909488207
PAYO,0.0316563199430095
PAYS,0.0517113586442959
PAYX,0.0160394114355484
PBBK,0.029813414921397
PBFS,0.0146853960402564
PBHC,0.0190386743381925
PBPB,0.0319928949759739
PBYI,0.0351290587721221
PC,0.0522344467475954
PCAPU,0.0126425742687663
PCAR,0.0166152661662307
PCB,0.01692147661556
PCH,0.0182875357446339
PCRX,0.0202001780556402
PCT,0.0521320569344358
PCTTU,0.0674522203848808
PCTY,0.0176811342324714
PCVX,0.0411637502759903
PCYO,0.0189077075715089
PDBC,0.0102438545535539
PDD,0.0262331952607124
PDDL,0.0298477778719288
PDEX,0.0546063187868391
PDFS,0.0246765868996939
PDLB,0.0152163525297193
PDSB,0.0489845809620161
PDYN,0.0798311709375272
PEBK,0.0219989111603246
PEBO,0.0148588192020041
PECO,0.0120730056269367
PEGA,0.0256145496830217
PENG,0.0245988714679046
PENN,0.0278391638735139
PEP,0.0148600866220672
PEPG,0.05985317563359
PERI,0.0280501474948115
PESI,0.0233930585727879
PETS,0.0342300813539016
PETZ,0.0448067217829497
PEY,0.0104481731760892
PFAI,0.0731266554686405
PFBC,0.0159109473872022
PFG,0.0136076644581232
PFI,0.0105766649537493
PFIS,0.0183186111925102
PFX,0.0111682480406844
PGC,0.0208613863891351
PGEN,0.0517304319481853
PGJ,0.0148690112833229
PGNY,0.0284683243045463
PGY,0.055306904761646
PHAR,0.0421119121942867
PHIO,0.0650124505749464
PHLT,0.0332908251046448
PHUN,0.0452819895716309
PHVS,0.0519051674173663
PI,0.0299000551771946
PIE,0.0110062334462336
PIII,0.0294540451756975
PINC,0.0175914964640603
PKBK,0.0153057207273537
PKOH,0.0240362766118962
PLAB,0.0307573461733206
PLAY,0.0469690839714715
PLBC,0.0203832009823054
PLBY,0.057068870829514
PLCE,0.0834575368302928
PLL,0.0438006376456074
PLMKU,0.0120241579102934
PLMR,0.0219833728526913
PLPC,0.0192968033728487
PLRX,0.0451926121619272
PLSE,0.0272983657139548
PLTD,0.0362910386441214
PLTG,0.0719097614032663
PLTK,0.0259069378716256
PLTU,0.0724704254148919
PLTZ,0.0534715577324787
PLUG,0.0863701659137209
PLUR,0.0518774192562586
PLUS,0.0163748908143823
PLUT,0.0650633780350087
PLXS,0.0209612799167579
PMCB,0.032173421635739
PMEC,0.0521763496742768
PMNT,0.0911903920007119
PMTS,0.0434147061727545
PMVP,0.040331339775863
PN,0.058779670906443
PNFP,0.0246700918066913
PNRG,0.0415422373289925
PNTG,0.0234469604701002
POAI,0.0357182266833456
POCI,0.0302081388283058
PODC,0.0602824830800319
PODD,0.0303288048319396
POET,0.0546613397728712
POLA,0.0283582047648781
POOL,0.0202189775706891
POWI,0.0273452713880122
POWL,0.0337615762193659
POWW,0.0385054854779952
POWWP,0.0184812646877427
PPBI,0.0224022573930202
PPBT,0.035369548641261
PPC,0.016464780806571
PPH,0.0119694400636862
PPIH,0.0618033256638173
PPSI,0.0406997517477875
PPTA,0.0585168163526105
PRAA,0.0472183511618525
PRAX,0.0333322110948399
PRCT,0.0264077132315985
PRDO,0.033033697913766
PRE,0.0851140441879809
PRFX,0.040715171143955
PRFZ,0.0112797119668486
PRGS,0.0226233084898563
PRLD,0.0555356696312593
PRME,0.0884876049659894
PRN,0.0107978744848405
PROF,0.0447332048547613
PROV,0.0131174852597113
PRPH,0.0620195691657969
PRPL,0.0550163129169513
PRPO,0.0569736799071821
PRQR,0.0452336030667443
PRSO,0.0683250242103006
PRTA,0.0535816377530801
PRTC,0.028505409076559
PRTG,0.0489850909180273
PRTH,0.0386213742996182
PRTS,0.0421452690471551
PRVA,0.020861141692807
PRZO,0.0658788835113067
PSC,0.0115958534253583
PSCC,0.0128151739629502
PSCD,0.0159534429967594
PSCE,0.0177668432063283
PSCF,0.0121893596900902
PSCH,0.0134193967307646
PSCI,0.0128781439093578
PSCM,0.0151676993056456
PSCT,0.0145549638871381
PSEC,0.0150624663657691
PSHG,0.0400962288993778
PSIG,0.0618931985737176
PSIX,0.0535069002037144
PSMT,0.0152364589464271
PSNL,0.049623378584331
PSNY,0.0341483448369347
PSNYW,0.0346768374656145
PSWD,0.0125815873727412
PT,0.0392940379006743
PTC,0.0280772197703354
PTCT,0.0379955869929724
PTEC,0.0108324898973077
PTEN,0.0297495053792841
PTF,0.0121612094783415
PTGX,0.0250596300365176
PTH,0.0144548293356799
PTIR,0.0725947740974441
PTLO,0.0317537709230349
PTMN,0.0142723789633996
PTON,0.0446870331689571
PUBM,0.0283928162153856
PULM,0.0501318590519093
PVLA,0.0494005446575682
PWER,0.0107993783068887
PWM,0.0763996436501108
PWOD,0.0128618299238599
PWP,0.0243074313904542
PWRD,0.0112963130785141
PXI,0.0129033568750175
PXLW,0.0891913483425274
PXS,0.0257309389113915
PYPD,0.0399344268373276
PYPG,0.034573072063189
PYPL,0.0175146103683002
PYXS,0.0526740156060518
PZZA,0.0332869413214145
QABA,0.0143467177698037
QBIG,0.0114834234158012
QCLN,0.0193996735619177
QCMD,0.012258448529028
QCML,0.0311681563244689
QCMU,0.0252363891217479
QCOM,0.015638694216429
QCRH,0.0157970492387603
QDEL,0.062455897150274
QFIN,0.0247548179394333
QH,0.0449844065983358
QIPT,0.0879903831940393
QLGN,0.0412470866684308
QLYS,0.0162831955312973
QMCO,0.0659683628063207
QMMM,0.0822939966441692
QNCX,0.0536288741153597
QNRX,0.0422814340297703
QOWZ,0.0101056693576451
QQDN,0.0168029194257389
QQJG,0.0100758757539871
QQQG,0.0104300573566409
QQQP,0.0172667252657662
QQQS,0.0167052050992767
QQUP,0.0163578839968571
QRHC,0.0427881273091316
QRVO,0.0172779585024116
QSG,0.0906089689359605
QSI,0.0698102260129661
QSML,0.0118048362392728
QTEC,0.0115493425409883
QTRX,0.0657464260101104
QUIK,0.0454483330617655
QURE,0.0593924257580023
QXO,0.0379026218653415
RAIL,0.0484840775438767
RAND,0.0321264593760343
RANI,0.0859663419102471
RAPP,0.0644808405081575
RARE,0.0458002788655384
RAVE,0.0246569679340776
RAYS,0.0203517247411231
RBB,0.020250482276273
RBBN,0.0308713820741331
RBCAA,0.0146685443904526
RBKB,0.0170534217692694
RCAT,0.0798186040898067
RCEL,0.0530450642442009
RCKY,0.0257618106778434
RCMT,0.0301193158580766
RCON,0.0772368590476612
RDCM,0.0301301554859194
RDFN,0.0289595134069365
RDGT,0.0519833206818588
RDHL,0.067331164840179
RDI,0.0322894216612942
RDIB,0.0548095509021296
RDNT,0.0224854899191645
RDTL,0.077067698936809
RDTY,0.0104320793361158
RDVT,0.0292382394225998
RDWR,0.0204440725388147
RDZN,0.0871156189665217
REAL,0.0581081035197709
REAX,0.0265986129964637
REBN,0.0491093870331072
RECT,0.0239684643423729
REFI,0.0104105162989403
REFR,0.0577097550526135
REGN,0.0339373291137736
REKR,0.0668417239498681
RELL,0.0274437646549077
RELY,0.0285401607866957
RENB,0.0647420581796539
RENT,0.0777958110955151
RETO,0.0594921389191706
REVB,0.0911738613903846
REYN,0.0122179074190982
RFIL,0.0441379739140723
RGCO,0.024271535277214
RGEN,0.0296183956409766
RGLD,0.0215341190879629
RGLS,0.0105881918123825
RGNX,0.0610867891050857
RGP,0.0317798907124114
RGTI,0.0805885891750245
RHLD,0.0513765595232371
RIBBU,0.0119934808476105
RICK,0.0226339001326787
RIGL,0.0280015601482012
RILY,0.0555970987200663
RILYG,0.0564781221909448
RILYK,0.0431316337149573
RILYN,0.0461120375464885
RILYT,0.0622736904255692
RILYZ,0.0507123050858026
RIME,0.0579886997419581
RING,0.0233015847332388
RIOT,0.0417275776663908
RIVN,0.0271830214344449
RKDA,0.0389792989310717
RKLB,0.0502253183455032
RLAY,0.0369314093579968
RLMD,0.0770425245570332
RMBI,0.0180915326321973
RMBL,0.0585834354881227
RMBS,0.0217072471753338
RMCF,0.0517316986054348
RMCO,0.0579975601951384
RMNI,0.0576719662119346
RMR,0.0177681362476213
RMSG,0.0713074935127714
RMTI,0.059149721704841
RNA,0.0437825019740561
RNAC,0.0585979716899459
RNAZ,0.0759017997906414
RNEM,0.0100827665607063
RNRG,0.0104507939901969
RNTX,0.0497728100928007
RNW,0.0207049308108346
RNXT,0.0297759998839037
ROAD,0.0238594535265709
ROBT,0.0120007779338579
ROCK,0.0197438983191389
ROIV,0.019047937185709
ROKU,0.0306605503846159
ROMA,0.0716564920662152
ROOT,0.0382574374968524
ROST,0.0184799252582709
RPAY,0.0310849298615434
RPD,0.0237982938222657
RPID,0.0545281446549249
RPRX,0.0137651083818556
RPTX,0.0301420482187939
RR,0.0701944237072273
RRBI,0.0157368050993175
RRR,0.0206791393210154
RSSS,0.0283374573407207
RSVR,0.0235088379014596
RSVRW,0.0783268184713335
RTAC,0.018542991410677
RTACU,0.0211180602578721
RTACW,0.0848305293354472
RTXG,0.0302184639661641
RUM,0.0415297268640384
RUSHA,0.0201050061346952
RUSHB,0.0184193132206612
RVMD,0.0280057391442586
RVSB,0.0149168529541548
RVSN,0.0455634631141141
RWAY,0.0148074717477341
RXRX,0.0593364180745153
RXST,0.0645275154080531
RXT,0.0494670053997752
RYAAY,0.0194608101840559
RYTM,0.0536357976802463
RZLT,0.0355097295478061
RZLV,0.0740877216712332
SABR,0.0337806243211777
SABS,0.0606576184937857
SAFT,0.0135114361712649
SAGE,0.0498739870591133
SAGT,0.0845378996300123
SAIA,0.0313575700515015
SAIL,0.0347362399279441
SAMG,0.0204144785062301
SANA,0.0683903483769925
SANG,0.0240339790186887
SANM,0.0173041677389221
SARK,0.0236954280676302
SATL,0.0509848093783048
SATS,0.0859144197647253
SAVA,0.0432400331739109
SBAC,0.01235301331259
SBC,0.0474343656862693
SBCF,0.0161755657127216
SBFG,0.0152199495860854
SBFM,0.0443327064682791
SBGI,0.0257406284010928
SBLK,0.0167174002364831
SBRA,0.012816681836265
SBSI,0.0135913372594574
SBUX,0.0190444131793364
SCDS,0.0115140054654402
SCHL,0.0418245750220274
SCKT,0.0249891229334957
SCNI,0.0621852200938278
SCNX,0.061246703045449
SCOR,0.0381243676291176
SCPH,0.0551003245630271
SCSC,0.0186090877536244
SCVL,0.0300632359761034
SCYX,0.0589518269358886
SDA,0.0370759129653197
SDGR,0.0344963411384637
SDOT,0.0827293087828276
SDVY,0.0108542160727996
SEAT,0.0685684634098349
SEDG,0.0889787610060449
SEED,0.0530339351626695
SEER,0.0298966867283294
SEIC,0.011174587255731
SEIS,0.0106310585816779
SELF,0.016176785090444
SELX,0.0404170966659128
SENEA,0.0171571791397713
SENEB,0.0156431105091623
SEPN,0.0754928724301917
SERV,0.068258786849547
SETM,0.0199015699444626
SEVN,0.0209827300602798
SEZL,0.0735747668877137
SFBC,0.0151373459948966
SFD,0.0131130346833248
SFHG,0.0494556556744022
SFIX,0.0436729455759377
SFLO,0.0124640921492562
SFM,0.0208333474499105
SFNC,0.0157551669089233
SFST,0.0224467019710782
SFWL,0.0235492488660775
SGA,0.0217231815277809
SGC,0.0209921742978244
SGD,0.0762773880528652
SGHT,0.0459794313044442
SGLY,0.0728538843037025
SGML,0.0509553713222065
SGMO,0.0762277830310588
SGMT,0.0844375964522557
SGRP,0.034262220736513
SGRY,0.0266356603662344
SHBI,0.0168120880482984
SHC,0.0197205327858697
SHEN,0.0249227946912453
SHFS,0.0856606181306592
SHIM,0.0549351963457759
SHIP,0.0247076177059548
SHLS,0.0657474946234988
SHMD,0.060173480894177
SHOO,0.0408825953407651
SHPH,0.0800758062114694
SHYF,0.0252957300784424
SIBN,0.033516659823782
SIDU,0.0728520171009829
SIEB,0.0503734488414755
SIFY,0.0359179013143465
SIGA,0.022742099584264
SIGI,0.0262671662217286
SILC,0.025594004081176
SIMO,0.0227683340435126
SINT,0.042994683060709
SION,0.0580789387013042
SIRI,0.0191712238959264
SISI,0.0911584585403915
SITM,0.035796308406639
SJ,0.0569025716068047
SKK,0.0376709721876829
SKRE,0.030445077732123
SKWD,0.0218341633015483
SKYE,0.0902194145531246
SKYQ,0.0658915194044757
SKYT,0.0382481055707376
SKYU,0.0231641036578914
SKYW,0.0192194382643796
SKYX,0.035972797810964
SKYY,0.0119536881301006
SLAB,0.0275048481659758
SLDB,0.0696468900260613
SLDE,0.0408407187851803
SLDP,0.0674205557569897
SLM,0.0152491047859544
SLN,0.0454386362942766
SLND,0.0250141088967844
SLNG,0.0410119732000924
SLNO,0.0223196649832001
SLP,0.0582326280877199
SLS,0.0536490036907616
SLSN,0.0506644720376007
SLXN,0.0486956384808
SMBC,0.0149684487190458
SMBK,0.0148111555669169
SMCF,0.0124873954580477
SMCI,0.0458229200136369
SMCL,0.0910158000413339
SMCX,0.0912990348402161
SMCZ,0.0911227574597026
SMH,0.0153837060177181
SMHX,0.0168895734060938
SMID,0.0337573568532093
SMLR,0.0681724219314016
SMMT,0.0667830404762438
SMPL,0.0158193229062114
SMSI,0.0547280666433404
SMST,0.0600656494135535
SMTC,0.032796169664989
SMTI,0.0277473961230485
SMXT,0.0279824966233252
SNAL,0.0582686247475479
SNBR,0.0586503152601495
SNCR,0.0447199951724536
SNCY,0.0322457422637362
SND,0.0283559757423699
SNDK,0.0300538629642153
SNDL,0.0321165724350393
SNDX,0.0506239284046001
SNES,0.0686008440838413
SNEX,0.0176562544027509
SNFCA,0.0210723382493116
SNGX,0.0446790900978992
SNOA,0.0447662876543084
SNPS,0.0219285287710564
SNRE,0.0132372178182397
SNSE,0.0446282498760991
SNSR,0.0133737239695654
SNT,0.0362148138368308
SNTG,0.031222343754762
SNTI,0.0521148610796133
SNY,0.0155582131477711
SNYR,0.0668584251916053
SOBR,0.0769538989027847
SOCL,0.0127741507623535
SOFI,0.0272705847140257
SOHO,0.0365598556604622
SOHOB,0.0177716646561083
SOHON,0.0168104223665472
SOHOO,0.0209291036745834
SOHU,0.0278874627558374
SOLT,0.087968235512653
SOLZ,0.0445460641612321
SOND,0.0849369773908307
SONO,0.0293544303439176
SOPA,0.0481032288611532
SOPH,0.036909883232106
SOTK,0.0217881393583132
SOUN,0.0569318977535787
SOXQ,0.0166645270737603
SOXX,0.0167492226295996
SPAI,0.0809141399605174
SPAM,0.0127736053678806
SPC,0.010875989937115
SPCB,0.0519855847853656
SPCX,0.0108543776557116
SPCY,0.0601421135095861
SPFI,0.020142678042625
SPHL,0.0589464986303385
SPKLU,0.015687227023588
SPNS,0.0152111769960569
SPOK,0.0128629067969513
SPPL,0.0572022704641067
SPRC,0.0721326843561033
SPRX,0.0187930220175053
SPRY,0.0369170283589563
SPSC,0.021210535991791
SPT,0.0249443906393508
SPTN,0.0697700807047219
SPWH,0.0545216816244754
SPWR,0.0640932597764266
SPYQ,0.0146198757765865
SQFTP,0.0117055190784922
SQLV,0.0131863592157184
SQQQ,0.0267146939152093
SRAD,0.0158903243397575
SRBK,0.0126528531259189
SRCE,0.0144035570517418
SRDX,0.0219148474217862
SRRK,0.0427929501249878
SRTS,0.0389151899078269
SRZN,0.0491037149373077
SSB,0.0161456933540584
SSBI,0.0215346768298951
SSBK,0.0162566082592188
SSKN,0.0378816078431076
SSNC,0.0110428740212349
SSP,0.0642802127405606
SSRM,0.032471346292191
SSSS,0.0341006047604004
SSTI,0.0261413182027469
SSYS,0.0275073588622449
STAA,0.0321747248009165
STAK,0.0695569669364664
STBA,0.0139687919872954
STEC,0.0886912194532998
STEP,0.0211403574683642
STFS,0.0395228508955466
STGW,0.0375965856868009
STHO,0.0289983073503379
STIM,0.0328853056841419
STKL,0.0469952747262155
STKS,0.0618722542628906
STLD,0.0228314142717724
STNE,0.0301362936466715
STOK,0.0368748142846722
STRA,0.0144153718093931
STRL,0.0240447545168437
STRO,0.0555637358730502
STRR,0.0488759285028072
STRRP,0.0152196095095615
STRS,0.0438197770414837
STRT,0.0330806035201575
STRZ,0.0679756443013382
STTK,0.0594802526930011
STX,0.0195355027711222
STXK,0.0111036898543135
SUNE,0.0477812945999019
SUNS,0.0205515755333869
SUPN,0.0160762000835247
SUPX,0.0373409445506448
SURG,0.0587899579407275
SVC,0.032869763510557
SVCCU,0.0166349880425034
SVCO,0.0507055520463503
SVRA,0.0612831244066099
SWAG,0.0481178898951505
SWBI,0.0313830093952476
SWIM,0.0373989540718389
SWIN,0.0761802523239827
SWKH,0.0130200398264572
SWKS,0.017457856286963
SWVL,0.0651624335878464
SXTP,0.0679545842082669
SYBT,0.0160899677732056
SYBX,0.0396266519291177
SYM,0.0500988444025832
SYNA,0.0229791948041097
SYPR,0.0486419889125791
SYRE,0.0416790680114177
SZZLU,0.0103548106189451
TACT,0.0333595444572939
TAIT,0.016348436278492
TALK,0.0326976710853613
TANH,0.043032647283949
TARA,0.039877330109024
TARK,0.0474506248576847
TARS,0.0263063728771706
TASK,0.0237918467515276
TATT,0.0337443842454311
TAYD,0.0336533880476252
TBBK,0.0236924041604302
TBCH,0.037109756613721
TBLA,0.0210543314974148
TBLD,0.0105173444490207
TBPH,0.0371581236075603
TBRG,0.0196019017243194
TC,0.0455551576600994
TCBC,0.0260018575319715
TCBI,0.0176625685973121
TCBK,0.014751321450071
TCBS,0.0110557056612622
TCBX,0.0189433743993742
TCHI,0.0141212809936623
TCMD,0.0446368573419159
TCOM,0.0212649096512591
TCPC,0.0155615435889774
TCRT,0.0647330411693486
TCRX,0.0591991610996921
TCX,0.0224209546437913
TDIC,0.0892142176335056
TDIV,0.0100263615294603
TDUP,0.072455195655929
TEAD,0.0419908212099156
TEAM,0.0287757356784324
TECH,0.0282887711742468
TECX,0.0462913719143379
TEKX,0.0211683465112951
TEKY,0.0108251692754412
TELA,0.0578662082051593
TEM,0.0570292201757541
TENB,0.0170482094439843
TENX,0.024150304831427
TER,0.0236610248544622
TERN,0.0440042344419897
TFIN,0.0274172947347483
TFINP,0.0138002511115552
TGL,0.0675043554306411
TGTX,0.0311522307206372
TH,0.0203809482746298
THAR,0.0522152667570035
THCH,0.033321619651799
THFF,0.0159993540394514
THRM,0.0216389666873007
THRY,0.0294947815630349
THTX,0.0495665269481693
TIGO,0.0155362376753937
TIGR,0.0431443516794536
TILE,0.018740785069175
TIPT,0.0256936263187527
TIRX,0.0476551135489226
TITN,0.0270505945316422
TIVC,0.0324663504277285
TKLF,0.0218103566207731
TKNO,0.039139081649281
TLF,0.0219105414351625
TLPH,0.0355718732981974
TLRY,0.0686209180855933
TLS,0.0573606125809834
TLSA,0.0577106069248705
TLSI,0.0329210489861253
TLX,0.031021471374331
TMC,0.0792506311117987
TMCI,0.0306358570792165
TMDX,0.0391041661011578
TMET,0.0103675894516747
TMUS,0.0156695890816209
TNDM,0.0355400469803372
TNON,0.0395024448979222
TNXP,0.071857571666151
TNYA,0.0620986683657885
TOI,0.0710022069131774
TOMZ,0.0495961524428971
TOP,0.0320231108686138
TOPS,0.0813393666383062
TORO,0.0641145608387104
TOUR,0.0254195822130071
TOWN,0.0133182292674874
TOYO,0.0328809504627236
TPCS,0.0502222390802132
TPG,0.0203816806548816
TPIC,0.0631278578030039
TPST,0.0536314301077801
TQQQ,0.0266603376100034
TRAK,0.0172907268720611
TRAW,0.0679625958234555
TRDA,0.0357694434545764
TREE,0.0480385189865546
TRI,0.0139136578533146
TRIB,0.0545796048166716
TRIN,0.0106953670961285
TRIP,0.0380372061672928
TRMB,0.0126656926507492
TRMD,0.0245933417450531
TRMK,0.0129185207889624
TRML,0.0367546440959881
TRNR,0.0915081142233211
TRNS,0.0306393768764967
TROW,0.0144860494785298
TRS,0.0154339296273477
TRSG,0.0292455937044153
TRST,0.0144944958913206
TRUE,0.0467857294415516
TRUP,0.0377313101239241
TRVG,0.0308637654752929
TRVI,0.0374374326115995
TSAT,0.0422129257158939
TSBK,0.0186830775142578
TSBX,0.0346729877667971
TSCO,0.016125426040792
TSDD,0.0770430071018347
TSEL,0.0106875765300961
TSEM,0.0270628219805301
TSHA,0.0478908834301582
TSII,0.0432615061441723
TSL,0.0482830012083112
TSLA,0.0386527495899419
TSLG,0.0770617054147094
TSLL,0.0772026497991324
TSLQ,0.077171179664332
TSLR,0.0770373613007764
TSLS,0.0384848642111479
TSLT,0.0771809794610787
TSLZ,0.0769535050880711
TSMG,0.0374739617655021
TSMU,0.037880761645484
TSMX,0.0380619378635259
TSMZ,0.0188548289132299
TSYY,0.0231496003441477
TTAN,0.0239126959455655
TTD,0.036285514326173
TTEC,0.0505750635145677
TTEK,0.019357511007242
TTEQ,0.0111367992214082
TTGT,0.0548865265812282
TTMI,0.0287294359340475
TTNP,0.0620799066798855
TTSH,0.0325697083518691
TTWO,0.0166839173604121
TUR,0.0158375963258376
TURB,0.0177285226648935
TURN,0.0110686673273604
TUSK,0.0284491077272115
TVGN,0.0489724785043226
TVRD,0.0711885675491382
TVTX,0.0399781677805069
TW,0.0160852709537115
TWFG,0.0184647741366239
TWG,0.0791627618322096
TWIN,0.0279726132930561
TWNP,0.0843711217051032
TWST,0.0377967896473873
TXG,0.0410419706750188
TXMD,0.0453176994327707
TXN,0.0258491721472131
TXRH,0.0181993413081568
TXSS,0.0131134322932584
TYGO,0.046654744604382
TYRA,0.0394020774129665
TZOO,0.0351861646480972
UAE,0.0106431601179324
UAL,0.0342776693583797
UBCP,0.0205576809862864
UBFO,0.0182857112081434
UBRL,0.0415772153986758
UBSI,0.0150022327367071
UBXG,0.040007179799885
UCAR,0.0671009035229736
UCB,0.0164054475509068
UCL,0.0566271003963176
UCTT,0.0358800443898912
UCYB,0.0220391177683531
UDMY,0.0246459288770705
UEIC,0.0431665775000547
UFCS,0.0161994797749146
UFG,0.085137796780258
UFO,0.0145569989433861
UFPI,0.0201333934440074
UFPT,0.0290117902542335
UG,0.0252203665893875
UGRO,0.061470770022487
UHG,0.0820876219181574
UK,0.0357277659009009
ULBI,0.0372166970321634
ULCC,0.0434548717207607
ULH,0.0339259140251231
ULTA,0.0199018331408073
UMBF,0.016444059651693
UNB,0.0232600569561007
UNHG,0.0737889845509763
UNIT,0.0285171753047945
UNTY,0.0207724835635726
UOKA,0.0847094811955558
UONE,0.0338541008788892
UONEK,0.071766055322197
UPB,0.0450793609324732
UPBD,0.028098111938984
UPC,0.0589899600013362
UPGR,0.0172641082552034
UPLD,0.0551926274105654
UPST,0.0427057836748802
UPWK,0.0304508705596356
URBN,0.0395736521105816
URNJ,0.0353784664071955
UROY,0.0427243088440484
USAR,0.0777385763100967
USAU,0.042122339943452
USCB,0.0173269534810525
USEA,0.0489941745911094
USGO,0.0366631426023087
USIO,0.0293495358452719
USLM,0.0170407044366219
USOI,0.010148296962399
USOY,0.0127164566373417
USRD,0.0101318756856464
USVM,0.0104272795184614
UTHR,0.0240516768279432
UTMD,0.0126286083672623
UTSI,0.0357368996117594
UVSP,0.0179618468032533
UXIN,0.0628720110544541
VABK,0.0187337481010318
VACHU,0.0145610900362194
VALN,0.0305547144658337
VALU,0.0203189845857991
VANI,0.030132206237796
VBNK,0.0182998987480316
VBTX,0.029804175059907
VC,0.0216615270549199
VCEL,0.0281204898234403
VCTR,0.0214980114330645
VCYT,0.0246600000158849
VECO,0.0271542535956993
VEEA,0.0776195152698191
VEON,0.0459853333383109
VERB,0.072794753288556
VERI,0.075642268996629
VERO,0.0642427559504916
VERU,0.0431771393473869
VERX,0.0228520221819569
VFF,0.064008924139325
VFS,0.0236270245620667
VFSWW,0.07452130541935
VGAS,0.0362053817445328
VIAV,0.0201745962691906
VICR,0.0330176544611758
VINP,0.0120744330536387
VIR,0.0382635248174666
VIRC,0.0270597396188769
VIRT,0.0166502085701039
VITL,0.027107815839007
VIVK,0.0855958748578948
VIVS,0.0472258314836357
VKTX,0.0349551048123929
VLGEA,0.0143617806231605
VLY,0.0172109125647579
VMAR,0.0550825383610393
VMD,0.0251498558465414
VMEO,0.0213316741037248
VNDA,0.0256117852788597
VNET,0.0641471250687428
VNOM,0.0208073248560177
VOD,0.0167150292453139
VOXR,0.0316106606537679
VRA,0.0775666233799654
VRAR,0.053055299983414
VRAX,0.0409131539491287
VRCA,0.0668839007215575
VRDN,0.0315730018463801
VREX,0.0414500020595107
VRME,0.0323731732398148
VRNA,0.0350553028023908
VRNS,0.0142573450174181
VRNT,0.034594197820618
VRRM,0.0187367644026105
VRSK,0.0117436952278118
VRSN,0.0139481570334534
VRTL,0.0521293143841514
VRTS,0.0207729376192963
VRTX,0.0195710102977446
VS,0.0507772209547053
VSA,0.078462515610002
VSAT,0.0419276063285274
VSEC,0.0219129885372519
VSEE,0.0499589373834149
VSME,0.0829687712676773
VSTA,0.0199148798100811
VSTL,0.0704206670809656
VSTM,0.0556894261018506
VTGN,0.047020057351213
VTRS,0.0208930508950442
VTSI,0.0603218632681879
VTVT,0.039824712532852
VTWG,0.0120736908137702
VTWO,0.0118159569239618
VTWV,0.0120644395196829
VTYX,0.0713032302442238
VUZI,0.0620244151093003
VVOS,0.0720008518843293
VWAV,0.0783027145039482
VYGR,0.0485050612533758
VYNE,0.0834260849687816
WABC,0.0133267064896849
WAFD,0.0154073425406801
WAFU,0.0281772706132261
WALD,0.0534917408414435
WASH,0.0165653609100607
WATT,0.0591244046049584
WAVE,0.0591632703438903
WAY,0.01574915062612
WB,0.0209765502493849
WBD,0.0236605802068662
WBTN,0.0383759435878015
WCBR,0.0127382482894967
WCLD,0.0136551266106837
WCT,0.0553006292897823
WDAY,0.0215923707253
WDC,0.0163824747039143
WDFC,0.0130368026710377
WEN,0.0239510682171825
WERN,0.0209145429359861
WEST,0.0351149531599471
WEYS,0.0218563663145625
WFCF,0.0333974280948308
WFRD,0.0309201859179549
WGMI,0.0382063436933974
WGS,0.0481286223349351
WHF,0.0127264171510959
WHLRD,0.0109689034824066
WHLRL,0.0523401625322879
WHLRP,0.0200946585169747
WHWK,0.0402248667053298
WILC,0.0229207867010893
WIMI,0.0643598348768119
WINA,0.0217387557086346
WING,0.0261593790974427
WISE,0.016110830430068
WIX,0.028016594239865
WKEY,0.0621846682813656
WKSP,0.0649269884028548
WLDN,0.0197839178809819
WLDS,0.0567857398585709
WLFC,0.0303943891362835
WMG,0.0166953567631987
WNDY,0.0139819778391849
WNEB,0.0242790469655215
WNW,0.0379883125642603
WOK,0.0686677123400742
WOOD,0.0112412144427526
WOOF,0.0650677428374093
WPRT,0.0287410186377028
WRAP,0.0401604519471573
WRD,0.0771346759764587
WRLD,0.0246348448044752
WRND,0.012887992840009
WSBC,0.015836472931444
WSBF,0.0132011940854184
WSBK,0.0123737371674045
WSC,0.0264025461193082
WSFS,0.0154998414498529
WTBA,0.0179367140525964
WTF,0.0734040539163712
WTFC,0.0162955267403255
WTO,0.0901491553699301
WTW,0.010387948275466
WULF,0.0624739270985523
WVE,0.0410494801382166
WVVI,0.0262720749343178
WVVIP,0.0261150743363022
WW,0.0554244516869117
WWD,0.0145068531127902
WXM,0.0759990404392402
WYNN,0.0226841882222512
XBIO,0.0566910536952765
XBIT,0.0334683586604235
XBP,0.0334462241548576
XBTY,0.0148430793768874
XCH,0.0342562134344592
XCUR,0.0689099461201402
XEL,0.0125822139482479
XELB,0.0594210964295655
XENE,0.0310984188144902
XERS,0.03752818483487
XFOR,0.0744627603655134
XGN,0.0349782835049764
XHG,0.0708589283695448
XMTR,0.037495684200025
XNCR,0.0496352023601404
XNET,0.0587538060661526
XOMA,0.0322298600416532
XOMX,0.0268856933681395
XOMZ,0.0144213591110669
XOS,0.0260483241717993
XP,0.0224450372793141
XPEL,0.0313986966902931
XPON,0.0910787549828344
XRAY,0.0306684149156687
XRPI,0.0506923806694662
XRTX,0.052165134085366
XRX,0.0492462680090688
XTLB,0.0795396308545882
XWEL,0.0464561063410319
XYLO,0.024060715079545
XYZG,0.0786028760850317
YB,0.0535194815216286
YGMZ,0.053571346187566
YHGJ,0.058840045984394
YI,0.0304309618452571
YIBO,0.0822171695743017
YJ,0.0468712822371785
YMAB,0.0421973095893006
YNOT,0.0101750243129174
YORKU,0.0224557694551687
YORW,0.0149636476445459
YOSH,0.0637893083939169
YQ,0.0397143712779838
YSXT,0.0901803228744379
YTRA,0.0304959940720004
YXT,0.0607860046489766
YYGH,0.0701619674221829
Z,0.0180696970181503
ZBAO,0.0492401662850741
ZBIO,0.0683819457872573
ZBRA,0.0224625253618123
ZCMD,0.0766544348829839
ZD,0.0288243665043461
ZENA,0.0833088153746379
ZENV,0.0522210336514678
ZEUS,0.0274388906686204
ZG,0.0177847159671441
ZION,0.0182567401159944
ZIONP,0.0110128225244366
ZIPP,0.0447064540885048
ZJK,0.0477947089471111
ZJYL,0.0669260340681305
ZLAB,0.0404832012281046
ZM,0.0115102583441108
ZNTL,0.0474796791484417
ZS,0.0202135307271567
ZSPC,0.0733351992146375
ZTEK,0.038528618500026
ZUMZ,0.0329448712600075
ZURA,0.0827127119464234
ZVRA,0.0335596094183782
ZYME,0.0296977814549949
ZYXI,0.0533309184442599
