symbol,returns
AACG,0.7615384968074834
AADR,0.293751092512112
AAL,0.09635667162370043
AALG,-0.1424505986784697
AAME,0.540068747829383
AAON,-0.05114305866097279
AAPB,-0.19330851038409536
AAPD,-0.010465655183826262
AAPG,1.2669737300574784
AAPL,-0.015320665917392525
AAPU,-0.20685368245336447
AARD,-0.043326402589302336
ABCB,0.10142548156390092
ABCL,0.5493807686408266
ABEO,0.30923693894674714
ABLLL,0.050528855446821376
ABLV,-0.10743800920098646
ABNB,0.015753131510668046
ABUS,-0.13756613356145828
ACAD,0.21386667887369792
ACB,-0.19782971420019518
ACDC,0.021303207901060234
ACGL,-0.05557559349116757
ACIC,-0.099607443407433
ACIW,0.039165667831910035
ACLX,0.14798716050268496
ACMR,0.7322984339795602
ACNB,0.14347324249084367
ACNT,0.27623760955215265
ACOG,0.7105263730275463
ACRS,0.24436084059217794
ACT,0.04686286687817326
ACTG,-0.2906541787023487
ACTU,-0.21022061999023287
ACVA,-0.1485613966316202
ADAG,-0.18606833586169114
ADBG,-0.1570491230310194
ADEA,0.18009812773066114
ADI,0.031158872477915076
ADMA,0.46682845180923827
ADP,0.2279353828519579
ADPT,1.4076575321207279
ADSE,-0.07586767619132508
ADSK,0.25592589580281405
ADTN,0.4790371947048271
ADUS,-0.11608378638889127
ADXN,0.06741572364828874
AEBI,-0.11001793044148807
AEHR,0.12594384946966658
AEI,0.1620294220622446
AEIS,0.3000698760726686
AENT,1.2699115646409211
AEP,0.15592766080781123
AFSC,-0.02905100408994879
AFYA,-0.21941285394829002
AGEN,0.005392962324132311
AGIO,-0.19038580479012732
AGIX,0.35640061362147685
AGMI,0.38756279910996855
AGNC,0.11060510056005385
AGYS,0.07123427583261384
AHCO,-0.1609498629837559
AHG,0.7682316666303441
AIA,0.3358024114177972
AIMD,-0.20959644394950316
AIOT,0.0033333036634657118
AIP,0.12529001601442682
AIQ,0.30471056992372403
AIRL,0.4122383398189493
AIRR,0.20543481409298064
AIRS,0.36145603806528687
AIRT,-0.01234564800327279
AIRTP,0.14769971647726907
AISP,0.5224089760255756
AKAM,-0.1821310987433528
AKRO,0.8530717559791002
ALCO,0.14834457388105457
ALDFU,0.051051075131781753
ALDX,0.35025383106579516
ALGM,0.46021053916529603
ALGN,-0.07907664843256418
ALGT,-0.019193517706909972
ALHC,0.36740646611208727
ALKS,-0.053724928219953914
ALKT,-0.14738124634894328
ALNT,0.4169025495988729
ALNY,0.38795077458309885
ALOT,-0.25551502267059145
ALRM,-0.20145323710666066
ALRS,0.08884192483875722
ALTI,-0.09812104257508791
ALTO,-0.2503846028053309
ALVO,-0.16680780669208023
ALYAF,0.38805967759225707
AMAL,-0.05876762275832506
AMAT,-0.06592789631100106
AMBA,0.30807128670507866
AMD,0.2392486408486136
AMDG,0.5834225913162641
AMDL,0.05876494137177361
AMGN,-0.05767729138848608
AMPL,0.5280700922721708
AMRN,-0.037782069040394585
AMSC,0.7759182988380899
AMSF,0.03285912366493751
AMST,0.1457508656865014
AMTX,-0.03982300480402873
AMZD,-0.2509667265860347
AMZN,0.2716430142938708
AMZU,0.2898492251896764
AMZZ,0.32257736323148983
ANAB,-0.2654053971574113
ANGH,-0.28571430334357983
ANGI,-0.24865472044853998
ANGO,0.1945169452740332
ANIP,0.04486067257803647
ANIX,0.0688524726000375
ANSS,0.20882305285363587
ANTA,-0.06250001396983841
ANTE,-0.24999996688630757
AOTG,0.38318458247262827
AOUT,0.003121819741654481
APED,0.7637795180985866
APEI,0.4572802163378067
APGE,-0.19689014357574405
API,0.5823293341888315
APLD,1.4334505501984136
APLMW,0.26153844169963786
APPF,0.1487205556912144
APPN,-0.1814814508323357
APPX,0.5909546353986692
APWC,0.14110430659283688
APYX,0.8702291257244922
AQST,0.04319370804620902
ARAY,-0.23664837983117737
ARBB,-0.048086570176845894
ARCB,-0.2842435258735523
ARDX,-0.22392084503092366
AREC,0.869918631423103
ARGX,0.19530113062722324
ARKO,-0.26413793024879895
ARLP,0.2310085452141914
ARM,0.15670950865060265
ARMG,0.006782260449198978
AROW,-0.10087707792875539
ARQ,-0.10078738206258732
ARQT,0.5757576180343905
ARTNA,-0.14501683565735157
ARTW,1.2382118985397887
ASLE,-0.06784661119648777
ASMB,0.2814600201611473
ASMG,-0.1545584620181937
ASML,-0.15255978036470957
ASND,0.2440595857701932
ASO,0.03142110772146075
ASPS,0.029629600849335268
ASRV,0.22286237189873323
ASTE,0.18484429098137484
ASTL,-0.27040790806580955
ASUR,0.015594526690331918
ASYS,-0.1545936437436604
ATAI,1.0886075080271986
ATAT,1.1971174050321531
ATEC,0.10100002288818359
ATLC,0.4236544519625321
ATLO,-0.05785710169256024
ATOM,0.656823903216454
ATPC,-0.24994320625577843
ATRA,0.11442313247178637
ATRC,0.48531428347093
ATRO,0.5257034031817174
ATXG,-0.19424459259367255
AUBN,0.6108696762252476
AUDC,0.03166465466696816
AUMI,0.6489152296943099
AUPH,0.5704225961047272
AUR,0.4810427276623532
AURA,-0.2623115283124824
AVAH,-0.10431820469946851
AVAV,0.5269769998684511
AVBP,-0.029981531797999818
AVDX,-0.21434266877888428
AVGO,0.9723974662131446
AVGX,1.0884295245443083
AVIR,0.024934391085823307
AVL,0.7709333005469481
AVNW,-0.2214381754672283
AVO,0.0908273596471405
AVPT,0.6851691694290938
AVT,0.04488709138717873
AVXL,0.6448863617121434
AWRE,0.14174997806549072
AXGN,0.496071846463356
AXON,1.3667800063840008
AXSM,0.19769513783579715
AZN,-0.06146475702641733
BABX,0.8450521345075697
BAFN,0.18845936029127405
BANF,0.2006753114285599
BANL,-0.12891986207443684
BANR,0.12835256720346366
BASE,0.2282828601984683
BATRA,0.06815692609143352
BATRK,0.04051249031575866
BBCP,0.20993879615570823
BBH,-0.07595826444155311
BBIO,0.7639893165244638
BBSI,0.29435101166523514
BCAL,0.0570291552405985
BCBP,-0.26973151460387723
BCDA,-0.2665615168054258
BCML,0.17259319465396417
BCOR,0.35655446782220984
BCPC,-0.17800346580391038
BCRX,0.10438834125536132
BEAGU,0.07399997711181641
BELFA,0.22579821841925315
BELFB,0.6956424199033949
BFC,0.40882541194987815
BFIN,0.01844272079759237
BFRI,-0.12195119823748583
BFST,0.00551469290335454
BGC,0.05448176560644847
BGM,0.6245980519438206
BHF,-0.001222521822585805
BHFAL,-0.13230075839255906
BHFAM,-0.21441995556770463
BHFAN,-0.22799738254682567
BHFAO,-0.26859662233269554
BHFAP,-0.23185248014316756
BHRB,-0.058470898932335716
BIB,-0.2167171063927202
BIDU,-0.010718245532631215
BILI,0.5030534911696881
BIRD,-0.1796189262679957
BIS,0.10090790777328154
BITS,0.4560252210450169
BJK,0.15542177439924845
BJRI,0.19748032937838336
BKCH,0.24387597112566353
BKHA,0.08374388309512146
BKHAU,0.010576982152534711
BKIV,0.17113330007914243
BKNG,0.5085704274160376
BKR,0.23409404129847378
BL,0.1889730525195987
BLBD,-0.11335016895242989
BLCN,-0.07749073983893962
BLDE,0.2616958950177489
BLDP,-0.09589291003817783
BLFS,-0.052100832389409435
BLFY,-0.19230773823943878
BLIN,0.6900000754992187
BLKB,-0.19185099442923578
BLTE,0.2570103239237467
BLZE,-0.13328079600816609
BMAX,0.14150943396226415
BMBL,-0.12855581472633773
BMHL,0.04999995231628418
BMR,-0.2754663875841951
BMRA,0.4140808258258508
BMRC,0.23618214254422407
BNR,0.028070161985204106
BNTC,0.21978021056708827
BNTX,0.3141669425322754
BOED,-0.2609220026549532
BOEG,0.3689900669700285
BOEU,0.7644984818354341
BOKF,0.028057085493188437
BOSC,0.6533333460489908
BOTJ,0.05513507639866384
BOTT,0.25416077350152627
BOTZ,0.1370385988821386
BOWN,-0.13301893871167242
BOWNU,0.22483540146682823
BOXL,-0.28783337275187176
BPMC,0.17328268090045942
BPOP,0.15384512573537765
BPRN,-0.12303732605250739
BPYPM,0.05635323915649234
BPYPN,0.13921281856458606
BPYPO,0.17339344566678783
BPYPP,0.06665523773371548
BRAG,-0.25301201457299727
BREA,0.03330238204194245
BRFH,-0.09411769490753356
BRID,-0.15536904338616178
BRKD,-0.03493382965216649
BRKL,0.0852769441740901
BRKU,-0.008732128463269685
BRRR,0.747246996751006
BRTX,-0.018749981839210065
BRZE,-0.2981468607404665
BSBK,0.08967395547235092
BSET,0.3595635559358281
BSRR,0.11479796864467354
BSVN,0.15671340466592418
BSVO,-0.039130926997816555
BSY,0.2191318660011981
BTBD,0.04347830593924006
BTBT,-0.16197184659355926
BTCT,0.5435897009534175
BTDR,0.47187495343387315
BTF,0.3352099285184952
BTFX,0.9617402693734186
BTGD,0.9190367013407847
BTSG,0.6283540634967606
BTSGU,0.5349059486312925
BUG,0.22278028358185137
BULD,0.10890797637128415
BULL,0.39008050835359925
BUSE,-0.12485898052584253
BVFL,0.13742070943827775
BVS,-0.1231292169678515
BWAY,0.534191414031905
BWB,0.16594823658631733
BWBBP,0.13063635942575638
BWEN,-0.12140578292240534
BWFG,0.5283207560719118
BWIN,-0.06771930895353619
BWMN,0.036960936224506066
BWMX,-0.10400629200633156
BYFC,0.47191009530313627
BYON,-0.25460633812364614
BYRN,1.4440929530707711
BYSI,0.005168015487474214
BZ,0.43386622195133684
BZFD,-0.1458333540293897
BZUN,0.12248998618034
CAAS,0.061851906141957375
CAC,0.07539074462221917
CACC,-0.09440245897289702
CADL,0.1261912041243245
CAI,0.026785714285714284
CAKE,0.7544812246900834
CALC,-0.09759040975937419
CALM,0.5766799299520032
CAMT,-0.022436864733465012
CAN,-0.2135437777909693
CANC,-0.07197865828247715
CAPNU,0.04499998092651367
CAR,1.0393927492437982
CARE,0.11615907168904314
CARG,0.33598727118176264
CART,0.36313653756853015
CARV,0.2904123781023602
CARZ,0.15450495595441185
CASH,0.18286449580354353
CASS,0.03378124670274606
CASY,0.36094307557299976
CATY,0.09430545658046956
CBAN,0.1206936570753475
CBAT,-0.2477612006688175
CBFV,0.39059457771536404
CBNK,0.3972707600587481
CBRL,0.43691963150868374
CBSH,0.01606600190245968
CCAP,-0.13216653284187252
CCB,0.9130765928823061
CCBG,0.17398079680141657
CCCM,0.030887572617735275
CCCMU,0.12623758122519385
CCCS,-0.09592763812850265
CCEC,0.4902095601700913
CCG,-0.08843930372955561
CCGWW,-0.1696969645657158
CCIR,0.05879397481015411
CCIRU,0.20100002288818358
CCIXU,0.07396449453711106
CCLD,0.06956525615122539
CCLDO,1.155637648935364
CCNE,-0.03766350428680665
CCOI,-0.2386775609248997
CCRN,-0.16817359470715934
CCSI,-0.01079966028858991
CDNS,0.28079530661891605
CDRO,0.09610386875954835
CDW,-0.20038047996297412
CDXS,-0.14305552225789817
CDZI,-0.14181290137278904
CDZIP,0.2783303271487928
CECO,0.13895368358846955
CEG,0.8898387835820836
CELH,0.009598992164817051
CELU,0.06953643691168045
CELZ,-0.25561793877491157
CENT,-0.0011387141478065828
CENTA,0.06106193515194985
CENX,0.5040160605398091
CEPI,0.011060637428020497
CEPO,0.13714424746035586
CEPT,0.007220209770479511
CERT,-0.28594457473689106
CEVA,0.1681591590357698
CFFI,0.1931302871424174
CFFN,0.01903824773027036
CFLT,0.10760783018606582
CFSB,1.023460387593089
CG,0.3641322215581889
CGBD,-0.10672247858625615
CGEN,-0.12280703711243039
CGNT,0.22721264876988298
CGNX,-0.2957755965424269
CGON,-0.1643791774998854
CHA,-0.28113438094833804
CHCI,0.9152276339788925
CHCO,0.08155725673450172
CHDN,-0.22762095406013225
CHEF,0.526718643388768
CHKP,0.2013688391503741
CHMG,0.11523493802248487
CHNR,-0.23897062078324535
CHPS,0.08340675063172841
CHRD,-0.29968855228791647
CHRW,0.17217974093409996
CHTR,-0.19950438855988661
CHX,-0.22829643184690607
CHYM,-0.0905416479409681
CIBR,0.34206752650177896
CIFR,0.09694792553156427
CIGI,0.034952869620845026
CINF,0.1975577061632911
CING,0.2300468285405605
CIVB,0.1988486144052458
CJET,-0.22751512278231886
CJMB,0.16585373682751858
CLBK,-0.1946039224153647
CLBT,0.05832722447681029
CLFD,0.07059588878764678
CLIR,-0.28183905403181575
CLLS,0.3009049549205494
CLMB,0.5186710661132545
CLMT,0.31358604748846175
CLNE,-0.15551180584992846
CLNN,-0.24778758634629539
CLOD,0.3261155180539505
CLOU,0.18956863982228178
CLOV,0.6751412124972286
CLPS,0.2812126738852692
CLPT,0.5879857199532645
CLSK,-0.27076123696411
CLST,0.025104618872233416
CLWT,-0.2098709601700986
CMCSA,-0.1451053579621154
CME,0.44798811042286835
CMMB,-0.06779654852722472
CMPO,1.0947998099769334
CNFR,0.06666667108182565
CNFRZ,0.18838567262169517
CNOB,0.04532701390844999
CNTA,0.4516432480661902
CNTB,0.6156079089521503
CNTY,-0.07664234942191761
CNXC,-0.09351144223859792
CNXN,-0.04836438394704833
COCH,-0.228155302163151
COCO,0.5945090270966777
COCP,-0.1893658216840656
CODA,0.11988299364495988
COEP,1.3891050684729829
COFS,0.1460710782824178
COGT,0.29712458571282174
COIN,0.6171199706343232
COKE,0.08304228656417349
COLB,-0.005596232464540019
COLL,-0.09601600838992876
COLM,-0.22387430705607833
COMT,0.06320196496674763
COO,-0.20521538849113957
COOP,0.712583271082635
COPJ,0.3513515959996582
COPP,-0.02534175758043715
CORT,0.9036409318178971
CORZ,0.42311704446366644
COST,0.14864218745762858
COWS,0.0976292219490818
COYA,-0.09875686441358907
CPHC,-0.16295545630176603
CPIX,1.4195805350063093
CPRT,-0.09578843217882882
CPRX,0.1962242788901675
CPSH,0.5562130327773337
CPSS,-0.07290588605416515
CRAI,0.009112009899023424
CRBU,-0.031779581609723516
CRCT,-0.07119279107759678
CRDF,0.650000067379165
CRESY,0.5985315556476971
CRGO,0.7142857142857143
CRMD,1.4722222476942937
CRMG,0.17758278256514298
CRMT,-0.2483468151063126
CRNT,-0.1346863484866667
CRON,-0.13803347775779207
CROX,-0.20470148286970266
CRSP,0.11452986236311431
CRSR,0.13788963998680864
CRUS,-0.2066662239101344
CRVL,-0.1381164546202091
CRVS,0.6468532205974653
CRWD,0.8217225587647037
CRWL,0.41303048634085243
CSB,0.009380390530352901
CSBR,0.3072289566161491
CSCI,-0.2767695590632461
CSCL,-0.015664881372625533
CSCO,0.4499366777075395
CSGP,0.18365276116974236
CSGS,0.38004458574657707
CSIQ,-0.26662741577382953
CSPI,-0.25054084738702886
CSTL,-0.2526100935362701
CSW,-0.0638484527827032
CSWC,0.009735012548068678
CSX,0.0580944990793205
CTAS,0.16132610793695004
CTBI,0.14225127815000072
CTEC,0.061094859170577435
CTLP,0.4321705899153497
CTRN,0.6046137782613002
CTSH,0.03135763845159821
CTSO,-0.20834714256327155
CUBA,0.18313587419939592
CUBWU,0.06606605230564852
CUE,0.30293659272773604
CUPR,0.8722891090050867
CV,0.2242856706891741
CVAC,0.4836512420893107
CVBF,0.059514811097203975
CVCO,-0.009982078821626272
CVGW,0.15964722583328475
CVKD,0.7451703106915509
CVLG,-0.03449743155196595
CVLT,0.3367289093990799
CVRX,-0.09385121858378856
CVV,0.00012593545510653257
CWBC,0.038326037751288435
CWCO,0.06283451556761177
CWST,0.05957029671117221
CXDO,0.4531644814749068
CXSE,0.4741308643099576
CYBR,0.4848519699748137
CYCN,-0.16766465783542336
CYRX,-0.1411024811935839
CZFS,0.09131965523559857
CZNC,-0.001842411005839872
CZR,-0.1841456817408139
CZWI,0.17307183477371202
DAAQ,0.009615421647857579
DAAQU,0.06985834651410362
DAIO,0.25769234648823175
DAKT,0.15326975158213788
DAPP,0.5095326494699606
DASH,1.3192755191879024
DATS,0.5740740400064903
DAX,0.39075275668404763
DBX,0.1668745380763794
DCBO,-0.18058455457734807
DCOM,0.22241103496405135
DCOMP,0.10942317905553546
DCTH,0.40073080956959317
DDI,-0.16551125248924287
DDOG,0.2834549149489422
DECO,0.5749524904358392
DEFT,0.7262940764064206
DERM,0.3882882268308269
DGICA,0.25842819463846184
DGICB,0.2976525100502836
DGII,0.3128823173177778
DGRS,-0.03651463124277648
DGXX,1.462408829910359
DH,-0.29396979887455243
DHC,0.02554624375749548
DHCNI,0.27936493661294115
DHIL,-0.005765636724244851
DJCO,-0.11134141199739826
DKNG,0.21048187011355501
DLLL,0.11989664615148918
DLO,0.4859358717843507
DLPN,-0.23529416714572438
DLTR,0.11307117407441374
DMAC,0.3520000457763672
DMAT,0.37259026425254693
DMLP,-0.0008400407162032518
DNTH,-0.22106725340216532
DOCU,0.4506903015101947
DOMO,0.9383971996653013
DOOO,-0.29425627152830364
DORM,0.23090870114518547
DOX,0.02203767332594056
DPZ,0.11935435254989603
DRIV,0.10397070606506573
DRS,0.7053100486162952
DRTS,0.43432913317944466
DRVN,0.32683312276124576
DSGN,-0.19435997009277345
DSGR,-0.11057832618577702
DSGX,0.07360386844595564
DSP,0.24074070952244597
DSWL,0.30578983275789623
DSY,0.193423406153025
DTCK,-0.20132745346697012
DTSS,-0.2119999935222124
DTST,-0.06470586860331122
DUOL,1.0053901457424503
DVAX,-0.016853906652344243
DVIN,0.014924206417537814
DVQQ,0.006138052428673766
DVXB,0.0020403807307437178
DVXC,-0.015143240074347223
DVXE,0.0054763115398207395
DVXK,-0.0045965771723412985
DVXP,-0.013489308865542487
DVXY,-0.0004764963317886904
DWAS,-0.06493389251899426
DWSH,0.016298681190715036
DWTX,-0.12511414697924308
DXCM,0.3221694840288673
DXPE,1.1053432382478274
DXR,0.11666668785942926
DYAI,-0.2027971835595545
DYNX,0.13520405953847028
DYNXU,0.21987947509995628
EA,0.038694376276506307
EBAY,0.47416637963986585
EBC,-0.008611611940111005
EBIZ,0.344274984673814
EBMT,0.134886731097991
EBON,-0.28319468824054556
EBTC,0.41244208860456244
ECBK,0.1532430943068361
ECOR,0.21558866810371516
ECPG,-0.2408882219985185
ECX,-0.05588236820326502
EDTK,-0.13777775234646267
EEFT,0.042177641728230915
EFOI,0.614814835745938
EFSC,0.08119254596765478
EFSCP,0.10697944606729033
EGAN,-0.0915395067850422
EGBN,-0.2218602902328987
EGGQ,0.18353568212129115
EH,0.4973943721722306
EHTH,-0.2739212118284245
EKG,0.1482926842406359
ELBM,-0.14813532955112763
ELDN,0.2087719468492189
ELFY,0.2861618790934897
ELIL,-0.120181936910125
ELIS,-0.0334258443316251
ELSE,0.20974484833415968
ELTK,0.05235952993473061
ELTX,1.0476674682625204
ELVA,0.7944664083767286
ELVN,-0.2370105498068989
EM,0.47058819494194376
EMBC,-0.23978301567630286
EMEQ,0.26003592490616395
EML,-0.15091496442294555
EMPG,-0.2375171976531719
ENLT,0.6432786535044186
ENLV,-0.10218977022453025
ENSG,0.022925136723121728
ENTG,-0.27104997695269484
ENTO,-0.2771386200135174
ENTR,0.31631967290444807
ENTX,0.43037970194811365
ENVX,0.04152130287485224
ENVXW,0.06724135407936642
ENZL,0.04021226818632507
EOLS,-0.2502021257608868
EPOW,0.3813813886378513
EPSN,0.17042253079521325
EQIX,0.05224378620586918
ERIC,0.13504674150657917
ERIE,-0.15695660348126111
ERII,-0.03638257526690984
ESCA,-0.07129578613428927
ESEA,0.8104970020820417
ESGL,1.2722312510393867
ESLT,1.4895057643535612
ESOA,0.4342065498533755
ESPO,0.6002729823169317
ESQ,0.7054994952662217
ESSA,0.10026197159693519
ESTA,-0.09328523323922504
ETEC,0.026845226854996174
ETHA,0.1417913966582676
ETNB,0.054347827213698414
ETOR,0.19596151205209586
ETSY,-0.010865825203484867
EUDA,-0.09052919694577159
EVCM,-0.03893946356568959
EVER,-0.007375797064030715
EVGO,-0.051451170238919326
EVGOW,-0.2903225899486958
EVLV,0.9540889950564231
EVO,-0.10294122361217353
EVRG,0.25391052983336565
EWBC,0.21763160726094744
EWJV,0.1313173313704309
EWTX,-0.20576821134395293
EWZS,0.03003356068329043
EXAS,0.06979807307556442
EXC,0.22262425877122952
EXE,0.30197462212885967
EXEEL,0.4373787727436882
EXEEW,0.5101327797218461
EXEEZ,0.40851187713803616
EXEL,0.9301167617562331
EXFY,0.18157890196322016
EXLS,0.2272463812344316
EXOZ,0.16416186577071992
EXPD,-0.05747927601741404
EXPE,0.46672849552395956
EXPI,-0.20721151270333785
EXTR,0.2868911248923274
EYE,0.7410587231460175
EYPT,0.08658919447755115
EZPW,0.31571143586507167
FA,0.06775699711145879
FAB,0.022783536853809617
FANG,-0.22260450716648011
FAST,0.35598848076579315
FAT,-0.18645707490184235
FATBB,-0.12053256973366122
FBIO,-0.10909091106131052
FBIOP,-0.2159730572533902
FBIZ,0.08204470820901826
FBL,0.9065167716379916
FBLA,0.006745356325623018
FBNC,0.25488914565760473
FBOT,0.24796831135977238
FBRX,-0.16487456789836497
FBYD,-0.177224497689339
FCA,0.450110291849201
FCAP,0.218809278607846
FCBC,-0.0664424322411612
FCCO,0.1519842146460025
FCFS,0.11214827898053777
FCNCA,-0.019259472656683877
FCTE,0.004562966405904261
FCUV,0.10961542164785758
FDBC,-0.1804436515907742
FDIG,0.2812497999208241
FDIV,-0.007796772267744696
FDNI,0.5197331428721704
FDSB,0.3160975386456745
FDTX,0.28626290153292067
FDUS,0.20693830882823355
FEIM,1.1547837113909745
FELE,-0.10267910289428862
FEMY,-0.24986897389222815
FENC,0.3779904895703089
FFBC,-0.038881617782863934
FFIC,-0.1898566296660493
FFIN,-0.033788181095294946
FFIV,0.6941832384789224
FGBI,-0.15377117207928312
FGF,-0.21339625232624557
FGFPP,0.18910074665982488
FGM,0.5048631836213355
FHB,0.038406604890963564
FHTX,-0.0241228009023655
FIBK,0.010059373676522168
FINE,0.033818198700633684
FINW,0.4032921623353106
FINX,0.36050827408565705
FISI,0.10383339935505681
FITB,0.04653483023840657
FIVE,0.983036690047777
FIZZ,-0.04951715508692682
FJP,0.17289939179783606
FKWL,-0.05607482153980292
FLEX,0.5768626434941092
FLGT,-0.20809747157971567
FLL,-0.15398227803082967
FLN,0.10030699488110674
FLXS,0.004754852514121397
FLYE,0.14495788806829268
FMAO,0.009145055795056119
FMBH,0.04265161252003059
FMED,-0.015605813685253392
FMET,0.2022293233389009
FMFC,0.6749999376860545
FMNB,-0.05253403553203215
FNGR,0.04400994559571243
FNK,-0.004716016156818722
FNLC,-0.032132308992120336
FNWB,-0.22043241059611773
FNWD,-0.01186159103469002
FNX,0.046407203751994516
FONR,-0.11810161136215527
FORA,-0.21572579133336936
FORTY,0.5647082477910178
FOSL,0.44968998190975873
FOSLL,0.3944776072390793
FOX,0.492484043077381
FOXA,0.5113341168086077
FPA,0.31373285698157294
FPAY,0.21296286178224283
FRAF,0.3998241426638367
FRBA,0.0175031239502164
FRDU,-0.005860535487523434
FRHC,1.1112704405681368
FRME,0.028454848262000083
FROG,0.11555670428245186
FRPH,-0.08208955610147768
FRSH,0.05634860829114823
FRST,-0.07402790595431882
FSBC,0.0784811545329101
FSBW,-0.031654368808201105
FSCS,0.08220175714096332
FSEA,0.26086963282190473
FSFG,0.27351825074367175
FSGS,0.022941482262588367
FSLR,-0.17350268281919845
FSTR,0.0757180072140608
FSV,0.13054883588448643
FTAI,0.02343784604416262
FTCI,0.3980099284139317
FTDR,0.4852011357819966
FTHM,-0.17187496410527497
FTLF,-0.20918989119118644
FTNT,0.830806774913051
FTXH,-0.05430685334462976
FTXL,0.054291412437866074
FTXN,-0.05218389188904173
FTXO,0.19143077475746353
FTXR,0.10934222737027205
FUFU,-0.1372093317249506
FULC,-0.09489918882253015
FULT,-0.017308694858062593
FUNC,0.23653626346134968
FUSB,0.29362834313225367
FVCB,0.03456406519087122
FVNNR,0.6363637102536923
FVNNU,0.048999977111816403
FWONA,0.24918958292952878
FWONK,0.26670379097460184
FWRD,0.3313614827058349
FWRG,0.10211947230265128
FXNC,0.30837673539323296
FYC,0.15231021099756542
FYT,-0.06333709706900116
FYX,0.03332248854678407
GABC,0.013387984705565346
GAIA,-0.16089612757715438
GAIN,0.15439777284302864
GAMB,0.1659663705601554
GANX,0.4601769762131049
GASS,0.05529948448850976
GAUZ,-0.283513207173166
GCBC,-0.2868548016708753
GCMG,0.1245701488670497
GCT,-0.18769549991693055
GDEN,-0.06371415674965004
GDEV,-0.2807695818152586
GDST,-0.04278079184375585
GDTC,0.10588231911708834
GDYN,-0.18931656984087647
GECC,0.17292064193873402
GECCO,0.08768923485057296
GEG,0.1696702494297113
GEHC,-0.04369628407917181
GEN,0.19340723232172083
GENVR,1.3696741606784664
GEVO,1.466101877273627
GFS,-0.20639083322607277
GGAL,0.9045903096654191
GGLL,0.04962871323583558
GGLS,-0.14977034685028948
GH,0.2611961584872692
GHRS,0.22775509892677775
GIFI,0.0764171763116723
GIGM,0.10769239233796019
GIII,-0.09851851286711516
GILD,0.5094740956683205
GILT,0.6706783243087296
GLAD,0.2913675298648338
GLBAV,0.058461585411658655
GLBE,0.02223206974291231
GLBKV,0.09903536610697944
GLBZ,0.024564706396886852
GLDD,0.24021740043095713
GLIBA,0.04215381328876202
GLIBK,0.08472669442318864
GLNG,0.19325997482946156
GLPG,0.2010849744177292
GLRE,-0.014925359325276825
GLSI,-0.2504386901855469
GLUE,0.2297592285463719
GMAB,-0.18311096335707294
GNFT,-0.012213013151564133
GNLX,0.5568181264006414
GNOM,-0.21937742482926673
GNTA,-0.09929079773052568
GNTX,-0.09524718281272093
GOGL,-0.2599534973925643
GOGO,0.76284151182921
GOOD,-0.03348847227119299
GOOG,0.13350531595266016
GOOGL,0.13841435256157367
GOSS,0.8921568467038631
GPATU,0.0564915447179676
GPRO,-0.11935480546504622
GRAB,0.6012085445186559
GRAL,1.4919041139744607
GRAN,0.041304361121641264
GRCE,0.12686563645526738
GREEL,0.025262478803715748
GRFS,0.30350196381455374
GRNQ,1.0242988627991387
GROW,-0.027566964285714285
GRPN,0.8881424753707492
GRVY,-0.20072617763046688
GSAT,0.38767506601723495
GSBC,-0.03016768123009697
GSHD,0.018498406450064852
GSIT,0.5880271381969749
GSM,-0.13628141881710873
GSRT,0.09261133109863376
GSRTU,0.17617620312366053
GT,-0.08488176532846187
GTBP,-0.25912410061159585
GTEC,0.014450853111279735
GTLB,-0.08164556245067933
GTM,0.012820468497760636
GTX,0.5061045816050725
GWRS,-0.19792132490533143
GYRO,0.10073705899740715
HAFC,0.23949891953014651
HALO,0.04741296548658398
HAS,0.22374505121618035
HBAN,0.1526231638428162
HBCP,0.2995301895317935
HBNC,0.038593066843497906
HBT,0.13427296928140312
HCHL,-0.15799999237060547
HCKT,-0.09390939927925554
HCM,-0.0142232067349855
HCOW,0.00459358667193392
HCSG,0.1358131174597549
HDL,0.3595206027932625
HDSN,-0.009230790475167141
HEAL,0.1704769777900171
HECO,0.4416686137619279
HEPS,-0.20127798447491393
HERO,0.4327120850096574
HERZ,0.2021497572245603
HFBL,0.16076583275105524
HFFG,-0.17857144962487392
HFSP,-0.06771004530181322
HFWA,0.08366503492692999
HGBL,-0.07081543659047913
HIFS,0.03096496568652151
HIHO,-0.06366587562348192
HIMX,0.3990273997321866
HITI,0.23118276572086915
HKIT,-0.060402706578896626
HLIT,-0.23234038657330452
HLMN,-0.18762573942143435
HLNE,0.116701069207994
HLVX,0.14095743955692697
HMST,-0.049387128449480254
HNNA,0.7015860183485276
HNRG,1.106274120801719
HNST,0.3140161589957578
HNVR,0.2839441515767847
HOFT,-0.19283593271018679
HOLX,-0.17309136286239865
HON,0.14355206600395165
HOND,0.11133396458855267
HONDU,0.13500003814697265
HONE,-0.06551736379650483
HOPE,-0.16241197916827452
HOUR,0.8775510179256708
HOVNP,0.20985699276713032
HQI,-0.1887087391113958
HQY,0.1987501823253735
HRMY,0.054257809019243805
HROW,0.4516128218000007
HRTS,-0.13736215340069075
HRZN,-0.22585118185112418
HSCS,-0.15085160677294374
HSIC,-0.014971312110657496
HSII,0.31632993292002043
HSPO,0.09647426008117153
HSPOU,0.09408603988272882
HST,-0.020167196401635234
HSTM,-0.08719040598930292
HTBK,-0.0319283664871491
HTHT,0.14303484854038367
HTLM,-0.08706465330676488
HTO,-0.18342871227269766
HTZ,0.8631578980390385
HUBG,-0.20995089142896997
HUHU,0.5279805366912259
HURC,0.10168547476802675
HURN,0.17149776509154735
HUT,0.3661497190229796
HWAY,0.19260247208161058
HWBK,0.40355736563718014
HWC,0.12566107357924255
HWKN,0.5268372976728917
HYDR,-0.014147227649321716
HYMC,0.35077519308209065
HYPR,-0.05128200425668879
IAC,-0.04524223322362377
IAS,-0.19691436569937656
IBAT,0.03639546283856008
IBB,-0.08425377559249463
IBBQ,-0.06186342968990362
IBCP,-0.03463756994521876
IBEX,0.742608664692312
IBIT,0.7436019995222176
IBKR,1.2371812190008766
IBOC,0.05632981297569402
IBOT,0.12612829184214217
ICCC,0.6875
ICCM,0.3821138408370172
ICLN,0.001910045663148696
ICMB,-0.03134999205027051
ICOP,0.07655062480975092
ICUI,0.01216616577544555
IDCC,0.8924678678733016
IDN,0.666666743824785
IDXX,0.20313989542291216
IFLO,0.0410605241014545
IGIC,0.39250277505772874
IHRT,0.21428573015207922
III,0.3439236025140818
IIIV,0.17884457059086498
IINN,0.1866371238617227
IJT,-0.019354746941066765
IKNA,-0.16860463397017586
IKT,0.14516131017012165
ILIT,-0.02166154704605975
ILMN,-0.09452120841176538
ILPT,0.1182323825272791
IMCR,-0.13688983924612985
IMDX,-0.13455659320700988
IMKTA,-0.183868067051799
IMMP,-0.19815670582444483
IMMX,0.29383893592539917
IMOM,0.23730499253684034
IMOS,-0.24650551371114254
IMPP,-0.2183622999073658
IMRA,0.25036403954120545
IMRN,-0.2991632306294639
IMUX,-0.2474576295843346
INBS,0.10992914487116393
INBX,0.6681817639199935
INCY,0.02332710583090885
INDB,0.09705835285448994
INDV,0.3167254071052101
INGN,-0.2681623765075773
INMD,-0.19156023128375788
INSE,0.02300109918014302
INSG,-0.19546440333460557
INSM,0.38526028760853676
INTA,0.13222460288357
INTJ,0.2079208318117428
INTR,-0.008717123127879032
INTU,0.26211764496918843
INTZ,0.6293103793784366
INVA,-0.024907323783787336
INVE,-0.08108111749536548
INVZ,1.2400988610865853
IOBT,0.8030303180819804
IOMT,0.22166663655390276
IONR,-0.07738095195858385
IONS,-0.16600318220455934
IPAR,-0.07810919606046725
IPGP,-0.09291176044903092
IPHA,0.06382978243712936
IPWR,-0.2170330157977849
IRDM,-0.09625558723817332
IREN,0.6887860560260098
IRIX,-0.24000000953674316
IRMD,0.2400375023724169
IRON,0.3767686501873833
IROQ,0.4648852712055609
IRTC,0.5589364053741879
ISHP,0.34614138073487294
ISPOW,-0.25714287805009794
ISRG,0.11497545269930198
ISRL,0.128158852533546
ISRLU,0.19819817420347147
ISSC,1.450710791641345
ISTR,0.19759370792796796
ITIC,0.09234113638453953
ITRI,0.3138784143615726
ITRN,0.6101858568699786
IVA,0.43119360193149237
IZEA,0.7239130419008222
IZM,0.18549508376683174
JAKK,-0.1202810313079315
JAZZ,0.050400489995131637
JBHT,-0.11341175589580109
JBLU,-0.2706576839013418
JCAP,-0.09115428536156292
JCSE,-0.00703396386228043
JCTC,-0.221967921188527
JD,0.28443344203736454
JDOC,-0.10512499642867347
JFB,1.038571493966239
JFU,-0.10118922541348709
JJSF,-0.28980247086572847
JKHY,0.0434428015388923
JMID,0.20354183478027196
JMSB,-0.007196721219898363
JOUT,-0.16862743642546538
JOYY,0.5597408716801964
JPY,0.24759417685937068
JRSH,0.18977972791762363
JSMD,0.13192729173591766
JSML,0.07864934879023044
JTEK,0.32499620414927416
JVA,0.7470816683846102
JWEL,0.45461004738188915
JYNT,-0.20771930092259458
KALA,0.08628000592168338
KALU,0.12463342176801516
KALV,-0.03515192269441982
KARO,0.420410871028155
KBAB,-0.2602080495857318
KBWB,0.30359994222760717
KBWP,0.10794420052274768
KBWR,0.053087062801950684
KBWY,-0.14387349568118243
KE,-0.20034096500462284
KEQU,0.09207116085309296
KFFB,-0.044117673870600706
KFRC,-0.290028829507129
KGEI,0.7920352865112548
KHC,-0.11175162426855847
KIDS,-0.29252980277081597
KINS,1.2592592164913385
KIRK,-0.0670391102378272
KLAC,0.20114422842283405
KLIC,-0.22060878507255366
KLTR,0.4539231320132891
KMDA,0.342331239335069
KMLI,-0.03473176158807553
KMTS,-0.24175827150898
KNSA,0.037872983712088706
KOID,0.08889767078137013
KOPN,0.9118627269943598
KPDD,-0.14126421752037327
KRKR,-0.1561264764400506
KRMD,0.4617021626290732
KRNT,0.36450891369198946
KRNY,-0.05078661664537635
KRON,-0.284552860499547
KROP,0.10266190039872662
KRT,0.015206041473037212
KRUS,0.6065411804437286
KRYS,-0.2518153786937067
KTCC,-0.2205128493550411
KVHI,0.14161283961444077
KYMR,0.04525669836023959
LAMR,0.09184690654208989
LARK,0.3908440119974038
LASE,0.7005813393385243
LASR,0.58346971838279
LAUR,0.5200267792774841
LAWR,-0.20738637017871234
LAYS,1.3704472505037346
LBRDA,0.10587393207059036
LBRDK,0.09545876344579028
LCID,-0.1893063480255221
LCNB,0.12142495786510807
LDEM,0.2513155992859942
LDWY,0.15296804995163044
LE,-0.27452085391160763
LECO,0.10617541780772645
LEDS,0.18954254018638722
LEGH,-0.17570025332559663
LEGN,-0.2632139033601474
LENZ,0.31257785964922835
LFCR,0.1504702227158342
LFMD,0.5875371175999328
LFMDP,0.20185147692418312
LFST,-0.24683547851124374
LFUS,-0.0747072170954791
LFVN,0.6146907963612972
LGND,0.23650575835129312
LGO,-0.27990195620110375
LI,0.5150595500120828
LIEN,-0.01756139490919614
LIF,1.3526867755477205
LINC,0.5879858600086942
LIND,0.3459796524996528
LINK,0.6738608852201524
LIQT,0.009555604722764757
LITE,1.0501930214751993
LITP,0.032274997721672465
LIVN,-0.16494549338282447
LKFN,0.02461134689510495
LKQ,-0.19227676495225676
LLYVA,1.2121293715380579
LLYVK,1.1884822095637926
LMAT,-0.04631025406113224
LMB,1.257742307741898
LMNR,-0.29741341986641945
LNKB,0.07916883948783611
LNT,0.1827374755067446
LNW,-0.056671476602679974
LOAN,0.09237891942512431
LOCO,-0.10580644377834762
LOGI,0.09310188835140021
LOKV,0.032225547330288234
LOKVU,0.057884221278319464
LOOP,-0.11413045344427053
LOPE,0.07821384425833304
LPCN,-0.2947869800044666
LPLA,0.7846733160982796
LPSN,-0.28321677359795905
LPTH,1.2116788035355213
LQDA,0.7062876874892137
LQDT,0.08807591764664531
LRCX,0.11229905357297006
LRE,-0.08333331385469088
LRFC,-0.08518224996140787
LSAK,-0.0876826888598694
LSCC,-0.015101856444388361
LSE,0.27816093440792333
LSTA,-0.22318449036004825
LSTR,-0.24604681267585807
LTRN,-0.16702824230898405
LTRX,-0.13518044230332005
LUCD,0.3338147131811481
LULU,-0.15700883434585372
LVTX,-0.2885572366503684
LWAY,1.1808959766229674
LWLG,-0.24480937945658324
LYFT,0.17396689883249775
LYTS,0.1686594197027297
LZ,0.37481258941590234
MAGS,0.319404144141192
MAMA,0.20310393325669618
MAMK,-0.29466125889401434
MANH,-0.13275235961439968
MAPS,-0.1473451088903018
MAR,0.1697782017401847
MARA,-0.1618582518241061
MARPS,0.3256127559412647
MASI,0.5141548601270564
MASS,0.35174961042929836
MAT,-0.09133368900221023
MATH,1.4869272367438326
MATW,-0.10013742860611195
MAXI,0.6288027232207705
MAYS,-0.1232402475635416
MAZE,0.049843325358941794
MBAV,0.06356358793096964
MBAVU,0.14427858524837617
MBCN,0.184153519419087
MBLY,-0.27327253613849034
MBUU,-0.08296605621619611
MBWM,0.010649846778511215
MCBS,-0.02909512400929415
MCDS,0.00020523789734325888
MCFT,-0.0399149414411537
MCHI,0.4698462871305086
MCHP,-0.177630699666872
MCHPP,0.26172867527579435
MCHS,0.2926584867841057
MCHX,0.2547770463659581
MCRI,0.3621166775860005
MDAI,0.6117646662834205
MDB,-0.02484990710709163
MDGL,0.0793258158333224
MDLZ,0.06508505293506804
MDRR,-0.08215926941412863
MDWD,0.03724776596980192
MDXG,-0.12007873695471762
MDXH,-0.04150948285122699
MEDP,0.1663551000559806
MEDX,-0.07484344604907336
MEIP,0.7442898411333011
MELI,0.4528062431578251
MEMS,0.056049144703167096
MEOH,-0.2810376126958881
MESA,-0.25961537579812916
MESO,1.346097259892826
META,0.5384140947669994
METC,0.6603281432921325
METCB,0.31981104434917457
METU,0.8795637247742927
MFIC,0.015752084211432697
MFIN,0.3115073991052158
MGEE,0.017149723393021413
MGIC,0.9746475575787714
MGIH,0.10596024346484408
MGNI,0.6341631465026435
MGRC,0.1675094715439779
MGTX,0.6829267488971688
MGYR,0.3859563338578093
MIDD,0.1286619825733664
MIMI,1.1350363341781433
MIND,1.0760870410273808
MIRA,-0.2598252922761958
MIRM,0.23292750578214677
MIST,0.05743245746725369
MITK,-0.28925621788827854
MKSI,-0.16186132350969462
MKTW,0.0826809243246176
MKTX,-0.05332985778635319
MLAB,-0.2844388930106414
MLCO,0.5326460160133711
MLTX,0.27904010084315156
MLYS,0.08651595193124625
MMLP,-0.27383681014850386
MMSI,-0.011443201010315719
MMYT,0.0975609756097561
MNDO,-0.15688811916476483
MNDY,0.23997435818063767
MNMD,0.06208786337347918
MNOV,0.13076929425347014
MNSB,0.19976250776645635
MNSBP,0.20982526643892527
MNST,0.1769065655128305
MNTL,-0.12039243283899718
MNY,0.2682926474689796
MOBX,-0.1879536569498972
MOFG,0.026932086594551475
MOMO,0.3240341570375801
MORN,-0.12480016407107229
MPAA,0.9899833942846408
MPB,-0.016874592604740644
MPWR,-0.10058965549434466
MQ,0.10056387784758941
MQQQ,0.39127899146003187
MRAM,0.05737703444335553
MRBK,0.32584094009597453
MRCC,-0.06428601715987979
MRCY,0.4991447379581497
MRNO,-0.08101854841282219
MRTN,-0.28716414834334303
MRUS,0.20659061998880662
MRVL,0.17663011574504678
MRX,0.7589583805403043
MSBI,-0.1792736422272553
MSDD,-0.1403110411717041
MSEX,-0.19228029242291453
MSFL,0.2595693879061168
MSFU,0.23861654415074285
MSGM,0.8928571254796958
MSII,0.08037340211528152
MSS,-0.1600000240605898
MSTP,0.01647247318063918
MSTR,1.4078701425750597
MTCH,0.0530255723734203
MTEK,1.054746789290268
MTEX,0.05277406635573098
MTLS,-0.0694200310991683
MTRX,0.5374850646109604
MTSI,0.4130500048785509
MTSR,0.5222641567014298
MU,0.03299570997491598
MUD,-0.21659103646971464
MULL,-0.2537234992746761
MURA,-0.27810651638866685
MUU,-0.2668650929519996
MVBF,0.015093429784953915
MVIS,0.14150953157044527
MVLL,-0.10200249331930632
MXL,0.1859113566331821
MYFW,0.3206458718002137
MYRG,0.3669686666349085
MZTI,-0.011397049163482248
NAMS,0.39304351806640625
NAMSW,0.95312497089617
NATH,0.34926745170788964
NATL,-0.13911418592567149
NATO,0.4209315128809692
NATR,-0.1326228450008718
NAVI,-0.08765593327697474
NB,0.6416666677704564
NBBK,-0.01867890233786013
NBIX,-0.07882958312042813
NBN,0.3516865773399917
NBTB,-0.12253456710271168
NBTX,0.3168411126792113
NCI,-0.222846446295279
NCIQ,0.23676724146049744
NCMI,-0.11319999284649258
NCNO,-0.07952824871595697
NCRA,0.6399999856948853
NCSM,0.744252933726978
NCTY,0.31067957826167525
NDAQ,0.41868725078072117
NDSN,-0.09157497690860224
NECB,0.012054481826065487
NEOV,0.7526502374076234
NEPH,0.6672272754316487
NERD,0.5775941436459672
NESR,-0.2953846271221454
NEUP,0.08345712834925546
NEWT,-0.09868791232389325
NEXN,0.650375973545505
NEXT,0.45671834004478573
NFBK,-0.08149310586746208
NFLX,0.8722564675836413
NFXL,1.28876337214667
NHPAP,0.2616658735848917
NHPBP,0.2912998486604578
NHTC,-0.2549525103009338
NICE,-0.0469097517079845
NIKL,0.0592816900150169
NIU,0.8539603568913711
NIXT,0.08210111562441949
NIXX,-0.18686194976311268
NKSH,-0.009724609101991433
NMFC,-0.04439553701811897
NMIH,-0.04760091467512802
NMRK,0.07606647132357101
NMTC,0.1400000254313151
NN,0.9017412978107837
NODK,-0.167192461099415
NOTV,0.08974356309588596
NOWL,0.0488772989802568
NPCE,0.1503268079779281
NRIM,0.27995507143875387
NRXP,0.2584746443345227
NSPR,-0.27710839047420094
NTAP,-0.12918659571998412
NTCT,0.0842000401497349
NTES,0.48852539982601856
NTGR,0.621859269540589
NTNX,0.4881023928549444
NTRA,0.3548231751560379
NTRB,0.0990437004959823
NTRP,0.2446768834040715
NTRS,0.5069465762057368
NTWK,0.48109959300884647
NUVL,0.044994911969306536
NVCT,0.14471664080573649
NVDA,0.5730384092031955
NVDG,0.2850449963171223
NVDL,0.5641072272891592
NVDU,0.6063615629695471
NVEC,-0.2143869822139719
NVEE,-0.11113292651724088
NVMI,0.3304696900354912
NVNO,-0.07272729006680576
NVX,-0.22493228977070595
NVYY,0.260110481507587
NWBI,-0.0444613142591364
NWE,0.03429536825671198
NWFL,-0.06758258527364626
NWL,-0.2754090138412524
NWPX,0.15172976937447485
NXGL,-0.2446487986693851
NXL,-0.05042021773425426
NXPI,-0.09509289479291996
NXST,0.08888353687118793
NXT,0.3856654779100309
NYAX,1.080734045771819
NYMT,0.1835887504133466
NYXH,-0.11453200017805053
OAKUR,-0.03765685654820015
OBT,-0.09747716083519616
OCC,0.8426966051338395
OCCI,0.019318577020075903
OCFC,0.008022411079101618
OCGN,-0.2837838316764853
OCS,0.5670516057819628
OCSL,-0.11786462550021291
OCUL,0.4761322285185738
ODD,0.71460624992334
ODDS,0.5049132444424389
ODFL,-0.171660308883091
OFIX,-0.2886662826092266
OFS,0.1448401796096759
OGI,-0.08695651208134308
OKTA,0.038628878913019804
OKYO,1.1920000076293946
OLLI,0.40636693232946586
OLPX,-0.26262625046329063
OMAB,0.6171994699816421
OMCC,-0.04866561198569518
OMCL,0.008465600278264334
OMDA,-0.189130451368249
OMER,-0.20446094446726212
OMSE,-0.06284954829363415
ON,-0.24785995328006954
ONB,0.10977578661877839
ONC,0.8510936002587945
ONCY,0.03809531702746968
ONDS,1.0198019615003564
ONFO,0.4415437075591749
OOQB,0.14235053457501806
OOSB,0.17244282210417952
OPBK,0.14461933863138327
OPCH,-0.037240921301298524
OPHC,0.029127604509748974
OPINL,-0.2515011166249651
OPK,-0.04195800348274537
OPOF,1.3244679441221126
OPPJ,0.11696521313047778
OPRA,0.4853403196668466
OPRT,0.9696484780973315
OPRX,0.21994660442674746
OPTX,0.3187499147839857
OPTZ,0.20086157167257798
OPXS,0.5474250316619873
ORGN,-0.18730686878386396
ORGO,0.6454248175045989
ORIC,0.023360307835441227
ORKA,-0.29199753160945124
ORLY,0.3055026802565538
ORMP,-0.12781743116089223
ORRF,0.02967932502710261
OS,-0.1080790013519917
OSBC,0.0632504259519588
OSIS,0.5115201964998364
OSPN,0.06478054847059697
OSS,1.4241070559020252
OSUR,-0.21774196738170265
OSW,0.3592359852946384
OTEX,0.012788501239497862
OTGL,0.00577265137858762
OTLY,-0.2449238871105257
OTRKP,0.2857143769458877
OTTR,-0.1732264762816502
OVBC,0.4795036979904107
OVLY,0.030433680572374774
OXLC,-0.17115533744851125
OYSER,-0.02777783296726149
OZEM,-0.0027014975499993965
OZK,0.14713096393092304
OZKAP,0.05497967277089389
PAA,0.08528649713042179
PACB,-0.1856585289945493
PAGP,0.0897143435482496
PAHC,0.6023578426307821
PALD,-0.1730988219563147
PALU,0.2498352764822995
PANL,-0.2403612082037732
PANW,0.2691734555628392
PARA,0.20837075535925978
PATK,0.2018086978442475
PAVS,-0.23215682332949214
PAX,0.1042280233224996
PAYO,0.24633695618949475
PAYS,0.5272373752024818
PAYX,0.19594929678046458
PBBK,0.1886305014626703
PBFS,0.109502264005527
PBHC,-0.026466652627528606
PBPB,0.6903765350897612
PBYI,-0.06925207957474577
PCAPU,0.0018692016934760565
PCAR,0.06487625239455706
PCB,0.13067237528381254
PCH,-0.021704246261832264
PCRX,0.09200877155509989
PCT,0.9435696380630699
PCTY,0.2709276913165724
PCYO,-0.06259023404013743
PDBC,0.04176995030736435
PDD,-0.084019075938519
PDDL,0.25518163043743963
PDLB,0.4481707092506795
PEBK,-0.04386993332068146
PEBO,-0.0709243350751915
PECO,0.031196960883755825
PEGA,0.8288943020509648
PENG,0.09187661724849637
PENN,-0.03363923172933616
PEP,-0.15262392677627679
PERI,0.31952661185917175
PESI,-0.035266442099787514
PETS,-0.10997498035430908
PETZ,-0.24427476887046737
PEY,0.03171091933664215
PFBC,0.1353850095179563
PFG,0.019572909483709173
PFI,0.08536425691213308
PFIS,0.07938785172139329
PFX,0.0689971498168678
PGC,-0.05182128721864882
PGEN,-0.03086416800562491
PGJ,0.37409933757660546
PGNY,-0.20640936170335827
PGY,1.1772375878343144
PHAR,0.47609972664366706
PHIO,-0.27501432731701014
PHLT,0.06552707113914563
PHVS,0.19137931015583148
PI,-0.23416095838480794
PIE,0.07781422990148103
PINC,0.04986002862111282
PKBK,0.17922490223766266
PLAB,-0.15972227793732058
PLAY,-0.11898906349178225
PLBC,0.020873335334955282
PLBY,1.2222221752524478
PLL,-0.22849927376214824
PLMKU,0.03187247968526468
PLMR,0.47741352772404505
PLPC,0.08638319031332932
PLSE,-0.002643751589588499
PLTG,0.7080300591445816
PLUG,-0.2708333623078123
PLUR,-0.05671302131984545
PLUS,-0.25913863253955616
PLUT,-0.2630000114440918
PLXS,-0.014956076193482213
PMTS,-0.2948328696262499
PMVP,-0.11077841169678723
PN,0.022332424581936298
PNFP,-0.043228705139788146
PNRG,0.5193043584408967
PNTG,-0.24497735657059957
POCI,-0.23513381289885832
PODC,0.18553456030929036
PODD,0.523327938442404
POET,1.0136986167150361
POOL,-0.11485907409063162
POWI,-0.26806063647595396
POWL,0.771747771397905
POWWP,-0.011492885581294951
PPBI,-0.1043676272923709
PPC,0.3027555412467859
PPH,-0.028376361554823846
PPSI,-0.06777848896240361
PPTA,1.4682171390804657
PRAX,0.013259590557156848
PRCT,-0.1211911199377369
PRDO,0.14532512406687467
PRE,0.39003434947984195
PRFZ,0.035517841849683304
PRGS,-0.13787226638506256
PRME,-0.25224419506423046
PRN,0.1785756020998593
PROV,0.16407210457994417
PRPL,-0.2836879330689705
PRQR,0.24376728576026171
PRTC,-0.17151965623131415
PRTG,0.4282233616559271
PRTH,0.35578747756852136
PRVA,-0.030235976720969525
PSC,0.03980584538619541
PSCC,-0.04497519430030421
PSCD,-0.026757099585476684
PSCE,-0.2277388752898061
PSCF,0.0412071799816166
PSCH,-0.15513916051635432
PSCI,0.0842991397532424
PSCM,-0.06878821474937638
PSCT,-0.03424212404219198
PSEC,-0.29697036040047187
PSHG,-0.17452825732653585
PSMT,0.23765519705192892
PSNL,1.0848584452221235
PSNY,0.4561171091809703
PSNYW,0.1789473707797643
PSWD,0.24234908263555158
PT,-0.11733328125968576
PTC,0.14908022789167483
PTCT,0.37054117673555526
PTEC,0.23676178540777065
PTF,0.1925896912403855
PTGX,0.46070591653529175
PTH,-0.15222218831380208
PTLO,0.02713572491853273
PTMN,-0.26739132959116385
PTON,0.7301369567730798
PVLA,1.4415900451102523
PWER,0.07711890322302642
PWOD,0.33401343085167284
PWP,0.10485334914489776
PWRD,0.39392927310458653
PXI,-0.07387766494890666
PXLW,0.03812921216285059
PYPD,0.05880651054024947
PYPG,0.6725353219601166
PYPL,0.33186294246751635
PZZA,0.0718580946458615
QABA,0.04279214298217387
QBIG,0.1201609855008203
QCLN,0.0158612010563688
QCMD,-0.03016722916434868
QCML,0.2385040726163082
QCMU,0.058945812719206646
QCOM,-0.07705176779525327
QCRH,-0.01817015716816737
QFIN,0.8468344886542382
QLYS,-0.04776968825778071
QMCO,0.047561018584670524
QNCX,1.42587599952252
QOWZ,0.18862147587762468
QQDN,-0.17144967433215208
QQJG,0.16793965701624028
QQQG,0.12179827236532134
QQQP,0.2640515041363719
QQQS,0.04047422845129949
QQUP,0.2073628528929315
QSI,0.697169926328655
QSML,0.0039252009130815715
QTEC,0.16907100730757732
QURE,0.9141575796246286
RAND,0.3788118139465155
RAPP,-0.26570800737856964
RAVE,0.5454545976122316
RAYS,-0.03450843022221404
RBB,-0.14810162071840782
RBBN,0.1681957050533219
RBCAA,0.1365254196367474
RBKB,0.5087718515502785
RCMT,0.2918781612850069
RCON,0.8301886948060064
RDCM,0.44444451936835544
RDFN,0.3730061477476786
RDI,-0.06944445824181537
RDNT,-0.049532563511548576
RDTL,0.090105417202874
RDTY,0.07184913036034524
RDVT,0.7513494577690318
RDWR,0.532179571357173
RDZN,-0.20382168265045522
REAL,0.6059322045313539
REAX,-0.2890625646751762
RECT,0.40158434300427454
REFI,-0.0412387114290586
REFR,-0.08333331781129008
RELL,-0.07380406947692075
RELY,0.2766813369236586
RETO,0.643356636944094
REYN,-0.18588527935793128
RFIL,1.0484261025964188
RGCO,-0.0150545961547156
RGEN,-0.12326088504514833
RGLD,0.13422643770845022
RHLD,0.1721928227994968
RIBBU,0.09790204993289982
RICK,-0.224668142581574
RIGL,0.9170594543598513
RILYG,0.07809875556821226
RILYK,0.22036822117557517
RILYN,0.15985637959439686
RILYT,-0.22233699657762823
RILYZ,-0.10710618949554816
RING,0.5079655347884142
RIOT,0.36407337532430983
RIVN,-0.15653371080895692
RKDA,0.6403903262915727
RMBI,0.20270519796062111
RMBS,0.144635441221687
RMCF,-0.07253885466305679
RMCO,0.30219060874762643
RMNI,0.5591054108675603
RMR,-0.276157534422152
RNA,-0.21580875278707876
RNAC,-0.19266591157274326
RNEM,0.0785835340493047
RNRG,0.009357580276996031
RNW,0.34275620309556626
RNXT,-0.019687507741619075
ROAD,0.6606011429961135
ROBT,0.20790270702182456
ROCK,-0.1858011825419529
ROIV,0.06601122692518979
ROKU,0.6018913385131178
ROOT,0.7779601505764482
ROST,-0.007113738397088632
RPRX,0.33191147392369696
RR,0.25632908885399963
RRBI,0.11624652317520834
RRR,-0.01772946095981864
RSSS,-0.02120139377988657
RSVR,-0.04648394843429758
RSVRW,0.26041673457560593
RTAC,0.050176114940593056
RTACU,0.1250544155327154
RTACW,-0.125000074505803
RTXG,0.23043099777677173
RUM,0.44505495903916337
RUSHA,0.10181475026802868
RUSHB,0.19458425585585287
RVMD,-0.17878918579802772
RVSB,0.21880936977126067
RWAY,0.06909223281255437
RXRX,-0.23260071191383813
RYAAY,0.5920409858851383
RYTM,0.7522567878168247
RZLT,0.39692981699387003
SABR,-0.10734459890316676
SABS,-0.057761764235525884
SAFT,-0.14675262946374962
SAGE,-0.1873265951525645
SAIA,-0.1491416777864882
SAIL,-0.07568185979669745
SAMG,0.036696871683577555
SANA,-0.184552879883171
SANG,0.016333878768095146
SANM,0.31283357609450924
SATS,0.5117167858249497
SBAC,0.07008910083395366
SBCF,0.06674532455751252
SBFG,0.253620983936257
SBGI,0.008264084779467577
SBLK,-0.12051405745168722
SBRA,0.17035586338963907
SBSI,-0.07845053245867827
SBUX,0.27652310664957036
SCDS,0.01485589989101731
SCHL,-0.13407819286917036
SCKT,0.03043475421480001
SCPH,0.1006036259773603
SCSC,-0.18360231928127727
SDGR,0.008089901356214887
SDVY,0.022516536042205517
SEDG,-0.00018646627624712038
SEER,0.12373731474695962
SEIC,0.3403306067304878
SEIS,0.030154456591524118
SELF,0.068934830987674
SELX,-0.14062496216501957
SENEA,0.7132499694824219
SENEB,0.7264999389648438
SETM,0.2184552658826563
SEVN,-0.10409527153539483
SFBC,0.13901069670955496
SFD,0.23725050651609403
SFIX,0.10559011116723024
SFLO,0.01378524125271249
SFM,0.8951097980310287
SFNC,-0.040603254871371286
SFST,0.29586817923102937
SFWL,-0.2403100402687144
SGA,-0.05960887601060664
SGRY,-0.2819029342881316
SHBI,0.1390344288291503
SHC,-0.09287814639881162
SHEN,-0.25795051564688665
SHIP,-0.17806081572307855
SHLS,-0.11094225342518367
SHYF,-0.21693660349045296
SIBN,0.15135492032596373
SIEB,1.2674418781949994
SIFY,1.1553029663334013
SIGA,-0.21679779953463874
SIGI,-0.1141870386519401
SILC,0.1599631807332808
SIMO,0.14306485985422304
SION,-0.20199996948242188
SITM,0.3610078548160754
SJ,-0.1279839090173639
SKWD,0.32971019357417
SKYT,0.3978494003420281
SKYU,0.4998610337832451
SKYW,0.4816886768491532
SKYX,-0.11065572729292712
SKYY,0.3411589108210803
SLAB,0.14488393444476796
SLDB,-0.25894737243652344
SLDE,-0.041481489016685955
SLDP,1.1534392605643242
SLM,0.48363171511898567
SLND,0.08838381344974582
SLNG,0.2188235549502068
SLNO,0.834116659648743
SLS,0.45057377774816004
SMBC,0.12154103468645516
SMBK,0.2777273976947999
SMCF,0.03577841617700894
SMCI,-0.1535393585789052
SMCL,0.12300843898258963
SMH,0.22560937930573766
SMHX,0.3586811583756617
SMID,0.16367529628871857
SMLR,0.18693001294678047
SMPL,-0.06233695045660785
SMTC,0.7178514877470175
SMTI,-0.1889967710253863
SNAL,0.5060241266680594
SNBR,-0.1753246230487164
SNCR,-0.19556837288922613
SNCY,-0.03697749627518871
SND,0.024844818675888194
SNDK,0.1580555174085829
SNES,0.08092486929930388
SNEX,0.729255988160646
SNFCA,0.0976134756512547
SNPS,0.09246237250528618
SNRE,0.38216288625044315
SNSR,0.09196818302837945
SNTG,-0.25862068178033465
SNTI,-0.2175732541052136
SNY,-0.011120735436456612
SOCL,0.3255058465722475
SOHOB,-0.02684357693648884
SOHON,-0.007621834230353739
SOHOO,-0.04989642569758591
SOHU,0.007313806978473783
SOLT,0.5354052846345784
SOLZ,0.3924924666927588
SOND,-0.2819671831282191
SONO,-0.17331402102495716
SOPA,-0.1620945877372305
SOPH,-0.2608695291616508
SOTK,-0.11668418729536392
SOUN,1.3577405780523037
SOXQ,0.1337082443501764
SOXX,0.08241755326383392
SPAI,-0.10758780811134627
SPAM,0.2211518288959388
SPC,0.06288416191457627
SPCB,1.4578948078393286
SPCX,0.09440050921586032
SPCY,1.093443465157973
SPFI,0.21038581469145218
SPKLU,0.03550862599328108
SPNS,-0.2352616731481582
SPOK,0.24335211218819094
SPPL,0.028177488626161522
SPRC,-0.23309367094947286
SPRX,0.5172391018057334
SPRY,0.6870437688651964
SPTN,0.33611574628213686
SPWH,0.3187023185570834
SPWR,0.22142861947721446
SPYQ,0.18102143264933016
SQFTP,0.07705660103278655
SQLV,-0.015394617923511187
SRBK,0.4958079192557888
SRCE,0.0009108328219453887
SRDX,-0.1002415790560965
SRTS,-0.19636082496663043
SRZN,0.07059903489920498
SSB,0.004509813035912696
SSBI,0.2418859116829909
SSBK,0.15465047311754382
SSNC,0.1713317791290338
SSP,-0.1103723305600053
SSRM,1.2270219933248059
SSSS,1.1582327958354963
SSTI,-0.1812668804850732
SSYS,0.2938083255095278
STBA,-0.12659819831976935
STEC,1.4117263494554184
STEP,0.2589369710024056
STGW,-0.19253731322038886
STIM,1.3815790274466844
STKL,0.23750003438729633
STLD,0.010748041916366042
STNE,-0.0152870936643311
STOK,-0.12702703312246177
STRL,1.3228681194655938
STRRP,-0.04957189698255403
STRZ,0.3709821253330729
STX,0.49915725286738094
STXK,0.03360291524055476
SUNS,0.00314689633207155
SUPN,0.08777382673742375
SURG,-0.03898305345013096
SVCCU,0.03196800074998242
SWAG,0.2014925180604293
SWIM,0.9727010728424934
SWIN,0.31271471497305503
SWKH,0.4828581081839929
SYBT,0.29357352487629446
SYBX,-0.03704142868308021
SYM,0.4731967472613783
SYNA,-0.22760124669036783
SYPR,0.09189186751015292
SZZLU,0.050919061919852106
TACT,-0.09026130902558724
TAIT,-0.17664391310267716
TALK,0.2875000238418579
TARA,0.46969699784556296
TARK,1.1241705838903981
TARS,0.7168105461876664
TASK,0.01850743080253032
TATT,1.2938658200687352
TAYD,-0.060506241976374046
TBBK,0.25950876401767126
TBCH,-0.0289855418453183
TBLA,-0.03623188355719686
TBLD,0.28792465978786064
TBPH,0.09396644858558585
TBRG,0.9763712508327548
TCBC,0.20601257684821933
TCBI,0.3038455325367174
TCBK,-0.043583203503712004
TCBS,0.1757604308061946
TCBX,0.5545759552357602
TCHI,0.39935887041134827
TCMD,-0.14698794793106673
TCOM,0.47627423305472016
TCPC,-0.19505888049259432
TCRT,-0.18973683294166807
TCX,-0.2060904000785423
TDIC,-0.0878995933384762
TDIV,0.2313595865833257
TEAM,0.1360727830707101
TECH,-0.24564843700934583
TECX,0.26420304121651184
TEKX,0.38193114430720987
TEKY,0.4180774832721792
TEM,0.41714154735846337
TENB,-0.22542880416578387
TENX,0.814925402027113
TER,-0.2808488186859078
TERN,-0.279711878156828
TFINP,0.08323011474511897
TGTX,0.8016153250315685
TH,-0.13864628843692778
THFF,0.28436453696189806
THTX,1.1678081364093902
TIGO,0.7794217326719087
TILE,0.22656493609150383
TIPT,0.1675420168602756
TITN,0.15759641626047205
TKNO,0.3844086171395654
TLF,0.12272057971576045
TLSA,0.8316832092179706
TLSI,-0.2131578449837482
TLX,-0.08118809064073444
TMCI,-0.21153851570159873
TMDX,-0.2381294854253316
TMET,0.2671134235890515
TMUS,0.3651087682957126
TNXP,-0.19225438435872397
TOMZ,0.29333337148030597
TORO,-0.17741937654695683
TOUR,-0.028023635515261106
TOWN,0.09791051293141627
TOYO,0.3385416201005398
TPCS,0.21900827857587793
TPG,0.22008312703056285
TQQQ,0.3828949656802952
TRAK,-0.021043972705667626
TREE,-0.08609524681454613
TRI,0.2573438776398965
TRIN,0.16952243510675585
TRIP,0.004173665320271656
TRMB,0.553545448996804
TRMK,0.1334316095280246
TRML,0.38895708278150887
TROW,-0.0158957484683904
TRS,0.15659599303630686
TRST,0.05207700433493519
TRUP,0.3762872347044231
TRVG,0.9350962706747888
TRVI,1.4523808478588272
TSBK,0.15432710575399267
TSCO,0.11282934604209713
TSEL,0.14290193294541456
TSEM,0.13924055361307963
TSHA,0.15502184497253294
TSII,0.01860798442978357
TSL,0.3664021843481757
TSLA,0.4073416797132268
TSLL,0.05048780402498071
TSLR,0.07642500109568827
TSLT,0.010505949845552994
TSMG,0.2248620475221807
TSMU,0.27538022128850376
TSMX,0.4434529524314514
TSYY,-0.23280031240941917
TTAN,0.1741583795830755
TTD,-0.04880164889577317
TTEK,-0.11143635214540974
TTEQ,0.19907884439485948
TTMI,1.1316279921420784
TTNP,-0.25614036614067903
TTSH,-0.0650068864386919
TTWO,0.49479100166813905
TUR,-0.18841084101482888
TURB,1.0087611443543272
TURN,0.20461089160646367
TUSK,-0.2898172107590401
TVGN,0.6194030016720437
TVRD,0.957561787388761
TVTX,0.5201178026481824
TW,0.2892266151142295
TWFG,0.3150337410613171
TXG,-0.2678483369487812
TXN,-0.031848917724971275
TXRH,0.10588113323052563
TXSS,-0.02277652294566942
TZOO,0.10589405012039542
UAE,0.42298642887594623
UAL,0.9726262013421111
UBCP,0.216871711055098
UBFO,0.1291760137789588
UBRL,0.2553990021856014
UBSI,-0.009779487301019772
UCB,0.05078128849474254
UCL,0.6848484918543569
UCYB,0.5241879066636859
UDMY,-0.14461882856720698
UFCS,0.25053279809541973
UFO,0.741631731253104
UFPI,-0.1709366367578541
UFPT,-0.2517472742919188
UG,-0.18717343455577098
ULBI,-0.18769157601635614
ULCC,0.15633075890545786
ULTA,0.4166826215034351
UMBF,0.12273650019659084
UNB,0.1515424306243559
UNHG,-0.0385867003389987
UNIT,0.6104815832452659
UNTY,0.4915858315639327
UONE,-0.147465456774823
UPBD,-0.2831216159296428
UPGR,0.03248921948492512
UPLD,0.016460889199236394
UPWK,0.1247826451840608
URBN,0.6735707065477985
URNJ,0.05734072216073463
UROY,0.3049327627538436
USAR,0.09691009530313627
USAU,0.9312168715917076
USCB,0.14470456063244053
USGO,0.3995574169402422
USIO,0.13291133748971348
USLM,0.3107758372259199
USOI,-0.011971003406192322
USOY,0.05409278439215317
USRD,0.1473831230585453
USVM,0.03234501952539732
UTHR,-0.11095529844138885
UTMD,-0.1394187464037151
UTSI,-0.044117692174795525
UVSP,0.07201014169750751
UXIN,1.2471910473554222
VABK,0.009853682418362819
VACHU,0.15
VALN,0.06619722159744613
VALU,-0.18191262281272355
VANI,0.30645160670086946
VBNK,-0.012210149503861593
VBTX,0.3447761099857284
VC,0.038651890413829416
VCEL,-0.20745921523199443
VCTR,0.3769914668909384
VCYT,0.09900124669205879
VEON,1.0118650242110228
VERI,-0.24083771550563754
VERX,-0.13770330029459232
VFF,0.29729733212835296
VFS,-0.1212499737739563
VGAS,-0.29146915682643837
VIAV,0.2917721266472234
VICR,0.14173917592682453
VINP,-0.09620248129804404
VIRT,0.5934829676456332
VITL,-0.004617006256227892
VLGEA,0.21544439177196847
VLY,0.23902070588023833
VMD,-0.134214206524074
VMEO,0.07671963028216208
VNDA,-0.20833333333333334
VNOM,-0.03403023521346598
VOD,0.2435703018742125
VOXR,0.13114920027696853
VRAR,0.901330392837557
VRAX,-0.25188974886450805
VRDN,0.026604919613367545
VRNS,0.14044127289890157
VRRM,-0.16777412227270536
VRSK,0.04428040009687335
VRSN,0.6495435537978927
VRTL,0.8813957754035378
VRTS,-0.10626414655192029
VRTX,-0.06658633607661747
VS,0.5220125946486126
VSA,0.2285714480341706
VSAT,-0.2406554325496406
VSEC,0.5277172546951011
VSME,-0.14646665255228677
VSTA,0.3760401810509075
VSTL,0.04839816858960722
VSTM,1.1952554180839448
VTGN,-0.12465369039939868
VTRS,-0.18290462805650362
VTSI,-0.25391101128835886
VTVT,-0.02875000238418579
VTWG,0.04888007091672287
VTWO,0.022102718670846754
VTWV,-0.001134588768384294
VTYX,0.3223684836567722
VUZI,0.7680799484252929
VVOS,1.1688597516284878
VWAV,-0.2813455907217696
VYNE,-0.2275132014828122
WABC,-0.061922304565979074
WAFD,-0.13186912164252804
WAFU,-0.25789474509759636
WASH,-0.06064672940129159
WAY,0.573599678591474
WB,0.47748271852108554
WBD,0.6264845095882777
WCBR,0.2850933114124363
WCLD,0.1566561365505586
WDAY,0.05230480063676706
WDC,0.3731523344141511
WDFC,-0.20695668905299947
WERN,-0.25582801887573603
WEST,-0.2905138429315346
WEYS,0.010975601328090214
WFCF,-0.006578930857438568
WGMI,0.19925044981927334
WGS,1.4657198653340475
WHF,-0.1234110170979049
WHLRD,0.7389999389648437
WHLRL,1.2595419847328244
WHLRP,0.8306636635017918
WHWK,0.16352200314787493
WILC,1.205172050857165
WINA,0.0004004796828302945
WING,-0.20282154774347103
WISE,0.3696193228050767
WIX,-0.029326903514372997
WLDN,1.4852326720622477
WLFC,0.6467422080444158
WMG,0.06834488877339623
WNDY,0.08023722291617816
WNEB,0.40899456391538513
WOOD,-0.059147118144382546
WOOF,0.007462715247501978
WRAP,-0.2011494378870962
WRLD,0.3141527825527225
WRND,0.092907593112261
WSBC,0.042163174130517345
WSBF,-0.028357581619852204
WSBK,0.020430061987803838
WSC,-0.23189655971380377
WSFS,0.009910300062980212
WTBA,-0.02012997492216604
WTFC,0.23040234166187407
WTW,0.1219039413695095
WULF,0.2258454040901342
WVE,0.30645158454959764
WVVI,0.28508021797067923
WVVIP,-0.08314030813099824
WW,0.5190740514684606
WWD,0.4085531907192725
WYNN,0.3583973776467732
XBIO,-0.20273851757557784
XBTY,0.15839705634263906
XEL,0.28254802396136547
XERS,1.0019841724122076
XMTR,1.1778367856302097
XOMA,-0.056126216940544246
XOMX,0.0580617509066589
XOMZ,-0.06891191800597946
XP,-0.03233738823316891
XPEL,-0.11380272557850224
XRPI,0.2601677252638443
XYLO,0.10101738882192608
XYZG,1.1527832061508405
YB,0.6986215880673114
YGMZ,-0.21681820845965077
YHGJ,-0.2788420762368513
YJ,-0.2647058823529412
YNOT,0.01336081746409363
YORKU,0.11750001907348633
YORW,-0.2385623184291369
YOSH,1.0865208650948077
YQ,-0.04220657838239831
YSXT,-0.12296983258147581
Z,0.6550672128861935
ZBIO,-0.10578513039381654
ZBRA,0.0028052238254775924
ZCMD,-0.1271186295133725
ZENV,-0.2634146216651782
ZG,0.6377114492536129
ZION,0.09611231545172816
ZIONP,0.07202080449032379
ZIPP,0.33628812149085063
ZJK,-0.2959000110626221
ZLAB,1.0580093818404177
ZM,0.2504145131524211
ZS,0.5970742881941022
ZTEK,-0.07360829303363053
ZVRA,0.8339040682046951
ZYME,0.27641502321297184
