Ticker,Most Recent Quarter,predicted price date,Predicted_Close_9mo,Actual_Close,Value %
AAL,2025-06-30,2026-03-30,29.795707498669305,11.420000076293945,160.908119961578
AAON,2025-03-31,2025-12-31,15.506022317740731,81.20999908447266,-80.90626463175829
AAPL,2025-03-31,2025-12-31,120.5640333566385,211.27000427246094,-42.93367211695843
ABCL,2025-03-31,2025-12-31,6.416461403804111,4.690000057220459,36.81154212195988
ABNB,2025-03-31,2025-12-31,102.12735753617196,136.83999633789062,-25.367319300422132
ACAD,2025-03-31,2025-12-31,9.502105063925852,22.6299991607666,-58.01102334816011
ACB,2024-12-31,2025-09-30,16.43783419775723,4.440000057220459,270.22148616925216
ACDC,2025-03-31,2025-12-31,30.39044037099019,8.15999984741211,272.431874255835
ACIW,2025-03-31,2025-12-31,14.546646803689857,43.63999938964844,-66.66671171599427
ACLX,2025-03-31,2025-12-31,6.977704388084661,69.98999786376953,-90.03042634510969
ACMR,2025-03-31,2025-12-31,15.83316882364597,31.68000030517578,-50.021563538119054
ACVA,2025-03-31,2025-12-31,12.124656037207451,14.09000015258789,-13.948503151857436
ADEA,2025-03-31,2025-12-31,12.394072412985876,12.960000038146973,-4.366725489933048
ADI,2025-04-30,2026-01-30,57.87304058000218,230.75,-74.91959238136417
ADMA,2025-03-31,2025-12-31,5.003258289224449,18.260000228881836,-72.5999001834031
ADP,2025-03-31,2025-12-31,101.02420499831302,308.6400146484375,-67.26794964891812
ADSK,2025-04-30,2026-01-30,47.32784255564919,306.6099853515625,-84.56415484923542
ADTN,2025-03-31,2025-12-31,12.783927324993249,9.510000228881836,34.42615160164253
AEBI,2025-03-31,2025-12-31,13.629652488476912,10.039999961853027,35.753511357198875
AEHR,2025-02-28,2025-11-28,2.2301369411742424,18.780000686645508,-88.12493684965571
AEIS,2025-03-31,2025-12-31,16.45940875944203,142.2100067138672,-88.42598412040084
AGIO,2024-09-30,2025-06-30,52.5968838314168,37.72999954223633,39.40335136378133
AGYS,2025-06-30,2026-03-30,9.936942304126267,118.08999633789062,-91.58528019960835
AHCO,2025-03-31,2025-12-31,37.98536907408514,9.329999923706055,307.1315046591836
AIOT,2024-12-31,2025-09-30,6.366555570484556,4.239999771118164,50.15462061700963
AIP,2025-03-31,2025-12-31,6.798813681784778,10.600000381469727,-35.86025059329197
AIRS,2025-03-31,2025-12-31,4.793717394895009,6.199999809265137,-22.681975123105836
AISP,2025-03-31,2025-12-31,25.297978715669636,5.090000152587891,397.0133193966109
AKAM,2025-03-31,2025-12-31,37.36631151580888,79.48999786376953,-52.992436130332386
ALGM,2024-12-31,2025-09-30,8.196974968618129,34.0099983215332,-75.89833762670824
ALGN,2025-03-31,2025-12-31,33.41354499023915,205.80999755859375,-83.7648581766654
ALGT,2025-03-31,2025-12-31,60.31072108468869,50.790000915527344,18.745264811071706
ALHC,2025-03-31,2025-12-31,39.472513062379896,11.779999732971191,235.0807636429717
ALKS,2025-03-31,2025-12-31,17.752367110898238,27.0,-34.25049218185838
ALKT,2025-03-31,2025-12-31,14.53980995597328,26.6200008392334,-45.38012961087497
ALNY,2025-03-31,2025-12-31,66.94653249491779,330.54998779296875,-79.74692634481416
ALRM,2025-03-31,2025-12-31,15.463958124282868,55.7400016784668,-72.25698303081172
ALVO,2025-03-31,2025-12-31,22.32984026366974,9.720000267028809,129.73086059899344
AMAT,2025-04-30,2026-01-30,72.00110341354704,188.41000366210938,-61.78488296052882
AMBA,2025-04-30,2026-01-30,5.457752238051484,68.6500015258789,-92.04988766679914
AMD,2025-03-31,2025-12-31,87.75417900776507,177.44000244140625,-50.5443091747347
AMED,2025-03-31,2025-12-31,120.77739740249096,97.5199966430664,23.84885311732436
AMGN,2025-03-31,2025-12-31,177.3596943623029,303.55999755859375,-41.573430034018706
AMPL,2025-03-31,2025-12-31,7.292984147165641,12.779999732971191,-42.934395152212474
AMSC,2025-03-31,2025-12-31,6.708940994597177,43.47999954223633,-84.57005274786138
AMTX,2025-03-31,2025-12-31,6.336624525781738,2.8399999141693115,123.12058863688998
AMZN,2025-03-31,2025-12-31,46.28990780717479,231.00999450683594,-79.96194584308127
ANAB,2025-03-31,2025-12-31,13.389683545992389,26.219999313354492,-48.933318472008146
ANGI,2025-03-31,2025-12-31,16.431808304476505,15.949999809265137,3.020742952808639
ANGO,2025-02-28,2025-11-28,6.992658840437112,9.119999885559082,-23.32610824360287
ANIP,2025-03-31,2025-12-31,24.545807270856148,64.19999694824219,-61.766653523917
ANSS,2024-12-31,2025-09-30,76.04134683303843,,
APEI,2025-03-31,2025-12-31,13.487140413662251,28.959999084472656,-53.428381077216315
APGE,2025-03-31,2025-12-31,10.925859401585624,37.93000030517578,-71.19467620965264
API,2025-03-31,2025-12-31,7.749943426830463,3.819999933242798,102.87810372424629
APLD,2025-02-28,2025-11-28,11.107649337835706,10.119999885559082,9.759382049855244
APPN,2025-03-31,2025-12-31,8.29915368544951,28.979999542236328,-71.36247820378992
AQST,2024-12-31,2025-09-30,4.3645564195702695,3.930000066757202,11.057413369756935
ARAY,2025-03-31,2025-12-31,8.260615735796598,1.3700000047683716,502.9646501492703
ARDX,2024-12-31,2025-09-30,8.356304831991295,4.21999979019165,98.01671202480784
ARGX,2025-03-31,2025-12-31,113.9251335048536,598.7899780273438,-80.9741081705861
ARKO,2025-03-31,2025-12-31,15.723858934055912,4.460000038146973,252.5528878826829
ARLP,2025-03-31,2025-12-31,17.699230734787434,27.329999923706055,-35.23881893817675
ARM,2024-12-31,2025-09-30,85.24909475706204,163.47000122070312,-47.85031252188831
ARQT,2025-03-31,2025-12-31,5.373684334268161,14.989999771118164,-64.15153825004151
ASLE,2025-03-31,2025-12-31,5.722249743799426,6.28000020980835,-8.881376550558183
ASML,2025-03-31,2025-12-31,134.21119625434528,718.489990234375,-81.32038050932833
ASND,2025-03-31,2025-12-31,39.908316860081065,163.32000732421875,-75.56434296451133
ASO,2025-04-30,2026-01-30,17.868952159229703,53.86000061035156,-66.82333465143815
ASTL,2024-09-30,2025-06-30,7.33843084468324,5.849999904632568,25.443264347269384
ATAI,2025-03-31,2025-12-31,5.560152416665787,3.309999942779541,67.98043845271796
ATAT,2025-03-31,2025-12-31,72.09213903780446,34.880001068115234,106.68617210481068
ATEC,2025-03-31,2025-12-31,9.816680153888957,10.880000114440918,-9.773161299333326
ATRC,2024-12-31,2025-09-30,10.465356716760168,31.729999542236328,-67.01746968880488
ATRO,2025-03-31,2025-12-31,17.26057663170829,34.650001525878906,-50.18592822047366
ATXG,2024-12-31,2025-09-30,19.673782824393232,0.5460000038146973,3503.256902369943
AUDC,2025-03-31,2025-12-31,8.650170133691455,10.039999961853027,-13.842926627910652
AUPH,2025-03-31,2025-12-31,13.01728905323347,8.944999694824219,45.52587476068414
AUR,2025-03-31,2025-12-31,6.89500204868324,5.96999979019165,15.494175728637593
AVAH,2025-03-31,2025-12-31,16.75795299193605,4.019999980926514,316.8645042648419
AVAV,2025-01-31,2025-10-31,6.633773996902087,268.3900146484375,-97.52830819522416
AVDX,2025-03-31,2025-12-31,6.67250852563505,9.859999656677246,-32.327497383669886
AVGO,2025-04-30,2026-01-30,61.6560106088435,297.4200134277344,-79.26971695742178
AVIR,2025-03-31,2025-12-31,6.121023386843609,3.799999952316284,61.079564832956066
AVPT,2025-03-31,2025-12-31,7.186177041548065,18.729999542236328,-61.63279649130173
AVT,2025-03-31,2025-12-31,57.24611185672595,54.95000076293945,4.17854606352452
AVXL,2024-06-30,2025-03-30,7.363641903463504,11.359999656677246,-35.17920663725319
AXON,2025-03-31,2025-12-31,54.4770333396563,728.739990234375,-92.52448965753402
AXSM,2025-03-31,2025-12-31,13.561180596874864,100.41000366210938,-86.49419370353803
AZN,2025-03-31,2025-12-31,102.80500415976768,73.9800033569336,38.96323262349856
BASE,2025-04-30,2026-01-30,5.883912185666708,24.270000457763672,-75.75643974170376
BCRX,2025-03-31,2025-12-31,14.94911108889288,8.09000015258789,84.78505323774124
BGC,2025-03-31,2025-12-31,16.687000041997226,9.680000305175781,72.38635863549389
BIDU,2025-03-31,2025-12-31,531.7872087096097,86.80000305175781,512.6580530101033
BILI,2025-03-31,2025-12-31,45.7225299290142,22.440000534057617,103.75458485226079
BJRI,2025-03-31,2025-12-31,22.94269080657907,36.31999969482422,-36.83179790927004
BKR,2025-06-30,2026-03-30,36.48070708480809,45.75,-20.260749541403086
BL,2025-03-31,2025-12-31,12.440561498477502,55.75,-77.68509148255157
BLBD,2025-03-31,2025-12-31,13.63180358019738,45.2599983215332,-69.88112221446589
BLDE,2025-03-31,2025-12-31,6.120139412902795,3.940000057220459,55.33348538122491
BLDP,2025-03-31,2025-12-31,6.002686536962834,1.8600000143051147,222.72508015035703
BLFS,2025-03-31,2025-12-31,5.871218779412255,22.100000381469727,-73.4333996467479
BLZE,2025-03-31,2025-12-31,5.798187219319876,5.159999847412109,12.367972689530909
BMBL,2025-03-31,2025-12-31,14.983596482408243,7.630000114440918,96.37740835743296
BNTX,2025-03-31,2025-12-31,19.73664217616594,111.4800033569336,-82.29580051861525
BPMC,2025-03-31,2025-12-31,21.433598219376204,,
BSY,2025-03-31,2025-12-31,19.861424701741758,58.709999084472656,-66.17028613275076
BTBT,2025-03-31,2025-12-31,5.479654036168593,2.930000066757202,87.01890482320833
BTCT,2024-09-30,2025-06-30,18.71057919518027,2.759999990463257,577.9195383996998
BTDR,2025-03-31,2025-12-31,25.3609794009938,13.430000305175781,88.83826377293485
BTSG,2025-03-31,2025-12-31,38.86566108403324,20.100000381469727,93.36149426078447
BULL,2025-03-31,2025-12-31,8.70151726911079,13.6899995803833,-36.438878481929365
BVS,2025-03-31,2025-12-31,6.9350258641032365,6.539999961853027,6.040151445785078
BWEN,2025-03-31,2025-12-31,9.70088115087358,2.869999885559082,238.00980967578775
BYON,2025-03-31,2025-12-31,23.635237611338564,9.65999984741211,144.67120066953612
BZ,2025-03-31,2025-12-31,153.3885530821723,19.59000015258789,682.9941392925883
BZFD,2025-03-31,2025-12-31,4.51169018354742,2.2899999618530273,97.01704186477977
BZUN,2025-03-31,2025-12-31,38.090328206207616,2.799999952316284,1260.368887674359
CAI,2025-03-31,2025-12-31,1.4246452652642967,27.520000457763672,-94.82323676756194
CAKE,2025-03-31,2025-12-31,44.07869153696869,63.18000030517578,-30.23315713191329
CALM,2025-05-31,2026-02-28,68.5465263427419,108.1500015258789,-36.61902415568659
CAMT,2025-03-31,2025-12-31,12.87679007257032,98.23999786376953,-86.89251796358272
CAN,2025-03-31,2025-12-31,5.790326895863749,0.652999997138977,786.7269404645039
CAR,2025-03-31,2025-12-31,88.49996804779155,203.8800048828125,-56.59212971931203
CARG,2025-03-31,2025-12-31,13.805785544418978,32.970001220703125,-58.12622070590099
CART,2025-03-31,2025-12-31,29.09702838949512,46.77000045776367,-37.78698288495504
CBRL,2025-04-30,2026-01-30,29.20016698468365,62.93000030517578,-53.598972122868346
CCCS,2025-03-31,2025-12-31,36.71340426439974,9.920000076293945,270.09479820604656
CCOI,2025-03-31,2025-12-31,24.05212544304688,46.849998474121094,-48.661416805951994
CCRN,2025-03-31,2025-12-31,18.504678042841423,13.800000190734863,34.09186802232958
CDNS,2025-03-31,2025-12-31,55.86630937594444,366.260009765625,-84.74681704625792
CDW,2025-03-31,2025-12-31,48.8920665387727,182.17999267578125,-73.16276841344262
CDXS,2025-03-31,2025-12-31,6.842099956263344,2.819999933242798,142.62766376719094
CDZI,2025-03-31,2025-12-31,3.1656836284981726,3.0199999809265137,4.823961870587969
CEG,2024-06-30,2025-03-30,61.42999535133567,330.5199890136719,-81.41413609063305
CELH,2025-03-31,2025-12-31,8.631448063297041,47.439998626708984,-81.80554740059058
CELU,2024-09-30,2025-06-30,7.46740122053443,3.190000057220459,134.08780835700037
CENTA,2025-03-31,2025-12-31,31.00428132807049,35.7599983215332,-13.298985505262218
CENX,2025-03-31,2025-12-31,18.16204869175737,22.329999923706055,-18.665254125343232
CERT,2025-03-31,2025-12-31,8.333674944951188,10.640000343322754,-21.675989886775945
CFLT,2025-03-31,2025-12-31,31.83827924189088,26.969999313354492,18.05072322017378
CGEN,2025-03-31,2025-12-31,15.716591023472084,1.4800000190734863,961.9318122246395
CGNX,2025-03-31,2025-12-31,15.750902666673095,34.2599983215332,-54.02538400951033
CHA,2025-03-31,2025-12-31,93.51720124073712,23.110000610351562,304.6611803153669
CHDN,2025-06-30,2026-03-30,50.4330592791613,110.5999984741211,-54.40048826857628
CHEF,2024-12-31,2025-09-30,15.97465842383028,61.560001373291016,-74.05026304830268
CHKP,2025-03-31,2025-12-31,77.19526158319745,218.3300018310547,-64.64285213402246
CHRD,2025-03-31,2025-12-31,71.26759326983677,114.12999725341797,-37.55577413044892
CHRW,2025-03-31,2025-12-31,38.765255016152665,99.79000091552734,-61.1531669901801
CHTR,2025-06-30,2026-03-30,169.12013647355957,280.67999267578125,-39.74628014583376
CHX,2025-03-31,2025-12-31,23.59552088864565,,
CIFR,2025-03-31,2025-12-31,9.874976505996392,5.679999828338623,73.8552254302582
CLBT,2025-03-31,2025-12-31,11.433515966592903,14.489999771118164,-21.093746396169873
CLLS,2025-03-31,2025-12-31,9.034936250315308,2.805000066757202,222.10110642743751
CLMT,2025-03-31,2025-12-31,12.70516901395474,16.43000030517578,-22.67091431548936
CLNE,2025-03-31,2025-12-31,-0.6556583626166106,2.0899999141693115,-131.37121481065742
CLPT,2025-03-31,2025-12-31,7.457413161820944,10.550000190734863,-29.313620597181277
CLSK,2025-03-31,2025-12-31,3.0343880574555087,11.729999542236328,-74.13138809997768
CMCSA,2025-03-31,2025-12-31,85.4601366741255,32.83000183105469,160.31109323084684
CME,2025-06-30,2026-03-30,62.432169211468576,274.6000061035156,-77.26432344362964
CMPO,2025-03-31,2025-12-31,4.466357134091376,13.800000190734863,-67.63509367854917
CNTA,2025-03-31,2025-12-31,4.586518745364789,15.210000038146973,-69.84537321589933
CNTB,2025-03-31,2025-12-31,2.014665316940492,1.75,15.123732396599543
CNXC,2025-05-31,2026-02-28,61.602554411193466,57.84000015258789,6.505107622198425
COCO,2024-12-31,2025-09-30,7.750137434758179,36.77000045776367,-78.92266157662829
COIN,2025-03-31,2025-12-31,51.97500874218631,371.44000244140625,-86.00715905649251
COKE,2025-06-30,2026-03-30,60.26719331371776,114.77999877929688,-47.49329678108666
COLM,2025-03-31,2025-12-31,21.95876970051965,59.34000015258789,-62.99499554422903
COO,2025-04-30,2026-01-30,21.44890522535447,73.69999694824219,-70.89700663024784
COOP,2025-06-30,2026-03-30,93.29963011495376,159.7100067138672,-41.58185073393225
CORT,2025-03-31,2025-12-31,27.4977087278485,68.19999694824219,-59.68077718725288
CORZ,2025-03-31,2025-12-31,24.375639219870177,13.1899995803833,84.80394234524927
COST,2025-05-31,2026-02-28,83.61309574474896,934.5700073242188,-91.0533084638418
CPRT,2025-04-30,2026-01-30,30.196489444103484,46.45000076293945,-34.991412382933646
CPRX,2025-03-31,2025-12-31,9.970856910415272,21.020000457763672,-52.56490631172862
CRCT,2025-03-31,2025-12-31,4.76500088909584,5.179999828338623,-8.011562799141734
CRNT,2025-03-31,2025-12-31,6.642381967688445,2.299999952316284,188.79922197385415
CRON,2025-03-31,2025-12-31,8.409992998899234,2.009999990463257,318.40761387073104
CROX,2025-03-31,2025-12-31,87.24746299166117,104.30000305175781,-16.349510605128646
CRSP,2025-03-31,2025-12-31,20.224448591276925,59.02000045776367,-65.73288980953144
CRSR,2025-03-31,2025-12-31,14.57900137276616,9.279999732971191,57.101312416723296
CRUS,2024-12-31,2025-09-30,64.74282079925042,105.06999969482422,-38.38124965518613
CRWD,2025-04-30,2026-01-30,57.51833818575344,465.510009765625,-87.6440168891937
CSCO,2025-04-30,2026-01-30,92.95220496551538,67.95999908447266,36.774876718255996
CSGP,2025-06-30,2026-03-30,68.3969132373613,95.58999633789062,-28.44762437735374
CSIQ,2025-03-31,2025-12-31,13.702943510585836,12.0,14.191195921548635
CSTL,2025-03-31,2025-12-31,10.408009245628934,16.229999542236328,-35.87178349239302
CTAS,2025-02-28,2025-11-28,59.32940295839386,222.67999267578125,-73.35665308522952
CTLP,2025-03-31,2025-12-31,15.55314768256568,11.079999923706055,40.37136994278462
CTSH,2025-03-31,2025-12-31,72.87364127083573,74.91000366210938,-2.7184118164763413
CVAC,2025-03-31,2025-12-31,3.813428907122751,5.409999847412109,-29.511478471724594
CVLT,2024-12-31,2025-09-30,19.919254819188254,193.27000427246094,-89.6935611430384
CVRX,2025-03-31,2025-12-31,4.818665047153207,8.260000228881836,-41.66265237736544
CWST,2025-03-31,2025-12-31,20.013878288721106,111.16000366210938,-81.99543214342017
CYBR,2025-03-31,2025-12-31,26.197768618558595,434.4800109863281,-93.97031671052343
CYRX,2025-03-31,2025-12-31,6.541416542322634,7.559999942779541,-13.47332550484664
CZR,2024-12-31,2025-09-30,42.37518505833597,28.469999313354492,48.84153874376436
DAKT,2025-04-30,2026-01-30,6.369586234616484,16.780000686645508,-62.04060802163275
DASH,2025-03-31,2025-12-31,93.09507147178796,243.1999969482422,-61.72077605264097
DBX,2025-03-31,2025-12-31,31.274435670036898,27.940000534057617,11.934270122560493
DCTH,2025-03-31,2025-12-31,6.631415578505403,10.90999984741211,-39.21708825616163
DDOG,2025-03-31,2025-12-31,51.90389296123336,150.27000427246094,-65.45957843514518
DEFT,2025-03-31,2025-12-31,16.968055742157855,2.7799999713897705,510.3617236253146
DGXX,2025-03-31,2025-12-31,21.246429286419797,3.069999933242798,592.0661155838362
DH,2025-03-31,2025-12-31,22.069808914155963,4.079999923706055,440.926699187507
DHC,2025-03-31,2025-12-31,15.460001847784982,3.4100000858306885,353.37247679332154
DKNG,2025-03-31,2025-12-31,32.656571240408496,43.599998474121094,-25.099604625463694
DLO,2025-03-31,2025-12-31,13.127693089870974,10.520000457763672,24.78795169807095
DLTR,2025-04-30,2026-01-30,48.11139755259261,114.98999786376953,-58.16036312167695
DMAC,2025-03-31,2025-12-31,15.245698105906172,4.590000152587891,232.15027448987092
DOCU,2025-04-30,2026-01-30,32.817187502623085,79.87999725341797,-58.916889545562825
DOMO,2025-04-30,2026-01-30,5.468539641787328,16.059999465942383,-65.94931616664012
DOX,2025-03-31,2025-12-31,45.44936162359479,86.73999786376953,-47.60276372732244
DPZ,2025-06-30,2026-03-30,91.33011415983262,470.04998779296875,-80.57012732014822
DRS,2025-03-31,2025-12-31,20.07181976983215,48.20000076293945,-58.3572210536868
DRVN,2025-03-31,2025-12-31,15.411899391978956,16.8799991607666,-8.697273944182898
DSGX,2025-04-30,2026-01-30,7.66630754337389,106.55000305175781,-92.80496731694143
DTST,2025-03-31,2025-12-31,16.688545600321742,4.71999979019165,253.57089707930095
DUOL,2025-03-31,2025-12-31,36.03443004249015,333.7099914550781,-89.2018725944138
DVAX,2025-03-31,2025-12-31,5.769496306711468,11.1899995803833,-48.44060301105176
DXCM,2025-03-31,2025-12-31,19.96156065595289,89.3499984741211,-77.65913710481543
DXPE,2025-03-31,2025-12-31,40.02975087005902,110.52999877929688,-63.78381316190072
EA,2024-12-31,2025-09-30,46.01592634708177,147.7899932861328,-68.86397696900129
EBAY,2025-03-31,2025-12-31,74.53787523013881,78.5,-5.047292700460116
ECX,2025-03-31,2025-12-31,59.821407312916,1.6299999952316284,3570.024999258677
EEFT,2025-03-31,2025-12-31,30.633821585486736,101.19000244140625,-69.72643458208714
EH,2025-03-31,2025-12-31,9.331774897815704,17.84000015258789,-47.69184519058412
EHTH,2025-03-31,2025-12-31,8.83345033969257,3.630000114440918,143.34573171364963
ELVN,2024-12-31,2025-09-30,6.0196617881893895,20.06999969482422,-70.00666726596026
EMBC,2025-03-31,2025-12-31,15.2398480880209,10.75,41.766028725775804
ENSG,2025-06-30,2026-03-30,31.9494164470345,151.00999450683594,-78.84284642789771
ENTG,2025-03-31,2025-12-31,29.45129760088258,92.8499984741211,-68.28077750686106
ENTX,2024-09-30,2025-06-30,21.594751261153,2.0199999809265137,969.0471022305719
ENVX,2025-03-31,2025-12-31,4.95369615714638,14.260000228881836,-65.26159833354495
EOLS,2025-03-31,2025-12-31,6.591470071408338,9.25,-28.740864092882834
EQIX,2025-03-31,2025-12-31,92.76623692176769,811.1300048828125,-88.56333308306478
ERIC,2025-06-30,2026-03-30,127.98214060522125,7.369999885559082,1636.5283933856213
ERII,2025-03-31,2025-12-31,6.30043389627015,13.670000076293945,-53.910505770982766
ESTA,2025-03-31,2025-12-31,10.009323637159794,41.22999954223633,-75.72320216276944
ETNB,2025-03-31,2025-12-31,11.50616100197962,9.220000267028809,24.795668858343088
ETOR,2025-03-31,2025-12-31,19.23238980563391,60.709999084472656,-68.32088602262417
ETSY,2024-12-31,2025-09-30,19.371912606766752,60.29999923706055,-67.87410804002013
EVER,2025-03-31,2025-12-31,22.31363666583977,24.270000457763672,-8.060831293878636
EVGO,2025-03-31,2025-12-31,5.928486567362762,3.4100000858306885,73.85590669035308
EVLV,2025-03-31,2025-12-31,4.8060208615636135,6.760000228881836,-28.90501924792727
EVRG,2024-09-30,2025-06-30,45.28221344078117,69.70999908447266,-35.042011138302506
EXAS,2025-03-31,2025-12-31,63.6374933379881,47.540000915527344,33.860942600872036
EXE,2025-03-31,2025-12-31,46.19673625829323,99.37000274658203,-53.51038041519806
EXEL,2025-06-30,2026-03-30,48.12213693119787,36.939998626708984,30.271084786678333
EXFY,2025-03-31,2025-12-31,7.276679475553549,2.119999885559082,243.239616432081
EXLS,2024-12-31,2025-09-30,13.048947827474493,42.20000076293945,-69.07832324274688
EXPD,2025-03-31,2025-12-31,45.14084832109701,114.45999908447266,-60.56190050483698
EXPE,2025-03-31,2025-12-31,66.60610130678737,182.80999755859375,-63.5653945646824
EXPI,2025-03-31,2025-12-31,37.27208843654227,11.210000038146973,232.48963701790845
EXTR,2025-03-31,2025-12-31,25.943833758410264,17.920000076293945,44.77585741046345
EYE,2025-03-31,2025-12-31,16.82911039161984,24.549999237060547,-31.44965004229123
EZPW,2025-03-31,2025-12-31,13.778702123765852,13.130000114440918,4.94060931965617
FA,2025-03-31,2025-12-31,17.410490972078115,18.200000762939453,-4.337965702007067
FANG,2025-03-31,2025-12-31,90.14099383918024,152.5,-40.89115158086541
FAST,2025-06-30,2026-03-30,28.36722859417992,46.599998474121094,-39.12611690334407
FCFS,2025-06-30,2026-03-30,40.64857390800002,123.26000213623047,-67.02208891488249
FEIM,2025-01-31,2025-10-31,38.1193316902671,26.299999237060547,44.940428882413755
FELE,2025-03-31,2025-12-31,21.122879565538778,95.95999908447266,-77.98782850451622
FFIV,2025-03-31,2025-12-31,112.24274020120473,299.239990234375,-62.490728557606104
FIVE,2025-04-30,2026-01-30,17.823816240288593,139.41000366210938,-87.21482262959515
FLEX,2025-06-30,2026-03-30,30.185229399053217,51.79999923706055,-41.72735551421194
FLGT,2024-12-31,2025-09-30,11.640549157832888,17.56999969482422,-33.74758474661802
FLYE,2024-12-31,2025-09-30,16.838335268957188,5.789999961853027,190.81753678575603
FNGR,2025-05-31,2026-02-28,17.688946708923044,1.8600000143051147,851.0186329504699
FOX,2025-03-31,2025-12-31,89.09288944410324,51.310001373291016,73.63649787481741
FOXA,2025-03-31,2025-12-31,89.09288944410324,55.91999816894531,59.32205357900065
FROG,2025-03-31,2025-12-31,11.954209574002835,43.36000061035156,-72.4303288613217
FRSH,2024-12-31,2025-09-30,13.847591129546185,13.90999984741211,-0.4486608091339077
FSLR,2024-12-31,2025-09-30,26.293114826876124,181.82000732421875,-85.53893203843589
FTAI,2025-03-31,2025-12-31,20.05896235475612,114.13999938964844,-82.4260009970043
FTDR,2025-03-31,2025-12-31,14.466835600695282,58.380001068115234,-75.21953522437245
FTNT,2025-03-31,2025-12-31,53.495874137818205,104.7699966430664,-48.93970043726396
FWONK,2025-03-31,2025-12-31,48.996589299411006,101.26000213623047,-51.61308684006022
FWRD,2025-03-31,2025-12-31,11.614119186956437,31.030000686645508,-62.571321527701905
FWRG,2025-03-31,2025-12-31,16.16253929557563,16.8799991607666,-4.2503548629228005
GAMB,2025-03-31,2025-12-31,9.620023648816227,10.529999732971191,-8.641748406751397
GANX,2025-03-31,2025-12-31,24.89379670297522,1.5700000524520874,1485.5920937133164
GCMG,2025-03-31,2025-12-31,7.676902852386183,11.930000305175781,-35.650438759372115
GCT,2025-03-31,2025-12-31,11.433714182892242,22.8799991607666,-50.027471143888135
GDYN,2025-03-31,2025-12-31,9.35124352797561,9.90999984741211,-5.638308052874617
GEHC,2024-12-31,2025-09-30,48.19101688077421,77.72000122070312,-37.994060571454234
GEN,2025-03-31,2025-12-31,21.98333939427381,30.270000457763672,-27.375820740579123
GFS,2025-03-31,2025-12-31,52.59904406596272,40.34000015258789,30.389300612306492
GH,2025-03-31,2025-12-31,43.29376064568156,43.31999969482422,-0.06057028930633869
GHRS,2025-03-31,2025-12-31,2.7241178974322544,14.970000267028809,-81.80281998102511
GIII,2025-04-30,2026-01-30,19.311616850700663,24.0,-19.534929788747238
GILD,2025-03-31,2025-12-31,134.49951093947683,114.2300033569336,17.74446904217211
GILT,2025-03-31,2025-12-31,6.575522524693849,7.559999942779541,-13.022188168479474
GLBE,2025-03-31,2025-12-31,15.665923641355263,34.18000030517578,-54.16640286283726
GLDD,2025-03-31,2025-12-31,12.12391041364966,11.399999618530273,6.350094906518219
GLNG,2025-03-31,2025-12-31,13.499903030896428,40.90999984741211,-67.00097022427536
GLPG,2025-03-31,2025-12-31,19.991551477419566,32.81999969482422,-39.08728926474587
GLPI,2025-06-30,2026-03-30,10.385412013111354,46.2599983215332,-77.5499083659129
GLUE,2025-03-31,2025-12-31,12.175235479876596,5.260000228881836,131.46834505869958
GMAB,2025-03-31,2025-12-31,39.815393251184695,22.600000381469727,76.17430344749143
GNTX,2025-03-31,2025-12-31,12.000452831637002,27.459999084472656,-56.298422317054275
GOGL,2025-03-31,2025-12-31,8.077551882235685,8.550000190734863,-5.525711087248196
GOGO,2025-03-31,2025-12-31,13.065727335418666,16.260000228881836,-19.64497446801594
GOOG,2025-06-30,2026-03-30,99.26951497240296,196.42999267578125,-49.46315803399083
GOOGL,2025-06-30,2026-03-30,99.26951497240296,195.75,-49.28760410094357
GOSS,2024-12-31,2025-09-30,4.395555988194727,1.9600000381469727,124.26305625740612
GPRO,2025-03-31,2025-12-31,3.872841615008629,1.2899999618530273,200.2202891111303
GRAB,2024-12-31,2025-09-30,27.495981962327097,5.309999942779541,417.8151084486493
GRAL,2025-03-31,2025-12-31,25.594039144163244,34.119998931884766,-24.988159597373567
GRFS,2024-12-31,2025-09-30,22.140945356502407,10.5,110.86614625240388
GRPN,2025-03-31,2025-12-31,14.829823933792332,31.43000030517578,-52.81634174419588
GSAT,2025-03-31,2025-12-31,4.310847079551109,23.84000015258789,-81.91758786929724
GSIT,2025-03-31,2025-12-31,17.333968790425725,4.340000152587891,299.40018850205996
GSM,2025-03-31,2025-12-31,11.519490984255174,4.489999771118164,156.55883232676481
GT,2025-03-31,2025-12-31,20.304944972603412,10.449999809265137,94.30569706423078
GTLB,2025-04-30,2026-01-30,15.9625758062781,47.189998626708984,-66.17381591267207
GTM,2025-03-31,2025-12-31,8.861130920596903,11.140000343322754,-20.45663691645926
GTX,2025-06-30,2026-03-30,11.255218509605678,13.0600004196167,-13.819156600486467
HALO,2025-03-31,2025-12-31,20.22651584884561,59.04999923706055,-65.74679744254564
HAS,2025-03-31,2025-12-31,22.248333612058754,76.30000305175781,-70.84097939423845
HCSG,2025-06-30,2026-03-30,11.90267655407648,13.270000457763672,-10.303872317406235
HDSN,2025-03-31,2025-12-31,7.278468158413434,8.579999923706055,-15.169368028740449
HEPS,2024-12-31,2025-09-30,35.54414194946603,2.509999990463257,1316.1012782675687
HIMX,2025-03-31,2025-12-31,16.622475262928848,9.100000381469727,82.6645556716359
HITI,2025-04-30,2026-01-30,6.673105600093592,2.1500000953674316,210.37699088814082
HLIT,2025-03-31,2025-12-31,7.1029887779312055,8.720000267028809,-18.543709169501803
HLMN,2025-03-31,2025-12-31,17.764557862135355,8.0600004196167,120.4039322243629
HLNE,2025-03-31,2025-12-31,20.45555198221244,155.08999633789062,-86.81052778049819
HNRG,2025-03-31,2025-12-31,10.690276773184232,16.670000076293945,-35.871165421368836
HNST,2025-03-31,2025-12-31,9.094898574104386,4.71999979019165,92.68853767756413
HOLX,2025-03-31,2025-12-31,47.58554195310173,66.04000091552734,-27.94436509174335
HON,2025-06-30,2026-03-30,63.05452320539454,221.72000122070312,-71.56119300999408
HQY,2025-04-30,2026-01-30,12.927550599899355,95.7699966430664,-86.50146073610071
HRMY,2025-03-31,2025-12-31,15.234154630164246,35.45000076293945,-57.026363040052416
HROW,2024-12-31,2025-09-30,8.330223779038374,34.529998779296875,-75.87540088755253
HSIC,2025-03-31,2025-12-31,42.56528754252902,70.05000305175781,-39.23585197979388
HST,2025-03-31,2025-12-31,67.05112794098791,16.280000686645508,311.86194786828224
HTHT,2025-03-31,2025-12-31,83.13729915920808,32.349998474121094,156.9932089045232
HTZ,2025-03-31,2025-12-31,28.722013100599185,6.710000038146973,328.04788282133944
HUBG,2025-03-31,2025-12-31,15.701731120689097,35.810001373291016,-56.15266540480985
HUT,2025-03-31,2025-12-31,10.467387282614885,19.700000762939453,-46.8660564607357
HYPR,2025-03-31,2025-12-31,3.8422044945378415,1.0499999523162842,265.9242541927736
IAC,2025-03-31,2025-12-31,2.4825337492243693,39.45000076293945,-93.70713890693627
IAS,2025-03-31,2025-12-31,5.997585716969732,8.100000381469727,-25.955735376379273
IBKR,2025-03-31,2025-12-31,24.49554146605304,65.19999694824219,-62.43014936718728
IDXX,2025-03-31,2025-12-31,94.09840505708884,573.0700073242188,-83.5799459307854
IHRT,2025-03-31,2025-12-31,17.826045766724285,1.899999976158142,838.2129468637727
IIIV,2025-03-31,2025-12-31,7.491000016827236,28.649999618530273,-73.85340273449009
ILMN,2025-03-31,2025-12-31,26.421850168327023,108.70999908447266,-75.69510588644562
ILPT,2024-12-31,2025-09-30,5.67707324579978,5.519999980926514,2.8455301705798517
INCY,2025-03-31,2025-12-31,24.637095111683937,77.37999725341797,-68.1608994750957
INDV,2025-03-31,2025-12-31,14.12711936219454,17.280000686645508,-18.245840272955586
INMD,2025-03-31,2025-12-31,10.593368495157655,14.3100004196167,-25.97226984958115
INSM,2025-03-31,2025-12-31,6.94283345094071,105.0,-93.38777766577076
INTA,2025-03-31,2025-12-31,15.969262984310005,40.90999984741211,-60.96489111739708
INTU,2025-04-30,2026-01-30,162.49476889822324,806.3400268554688,-79.8478602715639
INVA,2025-03-31,2025-12-31,15.487012097946684,18.459999084472656,-16.105022394213737
INVZ,2025-03-31,2025-12-31,4.561748259510232,1.6399999856948853,178.1553841036999
IOBT,2025-03-31,2025-12-31,4.809031135037761,2.190000057220459,119.59045704963896
IONS,2024-12-31,2025-09-30,28.72667244410708,41.47999954223633,-30.745726226788843
IRDM,2025-06-30,2026-03-30,21.16926577809421,24.610000610351562,-13.981043262591776
IREN,2025-03-31,2025-12-31,9.651908754762422,15.789999961853027,-38.87328196275862
IRIX,2025-03-31,2025-12-31,5.804334505806184,1.399999976158142,314.59532890381524
IRON,2025-03-31,2025-12-31,13.879878969453044,59.79999923706055,-76.78949975495802
IRTC,2025-03-31,2025-12-31,25.52587554859305,136.77000427246094,-81.33664198931902
ISRG,2025-06-30,2026-03-30,67.61980957539421,496.8699951171875,-86.39084463946227
ISSC,2025-03-31,2025-12-31,15.36992410567072,15.050000190734863,2.125740271636733
ITRI,2025-03-31,2025-12-31,51.71058620990494,136.6199951171875,-62.15005997800722
JAZZ,2025-03-31,2025-12-31,58.68463577750404,116.5999984741211,-49.67012303132331
JBHT,2025-06-30,2026-03-30,29.594895648907563,146.77999877929688,-79.83724220259234
JBLU,2025-03-31,2025-12-31,11.08478267392153,4.650000095367432,138.38241820607183
JD,2025-03-31,2025-12-31,81.2982454360151,32.220001220703125,152.32229160741463
JKHY,2025-03-31,2025-12-31,38.91153929296266,175.44000244140625,-77.82060034685739
JOYY,2025-03-31,2025-12-31,34.74354681456921,50.47999954223633,-31.17363880817891
KALV,2025-01-31,2025-10-31,9.670282478935428,13.75,-29.670672880469613
KDP,2025-06-30,2026-03-30,43.97034852960816,33.849998474121094,29.897638143836986
KHC,2025-03-31,2025-12-31,36.60124270806698,28.559999465942383,28.155614119369034
KIRK,2025-04-30,2026-01-30,5.159362864338663,1.3600000143051147,279.3649125051527
KLAC,2025-03-31,2025-12-31,231.64352871700547,916.0900268554688,-74.71389034633037
KLIC,2025-03-31,2025-12-31,20.939588139058817,34.86000061035156,-39.93233570730095
KLTR,2025-03-31,2025-12-31,4.9008108132049495,1.8300000429153442,167.8038632937705
KMTS,2025-01-31,2025-10-31,7.084307005149951,16.5,-57.06480602939424
KNSA,2025-03-31,2025-12-31,7.131601067933775,30.3700008392334,-76.51761320098208
KOPN,2025-03-31,2025-12-31,4.638875294062168,1.7999999523162842,157.7153009416889
KRUS,2025-05-31,2026-02-28,7.454223203404417,86.86000061035156,-91.4181174867318
KRYS,2025-03-31,2025-12-31,22.051006488477555,152.0800018310547,-85.50039043728185
LAMR,2025-03-31,2025-12-31,31.80689681285277,124.55999755859375,-74.46459743394695
LASR,2025-03-31,2025-12-31,8.257832981048148,20.700000762939453,-60.10708851840876
LAUR,2025-03-31,2025-12-31,14.90299348620973,22.969999313354492,-35.119747794048465
LBRDK,2025-03-31,2025-12-31,39.08919885541634,63.72999954223633,-38.66436664649523
LCID,2025-03-31,2025-12-31,12.16035656191808,2.559999942779541,375.01393881731394
LE,2025-04-30,2026-01-30,12.683822865396325,12.149999618530273,4.393607108035655
LECO,2024-12-31,2025-09-30,88.55858386248792,224.0800018310547,-60.479032872707336
LEGN,2025-03-31,2025-12-31,12.85312006849964,40.77000045776367,-68.47407426003089
LFMD,2024-12-31,2025-09-30,6.54338230381426,10.199999809265137,-35.84919190027239
LFST,2025-03-31,2025-12-31,12.920482115036355,4.130000114440918,212.84459460082638
LGO,2025-03-31,2025-12-31,11.02512033286778,1.4199999570846558,676.4169483147737
LI,2025-03-31,2025-12-31,61.46691133039852,27.3799991607666,124.49566550197633
LIF,2025-03-31,2025-12-31,7.231634186122521,75.9000015258789,-90.47215541404591
LIN,2025-03-31,2025-12-31,71.66002383338787,471.510009765625,-84.80201430527251
LITE,2025-03-31,2025-12-31,14.19130524180044,109.4800033569336,-87.03753671295291
LIVN,2025-03-31,2025-12-31,32.6007697513254,43.9900016784668,-25.890501233411978
LKQ,2025-06-30,2026-03-30,54.21425349034786,30.469999313354492,77.92666462774305
LLYVK,2025-03-31,2025-12-31,27.877243945143015,85.80000305175781,-67.50904084662281
LMB,2025-03-31,2025-12-31,13.552335806868635,135.72000122070312,-90.01448888522312
LNW,2025-03-31,2025-12-31,34.36285701293979,97.87000274658203,-64.88928573761599
LOCO,2025-03-31,2025-12-31,10.534215240072829,10.600000381469727,-0.6206145191456719
LOGI,2025-03-31,2025-12-31,38.26119989966203,93.76000213623047,-59.1924071801218
LPLA,2025-03-31,2025-12-31,71.05669693521982,390.6700134277344,-81.81158151562002
LPSN,2025-03-31,2025-12-31,6.346033137675036,0.9800000190734863,547.5543892003916
LRCX,2025-03-31,2025-12-31,54.284495634007214,98.94000244140625,-45.133925313823084
LSCC,2025-03-31,2025-12-31,9.126819358346651,53.06999969482422,-82.8022999607502
LSTR,2025-03-31,2025-12-31,30.622025326566337,137.9199981689453,-77.79725512390463
LUCD,2025-03-31,2025-12-31,4.584056541140449,1.0800000429153442,324.4496628691125
LULU,2025-04-30,2026-01-30,74.55934348106287,214.0399932861328,-65.16569528135311
LYFT,2025-03-31,2025-12-31,36.02998841767162,14.039999961853027,156.62384982596757
LZ,2025-03-31,2025-12-31,12.310438267786722,9.170000076293945,34.2468720323281
MANH,2025-06-30,2026-03-30,10.562906723488986,225.41000366210938,-95.31391395595608
MAPS,2025-03-31,2025-12-31,8.740836373639944,0.9350000023841858,834.848807631167
MAR,2025-03-31,2025-12-31,27.845390689539943,273.4700012207031,-89.81775311176914
MARA,2025-03-31,2025-12-31,17.92095433341057,16.610000610351562,7.892556742243614
MASI,2025-03-31,2025-12-31,17.578407448342272,158.94000244140625,-88.94022450086308
MAT,2025-03-31,2025-12-31,50.1622879969911,17.40999984741211,188.12342582787224
MBLY,2025-06-30,2026-03-30,20.863794180910983,14.359999656677246,45.291049301728506
MCHP,2024-12-31,2025-09-30,25.102447278533425,70.68000030517578,-64.48437016108048
MDAI,2025-03-31,2025-12-31,11.505392101214724,2.5199999809265137,356.5631820752873
MDB,2025-04-30,2026-01-30,32.1210659931974,240.8800048828125,-86.66511734387244
MDLZ,2024-12-31,2025-09-30,80.371780440257,69.70999908447266,15.294479265255317
MDXG,2025-03-31,2025-12-31,6.718743363477995,6.670000076293945,0.7307839074438678
MEDP,2025-06-30,2026-03-30,108.65228205799966,447.9200134277344,-75.74292757616887
META,2025-03-31,2025-12-31,146.31211888777958,700.0,-79.09826873031722
METC,2025-03-31,2025-12-31,6.338474486076593,20.770000457763672,-69.48255008965435
METCB,2025-03-31,2025-12-31,6.338474486076593,13.930000305175781,-54.49767159214281
MGNI,2025-03-31,2025-12-31,8.549247052128742,22.440000534057617,-61.901752011309505
MIDD,2025-03-31,2025-12-31,74.71490496633628,146.94000244140625,-49.152780914013135
MIRM,2025-03-31,2025-12-31,9.296205160390324,51.16999816894531,-81.83270374625083
MITK,2025-03-31,2025-12-31,11.318616858019826,9.279999732971191,21.967857583072664
MKSI,2025-03-31,2025-12-31,39.41195901481286,101.6500015258789,-61.22778315475084
MKTX,2025-03-31,2025-12-31,17.11684077763913,207.1699981689453,-91.73778011829661
MLCO,2025-03-31,2025-12-31,34.75919445125012,8.670000076293945,300.9134272823235
MLTX,2025-03-31,2025-12-31,8.175404836765281,52.349998474121094,-84.38318037238007
MMSI,2025-03-31,2025-12-31,13.87823424625267,82.87000274658203,-83.25300617077018
MMYT,2025-06-30,2026-03-30,10.68577537274141,99.12000274658203,-89.21935524955393
MNDY,2025-03-31,2025-12-31,28.83033735368811,280.45001220703125,-89.71997286546551
MNY,2025-03-31,2025-12-31,5.469305447798386,1.7699999809265137,209.00031111500104
MOBX,2025-03-31,2025-12-31,3.018184977803264,0.9750000238418579,209.55742605118175
MOMO,2025-03-31,2025-12-31,68.03779235199359,8.4399995803833,706.135020552971
MORN,2025-03-31,2025-12-31,90.79078989806118,286.80999755859375,-68.34462164119188
MPWR,2025-03-31,2025-12-31,110.3234573746569,724.3699951171875,-84.76973672041608
MQ,2025-03-31,2025-12-31,13.753553535770768,5.670000076293945,142.56707849571032
MRCY,2025-03-31,2025-12-31,12.04770843949656,51.880001068115234,-76.77774057159586
MRTN,2025-03-31,2025-12-31,13.739030025832967,12.550000190734863,9.474341171531732
MRUS,2025-03-31,2025-12-31,3.571493675322858,65.91999816894531,-94.58207861873792
MRVL,2025-04-30,2026-01-30,52.87637886523554,76.33999633789062,-30.735680636926027
MSFT,2025-03-31,2025-12-31,88.74267749364182,512.5700073242188,-82.68672059902464
MSTR,2025-03-31,2025-12-31,129.4371154597042,394.6600036621094,-67.20287988176209
MTCH,2025-03-31,2025-12-31,33.62423643117776,34.05500030517578,-1.2649063871320798
MTSI,2025-03-31,2025-12-31,8.978154491616202,140.02000427246094,-93.58794870899598
MTSR,2025-06-30,2026-03-30,6.288220847655968,37.16999816894531,-83.08253656867373
MU,2025-05-31,2026-02-28,71.04919121654788,111.95999908447266,-36.540557522743455
MVIS,2025-03-31,2025-12-31,3.9847006970451706,1.1299999952316284,252.62838175750463
MXL,2025-06-30,2026-03-30,5.885310633983826,17.309999465942383,-66.00051521917582
NAMS,2025-03-31,2025-12-31,3.723733479946137,22.780000686645508,-83.65349706890426
NATL,2025-03-31,2025-12-31,54.54159780222685,27.079999923706055,101.40915050180885
NB,2025-03-31,2025-12-31,23.93423427467003,2.819999933242798,748.7317319595599
NBIX,2025-03-31,2025-12-31,54.71860623895657,134.19000244140625,-59.22303804797282
NCMI,2025-03-31,2025-12-31,4.232178293550006,4.849999904632568,-12.738590169711934
NCNO,2025-04-30,2026-01-30,7.777517548358813,29.75,-73.85708387106281
NDAQ,2025-06-30,2026-03-30,33.398694431254846,95.83000183105469,-65.14797684118206
NDSN,2025-04-30,2026-01-30,63.484118499895466,220.2100067138672,-71.17110187350187
NESR,2025-03-31,2025-12-31,12.6020327198759,7.179999828338623,75.51578023911847
NEXN,2024-09-30,2025-06-30,13.51240195752164,10.770000457763672,25.463336891328336
NFLX,2025-06-30,2026-03-30,222.05012936526705,1168.739990234375,-81.00089573210053
NICE,2025-03-31,2025-12-31,68.46108206072407,163.99000549316406,-58.25289361089882
NIU,2025-03-31,2025-12-31,18.378552096382776,3.5399999618530273,419.16814391044375
NMRK,2025-03-31,2025-12-31,90.5606145780186,14.4399995803833,527.1510887094827
NMTC,2025-03-31,2025-12-31,23.63690639221637,0.8349999785423279,2730.767305345286
NN,2025-03-31,2025-12-31,3.307500783008381,15.210000038146973,-78.25443277637669
NOTV,2025-03-31,2025-12-31,5.333771312472966,2.0299999713897705,162.74735899731965
NTAP,2025-01-31,2025-10-31,53.33544056656246,106.08999633789062,-49.72623017471685
NTCT,2024-12-31,2025-09-30,17.660944752564617,21.579999923706055,-18.160589365138403
NTES,2025-03-31,2025-12-31,560.6825116397172,131.52999877929688,326.27728795202415
NTGR,2025-03-31,2025-12-31,9.96573784582194,25.09000015258789,-60.280040712578355
NTNX,2025-04-30,2026-01-30,27.59283890936921,75.55000305175781,-63.47738213793863
NTRA,2025-03-31,2025-12-31,29.32589833652077,135.83999633789062,-78.41144057191002
NUVL,2025-03-31,2025-12-31,10.6077508412116,79.20999908447266,-86.60806594644815
NVDA,2025-04-30,2026-01-30,146.2503186918425,175.50999450683594,-16.671230545707648
NVEE,2025-03-31,2025-12-31,30.887434397199065,22.25,38.819929875051976
NVMI,2025-03-31,2025-12-31,75.18979067844693,270.5,-72.20340455510281
NWE,2025-03-31,2025-12-31,26.63566944704054,52.540000915527344,-49.30401792366775
NWL,2024-12-31,2025-09-30,19.69265750563408,5.949999809265137,230.96904431777202
NWS,2025-03-31,2025-12-31,65.37409500422324,33.56999969482422,94.73963538433554
NWSA,2025-03-31,2025-12-31,65.37409500422324,29.219999313354492,123.73065208918447
NXPI,2025-06-30,2026-03-30,69.45383810058883,226.74000549316406,-69.36851176768505
NXST,2025-03-31,2025-12-31,90.89553970786044,189.77999877929688,-52.104784333165334
NXT,2024-12-31,2025-09-30,22.143247297695183,64.9000015258789,-65.8809756901692
ODD,2025-03-31,2025-12-31,19.488480363681628,69.69000244140625,-72.03547183103186
ODFL,2025-03-31,2025-12-31,52.36366743028545,162.1199951171875,-67.70067295373732
OGI,2025-03-31,2025-12-31,15.218726735937937,1.409999966621399,979.3423472487456
OKTA,2025-04-30,2026-01-30,30.39172612930065,98.98999786376953,-69.29818488214751
OLLI,2025-04-30,2026-01-30,20.767106513294703,137.88999938964844,-84.93936717295125
OLPX,2025-03-31,2025-12-31,6.07389110105293,1.5,304.9260734035287
OMCL,2025-03-31,2025-12-31,17.544375390083328,29.6200008392334,-40.76848449361017
ON,2025-03-31,2025-12-31,6.965415191751149,58.380001068115234,-88.06883339446293
ONC,2025-03-31,2025-12-31,66.22947193880199,305.739990234375,-78.33797538619936
ONCY,2024-09-30,2025-06-30,12.913737185180182,1.0199999809265137,1166.052688888291
ONDS,2025-03-31,2025-12-31,3.733401434905149,1.8200000524520874,105.13194106094308
OPCH,2025-03-31,2025-12-31,9.21766551833225,30.1299991607666,-69.40701700936349
OPK,2025-03-31,2025-12-31,5.310964016939209,1.350000023841858,293.4047350477193
OPRA,2025-03-31,2025-12-31,11.717220815980674,16.40999984741211,-28.59706931789823
ORGN,2025-03-31,2025-12-31,4.1115262538140405,0.7770000100135803,429.1539512003584
ORGO,2025-03-31,2025-12-31,12.010050851865492,4.769999980926514,151.7830377335282
ORLY,2025-03-31,2025-12-31,172.46590444212666,98.9000015258789,74.38412718021846
OS,2025-03-31,2025-12-31,10.112862191896548,24.770000457763672,-59.172943056095626
OSPN,2025-03-31,2025-12-31,12.555988785061368,15.109999656677246,-16.90278576867629
OSS,2025-03-31,2025-12-31,4.622791018821573,5.070000171661377,-8.820693051244197
OSUR,2025-03-31,2025-12-31,4.76298924276326,3.2699999809265137,45.65716423685504
OSW,2025-03-31,2025-12-31,21.28264295565005,21.75,-2.148768019999767
OTEX,2024-12-31,2025-09-30,39.38862739851466,30.270000457763672,30.12430394070983
PAA,2025-03-31,2025-12-31,17.97527506170097,18.729999542236328,-4.029495456385077
PACB,2025-03-31,2025-12-31,16.581967845602602,1.5399999618530273,976.7511854773104
PAGP,2025-03-31,2025-12-31,27.26175172964445,19.84000015258789,37.408021774074825
PAHC,2025-03-31,2025-12-31,15.574148481040996,28.010000228881836,-44.39789948669087
PANW,2025-04-30,2026-01-30,80.08125160952376,193.83999633789062,-58.686930910826696
PARA,2025-03-31,2025-12-31,19.262524099616307,13.25,45.3775403744627
PATK,2025-03-31,2025-12-31,37.59280094459678,101.29000091552734,-62.88597037732482
PAX,2025-03-31,2025-12-31,9.410013415599456,14.0600004196167,-33.07245281109323
PAYO,2025-03-31,2025-12-31,12.188664500054449,6.610000133514404,84.39734120813065
PAYS,2025-03-31,2025-12-31,6.705913791179818,7.690000057220459,-12.796960451471536
PAYX,2025-02-28,2025-11-28,33.29658285611935,147.2899932861328,-77.39385947867092
PBYI,2025-03-31,2025-12-31,7.552026297294184,3.180000066757202,137.48509870301183
PCAR,2025-03-31,2025-12-31,39.92750132286717,99.4800033569336,-59.86379174153467
PCH,2025-03-31,2025-12-31,17.229624639243692,41.650001525878906,-58.632355322872684
PCRX,2025-03-31,2025-12-31,7.5315916776209395,21.610000610351562,-65.1476563401244
PCT,2024-09-30,2025-06-30,5.558422199985357,14.020000457763672,-60.35362326320508
PCTY,2025-03-31,2025-12-31,84.75517964664519,190.36000061035156,-55.47637141474336
PDD,2025-03-31,2025-12-31,170.34830768014453,115.41999816894531,47.58994141621648
PEGA,2025-06-30,2026-03-30,16.384620364107903,60.38999938964844,-72.86865287348154
PENG,2025-05-31,2026-02-28,10.000955158585423,24.6299991607666,-59.39522736762388
PENN,2025-03-31,2025-12-31,17.21682919834751,18.350000381469727,-6.175319670655259
PEP,2025-06-30,2026-03-30,65.24596462657776,143.88999938964844,-54.655664116104234
PERI,2025-03-31,2025-12-31,10.254070996063565,10.899999618530273,-5.925950872224014
PGEN,2025-03-31,2025-12-31,4.17063440256021,1.5700000524520874,165.64549447284094
PGNY,2025-03-31,2025-12-31,15.43002959868756,22.829999923706055,-32.41336114650866
PGY,2025-03-31,2025-12-31,12.412333232095454,29.079999923706055,-57.31659812702783
PHVS,2025-03-31,2025-12-31,7.865229759842314,19.610000610351562,-59.89174138173926
PI,2025-03-31,2025-12-31,4.411132426627334,122.80999755859375,-96.40816504004673
PINC,2025-03-31,2025-12-31,11.113853643927603,21.239999771118164,-47.67488811821902
PLAB,2025-04-30,2026-01-30,13.360026817163778,21.389999389648438,-37.54077981119867
PLAY,2025-04-30,2026-01-30,34.41067705266423,29.6299991607666,16.134586659819323
PLBY,2025-03-31,2025-12-31,7.611665094494724,1.8600000143051147,309.2293030082797
PLL,2025-03-31,2025-12-31,5.656258981119044,7.260000228881836,-22.09009913502159
PLUG,2025-03-31,2025-12-31,3.598267641247634,1.590000033378601,126.30613620816425
PLXS,2025-03-31,2025-12-31,36.702926033654826,128.52000427246094,-71.4418574435735
PMVP,2025-03-31,2025-12-31,4.272468156587272,1.440000057220459,196.69916575101718
PNTG,2025-03-31,2025-12-31,15.320918469153847,22.979999542236328,-33.329335185605174
PODD,2025-03-31,2025-12-31,18.90986567538658,291.489990234375,-93.51268780784481
POOL,2025-03-31,2025-12-31,33.12576598571891,316.4800109863281,-89.53306217271653
POWI,2025-03-31,2025-12-31,10.813854326888814,50.7400016784668,-78.68771389600084
POWL,2025-03-31,2025-12-31,93.29140560264428,233.32000732421875,-60.01568546455272
PPC,2025-03-31,2025-12-31,30.95019985054453,46.91999816894531,-34.036229628352004
PRDO,2025-03-31,2025-12-31,19.21184187129299,28.559999465942383,-32.731644851033735
PRGS,2025-02-28,2025-11-28,27.892937551021017,49.5,-43.65063121005855
PRME,2025-03-31,2025-12-31,3.2699361087890666,3.8299999237060547,-14.62307639878616
PRPL,2025-03-31,2025-12-31,5.122814864085354,0.8500000238418579,502.68408475226727
PRTH,2025-03-31,2025-12-31,11.10195525476667,6.900000095367432,60.89790001916631
PRVA,2025-03-31,2025-12-31,15.88927572330169,19.479999542236328,-18.43287424698994
PSNL,2025-03-31,2025-12-31,7.04450590714695,5.579999923706055,26.245627302235114
PTC,2025-03-31,2025-12-31,40.634984424270456,204.19000244140625,-80.09942507546081
PTCT,2025-03-31,2025-12-31,202.1980598771549,49.290000915527344,310.2212540504507
PTGX,2025-03-31,2025-12-31,8.332808809303556,55.0099983215332,-84.85219221313491
PTLO,2025-03-31,2025-12-31,7.414515690802164,9.90999984741211,-25.181475227384738
PTON,2025-03-31,2025-12-31,16.841756645321386,6.179999828338623,172.52034163646533
PWP,2025-03-31,2025-12-31,27.375885038153037,20.8700008392334,31.173377754203358
PYPL,2025-03-31,2025-12-31,95.77536006709182,71.44999694824219,34.04529623209185
PZZA,2025-03-31,2025-12-31,16.196013087288065,42.209999084472656,-61.629913673118466
QCOM,2024-12-31,2025-09-30,86.11739372024834,162.0800018310547,-46.86735393178644
QLYS,2025-03-31,2025-12-31,20.87128265873698,137.42999267578125,-84.81315304441907
QMCO,2024-12-31,2025-09-30,10.904960436103863,7.880000114440918,38.38782078339557
QSI,2025-03-31,2025-12-31,5.132884199556936,1.6349999904632568,213.93787336369329
QURE,2025-03-31,2025-12-31,6.789960843580588,13.680000305175781,-50.36578441440802
RBBN,2025-06-30,2026-03-30,10.721517338385947,3.869999885559082,177.04179988204461
RDFN,2025-03-31,2025-12-31,24.568853893484405,,
RDWR,2025-03-31,2025-12-31,12.116427415726356,28.329999923706055,-57.23110678306942
RDZN,2024-12-31,2025-09-30,5.762781786964804,1.1799999475479126,388.3713595869302
REAL,2025-03-31,2025-12-31,12.681893045780354,5.510000228881836,130.16138872926936
RELY,2025-03-31,2025-12-31,13.29489710199618,16.8700008392334,-21.192078004660477
REYN,2024-12-31,2025-09-30,19.56170589113257,21.559999465942383,-9.268523303845404
RFIL,2025-04-30,2026-01-30,3.481890184972678,7.710000038146973,-54.83929743521093
RGEN,2025-03-31,2025-12-31,8.461363651408384,125.30000305175781,-93.24711616494275
RGLD,2025-03-31,2025-12-31,23.04112602282423,152.6300048828125,-84.90393416385268
RIOT,2024-09-30,2025-06-30,2.069738218835772,13.600000381469727,-84.78133705307957
RIVN,2025-03-31,2025-12-31,65.43492935159486,13.0600004196167,401.0331336077807
RMBS,2025-03-31,2025-12-31,12.039952212123598,73.1500015258789,-83.54073552840035
RMNI,2025-03-31,2025-12-31,7.754560516303936,4.71999979019165,64.29154366528205
RNW,2024-12-31,2025-09-30,57.580737059747925,7.570000171661377,660.6438012419591
ROAD,2025-03-31,2025-12-31,17.444542956016527,102.18000030517578,-82.92763466048561
ROIV,2025-03-31,2025-12-31,-1.937192432389064,11.420000076293945,-116.96315603719091
ROKU,2025-03-31,2025-12-31,22.1494804461587,90.37999725341797,-75.49293967773266
ROP,2025-03-31,2025-12-31,121.62702576232658,563.0599975585938,-78.39892262108894
ROST,2025-04-30,2026-01-30,49.51545325773356,139.55999755859375,-64.52031088855195
RPRX,2025-03-31,2025-12-31,13.119633536738618,37.27000045776367,-64.7984079001918
RR,2025-03-31,2025-12-31,6.376412723161962,1.899999976158142,235.60067385133672
RRR,2025-03-31,2025-12-31,24.781184443513236,55.0099983215332,-54.95149027515449
RUM,2025-03-31,2025-12-31,6.881816973603832,8.630000114440918,-20.257046554516062
RUSHA,2025-03-31,2025-12-31,18.57409838681952,54.560001373291016,-65.95656539716992
RVMD,2024-12-31,2025-09-30,9.611348032629271,37.0099983215332,-74.03040132796444
RXRX,2025-03-31,2025-12-31,7.689829955845094,5.949999809265137,29.240843737015815
RYAAY,2025-06-30,2026-03-30,51.48172841091701,62.880001068115234,-18.12702363801006
RYTM,2025-03-31,2025-12-31,6.7304007350209485,85.62999725341797,-92.14013669169854
SABR,2025-03-31,2025-12-31,25.66858420024729,3.119999885559082,722.71106223607
SAIA,2025-06-30,2026-03-30,99.60577120550856,315.2300109863281,-68.4021927690671
SAIL,2025-04-30,2026-01-30,11.14956872342248,21.68000030517578,-48.572100708131984
SANM,2025-06-30,2026-03-30,44.19324823111712,120.76000213623047,-63.40406802803605
SATS,2025-03-31,2025-12-31,43.175300787958506,29.510000228881836,46.30735497488155
SBAC,2025-03-31,2025-12-31,46.47896587221943,228.9199981689453,-79.69641523502133
SBGI,2025-03-31,2025-12-31,14.624400200410529,14.300000190734863,2.268531505935559
SBLK,2025-03-31,2025-12-31,15.50897066216332,18.670000076293945,-16.931062673879218
SBRA,2025-03-31,2025-12-31,13.442190979976608,18.15999984741211,-25.979123937645916
SBUX,2025-03-31,2025-12-31,46.88535777849147,92.95999908447266,-49.563943373227886
SCHL,2025-02-28,2025-11-28,17.394609633309393,25.43000030517578,-31.598075404784566
SDGR,2025-03-31,2025-12-31,5.84540777287526,21.170000076293945,-72.38824869244608
SEDG,2025-03-31,2025-12-31,28.30537559919058,24.950000762939453,13.448395726044126
SEIC,2025-06-30,2026-03-30,34.896767707564884,88.45999908447266,-60.55079350131906
SFD,2025-03-31,2025-12-31,22.347381116880143,24.059999465942383,-7.118114659505707
SFIX,2025-04-30,2026-01-30,20.873211265296472,4.989999771118164,318.3008461465156
SFM,2025-03-31,2025-12-31,63.80133208006185,156.94000244140625,-59.34667319513891
SGRY,2025-03-31,2025-12-31,11.84373738411284,22.329999923706055,-46.960423535249326
SHC,2025-03-31,2025-12-31,12.714927906044268,12.140000343322754,4.735811750102101
SHEN,2024-12-31,2025-09-30,6.745466291408425,14.800000190734863,-54.42252564543046
SHLS,2025-03-31,2025-12-31,7.885190628690067,5.579999923706055,41.31166194448582
SIGA,2025-03-31,2025-12-31,4.822181865754287,7.010000228881836,-31.209961365101513
SIMO,2025-03-31,2025-12-31,34.15693398157201,77.43000030517578,-55.88669269411226
SITM,2025-03-31,2025-12-31,9.486401890654992,193.47000122070312,-95.09670655357402
SKYT,2025-03-31,2025-12-31,5.812220146719384,10.199999809265137,-43.017448476421805
SLAB,2025-03-31,2025-12-31,10.991415673238672,137.1199951171875,-91.98408980116646
SLDP,2025-03-31,2025-12-31,6.229766315789202,3.2300000190734863,92.87202102172702
SMCI,2025-03-31,2025-12-31,15.773450628166923,58.630001068115234,-73.09662230802005
SMLR,2025-03-31,2025-12-31,24.76459291397539,36.599998474121094,-32.337175009759115
SMPL,2025-05-31,2026-02-28,9.697751080172988,31.530000686645508,-69.24278189349847
SMTC,2025-04-30,2026-01-30,10.35113806062995,53.45000076293945,-80.63397958301415
SNAL,2025-03-31,2025-12-31,4.676130125772439,1.1399999856948853,310.1868582851
SNBR,2025-03-31,2025-12-31,17.883091351816297,8.15999984741211,119.15553537035667
SNCY,2025-03-31,2025-12-31,10.854350510582703,12.149999618530273,-10.663779001042457
SNEX,2025-03-31,2025-12-31,39.61756600977721,95.4000015258789,-58.472153693802355
SNPS,2025-04-30,2026-01-30,57.62999326428788,635.8099975585938,-90.93597246259453
SNY,2025-03-31,2025-12-31,71.77138462211714,49.349998474121094,45.433407986331986
SONO,2025-03-31,2025-12-31,10.116521941336645,11.3100004196167,-10.552417630418638
SOUN,2025-03-31,2025-12-31,12.989233331182804,10.6899995803833,21.508267923777243
SPTN,2025-03-31,2025-12-31,16.17116912373364,26.579999923706055,-39.160386869260414
SPWH,2025-04-30,2026-01-30,22.344378287547425,3.309999942779541,575.0567575171601
SPWR,2025-03-31,2025-12-31,6.341269878218318,1.850000023841858,242.77134035109523
SSNC,2025-03-31,2025-12-31,36.02510337757575,85.26000213623047,-57.74677166907176
SSP,2025-03-31,2025-12-31,18.574006376702275,3.0799999237060547,503.05217002579764
SSRM,2025-03-31,2025-12-31,9.199849845507536,12.270000457763672,-25.02160144838088
SSYS,2025-03-31,2025-12-31,9.151470316614525,10.850000381469727,-15.654654425229811
STEP,2024-12-31,2025-09-30,27.410537023865743,60.65999984741211,-54.81283037781752
STGW,2025-03-31,2025-12-31,16.18610839941698,5.289999961853027,205.97558631639706
STKL,2025-03-31,2025-12-31,16.676515448658648,6.21999979019165,168.11118989032653
STLD,2025-03-31,2025-12-31,33.048420017401575,127.5199966430664,-74.08373518868147
STNE,2025-03-31,2025-12-31,77.10900242574083,13.130000114440918,487.27343300578616
STOK,2025-03-31,2025-12-31,29.766796474070205,12.5,138.13437179256164
STRL,2025-03-31,2025-12-31,33.05541884853195,264.0799865722656,-87.48280046602989
STX,2025-03-31,2025-12-31,53.66808063749996,152.67999267578125,-64.8493036337347
SUPN,2025-03-31,2025-12-31,15.463363438396868,33.45000076293945,-53.77170975873542
SWIM,2025-03-31,2025-12-31,8.23500892930252,6.800000190734863,21.103069092893335
SYM,2025-03-31,2025-12-31,18.141835635824823,50.709999084472656,-64.22434241104172
SYNA,2025-03-31,2025-12-31,13.1159601880997,67.41000366210938,-80.54300626678044
TALK,2025-03-31,2025-12-31,8.071195608884908,2.509999990463257,221.5615792649964
TBLA,2025-03-31,2025-12-31,13.18173675067586,3.25,305.5919000207957
TCOM,2025-03-31,2025-12-31,181.03258051490693,63.130001068115234,186.76156732450963
TEAM,2025-03-31,2025-12-31,53.5411855034555,200.05999755859375,-73.23743569087353
TECH,2025-03-31,2025-12-31,11.146291061868544,57.869998931884766,-80.73908541973853
TEM,2025-03-31,2025-12-31,14.311446893002255,58.290000915527344,-75.44785268790422
TENB,2025-03-31,2025-12-31,29.46910202619326,32.900001525878906,-10.428265472835697
TER,2025-03-31,2025-12-31,30.07130945482411,90.55000305175781,-66.7903827262871
TERN,2025-03-31,2025-12-31,4.9511168634827385,5.75,-13.893619765517592
TGTX,2025-03-31,2025-12-31,8.056289758379128,35.33000183105469,-77.19702988722254
THTX,2025-05-31,2026-02-28,5.873049352249922,3.1600000858306885,85.85598711165976
TILE,2025-03-31,2025-12-31,14.413143503986278,21.1200008392334,-31.75595203002161
TKNO,2025-03-31,2025-12-31,4.588657924865101,4.789999961853027,-4.203382851594766
TMDX,2025-03-31,2025-12-31,14.53214424457648,104.83000183105469,-86.13741868668792
TMUS,2025-06-30,2026-03-30,72.6777868969307,239.25,-69.6226596042087
TREE,2025-03-31,2025-12-31,18.3391203656162,47.439998626708984,-61.3424938944008
TRI,2024-12-31,2025-09-30,54.1999850850351,200.1999969482422,-72.92707996441806
TRIP,2025-03-31,2025-12-31,43.44140676728076,17.68000030517578,145.70931005336797
TRMB,2025-03-31,2025-12-31,24.259179628789106,84.69000244140625,-71.35532066423885
TROW,2024-12-31,2025-09-30,43.85949412355722,104.91999816894531,-58.197202736380774
TRS,2025-03-31,2025-12-31,13.766545894713309,34.869998931884766,-60.520371905932805
TRUP,2024-12-31,2025-09-30,19.83027835738833,48.31999969482422,-58.960516385283746
TRVI,2025-03-31,2025-12-31,10.361021434386702,7.550000190734863,37.23206851175237
TSCO,2025-03-31,2025-12-31,54.05185087798209,58.59000015258789,-7.745603793799193
TSEM,2025-03-31,2025-12-31,19.85905489129825,47.81999969482422,-58.47123584685492
TSLA,2025-06-30,2026-03-30,53.263480075151605,321.20001220703125,-83.41734805389099
TTAN,2025-04-30,2026-01-30,16.920240486618127,118.2699966430664,-85.69354784233008
TTD,2025-03-31,2025-12-31,14.568711176454848,84.52999877929688,-82.76504035627286
TTEK,2025-03-31,2025-12-31,24.21592978484412,37.540000915527344,-35.49299628592205
TTMI,2025-03-31,2025-12-31,9.219368968401962,48.52000045776367,-80.99882753210737
TTWO,2024-12-31,2025-09-30,26.880245657223337,223.97999572753906,-87.99881856863598
TVTX,2025-03-31,2025-12-31,19.648427711212506,15.529999732971191,26.519176104669377
TW,2024-12-31,2025-09-30,14.801221475508218,138.30999755859375,-89.29851656657154
TXG,2025-03-31,2025-12-31,10.495511791371564,14.0,-25.032058633060256
TXN,2025-03-31,2025-12-31,54.30192874324401,191.3800048828125,-71.6261221873755
TXRH,2025-03-31,2025-12-31,33.04676485108021,184.5800018310547,-82.09623766212346
UAL,2025-06-30,2026-03-30,58.989581785462896,90.6500015258789,-34.926000228888626
UDMY,2025-03-31,2025-12-31,25.640508723670877,7.125,259.86678910415264
UFPI,2025-03-31,2025-12-31,43.41091576702591,102.30000305175781,-57.565088492653786
ULCC,2025-03-31,2025-12-31,35.26681546557656,4.539999961853027,676.8021092930187
ULTA,2025-04-30,2026-01-30,124.37579815579268,513.6300048828125,-75.78494305756735
UNIT,2025-03-31,2025-12-31,26.390991513714724,5.650000095367432,367.09718704878117
UPBD,2024-12-31,2025-09-30,44.03308356660009,24.760000228881836,77.83959272842313
UPLD,2025-03-31,2025-12-31,10.84647767764303,2.5,333.8591071057212
UPWK,2025-03-31,2025-12-31,15.942998854703855,12.649999618530273,26.031615300208017
URBN,2025-04-30,2026-01-30,40.55470795028834,76.44999694824219,-46.95263627316494
UROY,2025-01-31,2025-10-31,22.877782123546435,2.7899999618530273,719.9922020196643
UTHR,2024-12-31,2025-09-30,142.0222346999941,297.55999755859375,-52.27105932744608
VC,2025-06-30,2026-03-30,113.70385967791754,113.70999908447266,-0.005399179143920677
VCEL,2024-12-31,2025-09-30,17.697574647804775,39.86000061035156,-55.6006663903343
VCTR,2025-03-31,2025-12-31,13.4930520900712,70.04000091552734,-80.73521999757727
VCYT,2025-03-31,2025-12-31,7.38814492088611,24.469999313354492,-69.80733498895509
VERI,2025-03-31,2025-12-31,7.5650822709977055,1.9800000190734863,282.0748584910459
VERX,2025-03-31,2025-12-31,22.64632868643592,33.63999938964844,-32.68035345623533
VFF,2025-03-31,2025-12-31,7.069796729144815,1.3799999952316284,412.3041125777811
VFS,2025-03-31,2025-12-31,45.873955377426014,3.430000066757202,1237.433075352569
VIAV,2025-03-31,2025-12-31,33.502427658954254,10.1899995803833,228.7775175521062
VICR,2024-12-31,2025-09-30,13.139738501818456,45.720001220703125,-71.26041524279648
VIRT,2025-03-31,2025-12-31,20.38372254608368,44.040000915527344,-53.71543568951898
VITL,2025-03-31,2025-12-31,15.51115327126662,37.040000915527344,-58.1232373437543
VMD,2025-03-31,2025-12-31,8.854598699389463,6.260000228881836,41.447258396843154
VMEO,2025-03-31,2025-12-31,9.11054494972558,3.8550000190734863,136.33060712449014
VNDA,2025-03-31,2025-12-31,8.3177083307798,4.679999828338623,77.72881700580201
VNOM,2025-03-31,2025-12-31,14.460903728325048,37.83000183105469,-61.77398089245113
VOXR,2025-03-31,2025-12-31,20.64668213357062,3.2200000286102295,541.201302798803
VRNS,2025-03-31,2025-12-31,15.763296881878803,54.22999954223633,-70.93251518543391
VRRM,2025-03-31,2025-12-31,8.471209629160013,24.950000762939453,-66.0472570335826
VRSK,2025-03-31,2025-12-31,51.58993075947551,294.04998779296875,-82.4553875527455
VRSN,2025-06-30,2026-03-30,28.02655096866685,277.4700012207031,-89.89925006473973
VRTX,2025-03-31,2025-12-31,92.521607177125,468.4100036621094,-80.2477303102463
VSAT,2025-03-31,2025-12-31,25.39267644417366,14.6899995803833,72.85689019407785
VTGN,2024-12-31,2025-09-30,4.566469308408131,3.059999942779541,49.23102594113754
VTRS,2025-03-31,2025-12-31,43.96375098587545,9.1899995803833,378.3868660855998
VUZI,2025-03-31,2025-12-31,3.3805939463273047,2.069999933242798,63.3137224807235
VYNE,2025-03-31,2025-12-31,11.485180962751404,1.440000057220459,697.5819796091204
WAY,2025-03-31,2025-12-31,10.939470727795468,35.689998626708984,-69.34863785730492
WB,2025-03-31,2025-12-31,32.047926021873174,10.210000038146973,213.8876190218859
WBA,2025-05-31,2026-02-28,52.1496814647053,11.619999885559082,348.7924438752796
WBD,2025-03-31,2025-12-31,62.28491392234316,13.119999885559082,374.7325797685326
WDAY,2025-04-30,2026-01-30,42.88801436122198,239.6300048828125,-82.10240225042114
WDC,2025-03-31,2025-12-31,160.62781835076626,70.61000061035156,127.48593253406362
WERN,2025-03-31,2025-12-31,14.224297749662725,27.809999465942383,-48.85185896144096
WEST,2025-03-31,2025-12-31,9.040425633026382,7.03000020980835,28.597800330262586
WING,2024-12-31,2025-09-30,9.307897524560046,290.29998779296875,-96.79369689426302
WIX,2025-03-31,2025-12-31,20.66068592473229,148.4499969482422,-86.08239383666964
WLDN,2025-03-31,2025-12-31,11.730823774378171,83.41999816894531,-85.9376360202976
WMG,2025-03-31,2025-12-31,22.80031990505716,29.700000762939453,-23.231248082969476
WOOF,2025-04-30,2026-01-30,22.793598599391757,3.2200000286102295,607.875726610773
WSC,2025-03-31,2025-12-31,22.67177197188421,31.18000030517578,-27.287454297680792
WTW,2024-06-30,2025-03-30,55.46102409310622,302.29998779296875,-81.65364659852752
WULF,2025-03-31,2025-12-31,2.6122402261299835,5.21999979019165,-49.9570817792298
WVE,2025-03-31,2025-12-31,4.113949822878131,8.319999694824219,-50.55348589210437
WW,2025-03-31,2025-12-31,9.896357699708812,39.22999954223633,-74.7734952455096
WWD,2025-03-31,2025-12-31,66.65163540197676,262.1099853515625,-74.57111932894188
WYNN,2025-03-31,2025-12-31,34.319315072197696,109.37999725341797,-68.62377405926908
XENE,2025-03-31,2025-12-31,7.946963522291085,30.8700008392334,-74.25667863218486
XERS,2025-03-31,2025-12-31,5.940417274090331,5.0,18.80834548180662
XMTR,2025-03-31,2025-12-31,6.340352975802958,31.65999984741211,-79.97361653076186
XP,2025-03-31,2025-12-31,70.63423500760459,16.399999618530273,330.6965649425707
Z,2025-03-31,2025-12-31,31.480854516484857,79.83999633789062,-60.570070189814615
ZBRA,2025-03-31,2025-12-31,83.06338864847373,331.6000061035156,-74.9507276478928
ZG,2025-03-31,2025-12-31,31.480854516484857,77.08999633789062,-59.163502384275446
ZLAB,2025-03-31,2025-12-31,5.4041717578603405,40.5099983215332,-86.65965938836453
ZM,2025-04-30,2026-01-30,49.639176212718326,74.51000213623047,-33.37917757409205
ZS,2025-04-30,2026-01-30,26.073096491758932,290.07000732421875,-91.01144694955782
ZVRA,2025-03-31,2025-12-31,6.169405503866452,10.8100004196167,-42.92872095850292
ZYME,2025-03-31,2025-12-31,4.458572837110458,13.510000228881836,-66.9979810394165
