symbol,1y_return,average_volume
LCID,-0.19364163841245752,232983526.9
NVDA,0.5844237043491166,155474439.0
TSLA,0.40280046435103867,100328928.4
WBD,0.6270783474024834,99629064.2
PLUG,-0.2625000372529015,80658831.3
AAL,0.11025882884774202,71995371.3
CAN,-0.25366595881598225,63940832.1
RIOT,0.36500471050512173,56477279.0
AMD,0.2426476111778846,55073357.3
MARA,-0.16088023436603743,52211472.4
BTBT,-0.1549295661137751,50545002.1
AAPL,-0.014612180387749368,45434675.8
HBAN,0.1533163546901574,45058009.2
WULF,0.23188407466348715,44586025.9
GOOGL,0.14146677159192853,43426893.3
SOUN,1.351464284050486,41058374.4
RIVN,-0.15460120380617873,40231651.4
GRAB,0.595166254104077,39504068.1
SMCI,-0.13935194160664394,39322658.1
GPRO,-0.09032257419471046,36816781.8
RXRX,-0.22954819706056367,36016215.8
CIFR,0.10592453457227666,35468413.9
AMZN,0.2706877574452189,34888210.8
IREN,0.7057612621624133,32209157.9
APLD,1.4835679237705326,31583480.8
GOOG,0.1356778674583339,27450433.2
ERIC,0.13581309156870944,25121483.9
BULL,0.4048258138085058,23942111.1
CSX,0.05381559975828291,23528328.9
TTD,-0.04066804074647764,23485147.7
AGNC,0.11232903373430389,22941295.6
MU,0.036349295403073446,22703460.2
CLSK,-0.26151018681009364,22643102.4
AUR,0.4881517824727533,18812440.3
ONDS,0.9801980384996437,18580625.5
CMCSA,-0.14726714643242814,18395008.1
SLDP,1.1428572599940119,17567531.6
JBLU,-0.26475543680817903,16538419.4
MSFT,0.2102016214810788,16258738.5
AVGO,0.9814532486915815,16218000.5
KHC,-0.10975676825981136,15126901.9
CSCO,0.4541073209837362,15049452.8
COIN,0.6203671869314399,14769766.2
MRVL,0.18114246430904538,14664942.2
MVIS,0.16037743912341132,13245835.6
CORZ,0.4377614311977381,13244016.4
LYFT,0.17024788437999744,12362240.9
RR,0.2468354272796569,12108643.3
PEP,-0.1528949147392252,11047942.7
MSTR,1.3966524398621134,10909420.0
ENVX,0.050942114431069045,10880573.8
JD,0.2852072148149963,10790286.9
KDP,-0.008285621114071235,10703877.0
META,0.5462139807916844,10410431.5
LRCX,0.11808098611498304,10158879.0
PARA,0.2000879258530006,9846244.7
BKR,0.23795030750926424,9817625.3
INVZ,1.2400988610865853,9642879.2
TXN,-0.0350610063268385,9568138.5
ON,-0.2505429620123979,9539825.1
CLOV,0.6949152725016629,9440783.0
MBLY,-0.2715930809006859,9408746.6
TEM,0.4132665035224865,9385383.8
PYPL,0.3271123692435463,9343806.4
UAL,0.9766895556668855,9030742.1
PTON,0.7479451911627053,9023997.4
MCHP,-0.1757609281684451,8746066.3
PACB,-0.19999998836982513,8705800.6
SABS,-0.08664260331744393,8483932.6
SBUX,0.27665932508237834,8338915.8
CPRT,-0.09735548443256023,8241241.0
VLY,0.24602306400693807,8142989.1
ATAI,1.107594831175884,7808347.9
FITB,0.04986740802535279,7780877.0
PDD,-0.08488121727803478,7768362.5
RDFN,0.3730061477476786,7720923.1
ECX,-0.06470588895276325,7707289.1
ABCL,0.5232198288671309,7676426.0
VTRS,-0.1851045675218421,7549280.9
BLDP,-0.08928573519295567,7473106.3
VOD,0.2463622895278629,7389536.0
HST,-0.02106264337540587,7370998.3
TSCO,0.11445949637558218,7195265.7
IBKR,1.2185057011517488,7016294.5
QSI,0.6886793004528604,7002554.2
QCOM,-0.07865360487105125,6935422.5
DKNG,0.20555402480685303,6881029.6
FAST,0.3590634330978855,6778671.3
MDLZ,0.06661796708240253,6695454.4
HTZ,0.8315789803903854,6662622.2
MAT,-0.0835495885887699,6293995.7
USAR,0.1329588048425223,6280193.5
DEFT,0.7294117498562827,6210966.4
BIDU,-0.012154679272056285,6024779.9
AMAT,-0.06568235716976166,5970972.4
XP,-0.0326356530418119,5961256.0
WOOF,0.01791050236005932,5930482.6
WDC,0.3764445662267282,5836446.8
MEIP,0.6903408640641563,5801409.4
BPMC,0.17328268090045942,5799946.2
WBA,0.027566299633933467,5684014.9
NWL,-0.269489130150047,5628626.7
FRSH,0.051840688101433684,5591515.2
GT,-0.09290543642681436,5580693.4
CFLT,0.0984540310742633,5441519.0
EBAY,0.4719304846912485,5316326.1
EXC,0.22276512796531803,5149121.2
PHIO,-0.2750716434165287,5112806.3
SEDG,0.009324878962328333,5076602.0
STNE,-0.01640568751171647,5039739.6
GILD,0.5010332917828151,5024068.9
SANA,-0.20650405873703284,4958780.7
ORLY,0.3056368542772907,4895223.2
CZR,-0.19441402772382385,4864561.2
NFLX,0.8734846472191262,4829728.0
TMUS,0.3655101105353213,4809121.1
PRME,-0.2657091514293514,4793734.0
CELH,0.0017064422895636704,4793391.8
ETSY,-0.017535602796536872,4766650.9
VERI,-0.24607327098056445,4708968.7
BTDR,0.47708330642846003,4667586.3
KOPN,0.8921568467038631,4665867.7
ARM,0.162118158088129,4477704.5
ROIV,0.06273408774803568,4436018.6
AZN,-0.06452527666095936,4434952.1
ICCM,0.3956639638624619,4418629.6
FLEX,0.5872367974266802,4416185.2
BYON,-0.2420897663659353,4386348.7
MNST,0.1743709488372986,4362810.3
UROY,0.3183856646072861,4349692.6
HON,0.14106784076739737,4335535.7
CCCS,-0.09683263620173534,4309000.6
PCAR,0.06604136110071063,4305126.6
NDAQ,0.4186874121795246,4264887.9
LKQ,-0.19227676495225676,4191000.7
CRSP,0.08974358974358974,4142622.2
METC,0.6595578186881895,4126483.3
DGXX,1.4671533596179664,4113099.6
PGY,1.190979638615894,4109538.8
LI,0.5132192404698821,4058837.2
HUT,0.37086986030311025,4052461.5
ONB,0.11054732584738829,3965310.3
DDOG,0.27857875350753525,3913364.8
EVGO,-0.052770461661411396,3896007.7
ADI,0.032254755301845114,3889269.9
GEHC,-0.05089943706185352,3866119.7
TRI,0.25528069937612397,3815708.4
RELY,0.26637225101100703,3785874.8
SHLS,-0.11398176423953169,3777665.9
ZM,0.2498342137113324,3775951.9
PANW,0.2699497084408593,3718765.5
EXE,0.31389108289077605,3700780.2
OKTA,0.03831044096732914,3685993.6
MTCH,0.04735338806491579,3684425.5
GOGL,-0.2564831770173662,3639598.6
DYNX,0.13775504097150218,3623060.5
MQ,0.08458642758363047,3616203.1
PSNY,0.44946817912401144,3614854.4
PCT,0.9501312178283534,3601064.9
PENN,-0.03924568933880625,3590101.5
ASML,-0.1551291854908752,3556202.9
GOSS,0.9411765255867551,3481987.6
DLTR,0.11268558590831533,3468616.6
LAWR,-0.20454546378171154,3464805.0
GNTX,-0.09183180874054095,3462953.5
GTLB,-0.08492524975372583,3416697.1
NB,0.6666667108182566,3389271.5
SFNC,-0.030620539035992662,3330438.2
POET,1.010273880886081,3327254.5
SABR,-0.10451974280965927,3324683.5
STX,0.49607472858029245,3230845.1
PGEN,-0.02469133440449993,3227702.2
RUM,0.4254317247776719,3225328.1
NXPI,-0.09011518904496409,3223756.9
CSGP,0.18492193838714466,3193086.7
HNST,0.30458223795741984,3189051.0
BILI,0.5092530675315499,3153688.4
CTSH,0.02720360212526388,3151673.5
CART,0.3666087287466678,3140948.3
TER,-0.28426491498464146,3117051.0
ANSS,0.20882305285363587,3116089.1
UNIT,0.6147308372416308,3086770.2
ARDX,-0.23021578168061943,3073423.8
SNPS,0.08238965470190962,3071789.1
ULCC,0.16795868594025268,3063543.1
SAGE,-0.18778914041129033,3056830.7
ARCC,0.18884200427815137,3053791.1
FTNT,0.8274960510338567,3052093.1
LULU,-0.16384203621746027,3045559.6
SLS,0.4590163357762117,3038052.7
TXG,-0.27917278541181595,3032084.9
BCRX,0.09840428854152063,3028983.4
DBX,0.1679135912386898,3023906.2
ABNB,0.013329606283197439,2997483.7
XEL,0.2751364406338115,2980223.3
BMBL,-0.13238517172136643,2943483.2
TSHA,0.1659389173672425,2936040.6
PPTA,1.4620155944237405,2934932.1
GTM,0.012378371746619453,2932582.8
LWLG,-0.22873898878502805,2923577.4
GEN,0.19243048570247734,2922317.3
AEP,0.1538965968617343,2863502.7
COLB,-0.006000964471045065,2856105.8
HAS,0.23132985809865383,2844879.0
ACGL,-0.06229673338458377,2844108.3
ROKU,0.5899830067870522,2839846.0
BZ,0.4411336914140065,2817809.1
EVLV,0.9684362525140846,2769367.1
MLCO,0.5326460160133711,2754838.2
IRDM,-0.09412747321379887,2751026.7
REAL,0.5960452418790186,2739774.4
NWSA,0.06867460823819078,2738688.9
ALHC,0.38551391066500845,2732260.3
TRIP,0.008903720285242566,2699466.5
OPK,-0.0559440046436605,2696496.2
ADMA,0.4563107200634795,2683797.6
RNA,-0.2556536475094866,2681231.1
COGT,0.2875399052764797,2681187.9
MGNI,0.6307053846126958,2653072.7
QFIN,0.8353115500221633,2651838.9
FSLR,-0.16705985973267765,2648302.0
LQDA,0.7071490336716043,2639991.0
DASH,1.3251250816908131,2636455.6
CHTR,-0.20958766008061894,2634814.0
NEXT,0.47157631526354554,2632830.1
TTMI,1.1372093378111374,2629984.4
EXEL,0.9208134235083065,2618550.0
SYM,0.48975583047498705,2610527.8
GEVO,1.491525582971336,2604328.3
MXL,0.2156862174743048,2593611.2
PEGA,0.8238461155484252,2590935.2
DXCM,0.32676340138471016,2584098.1
INDV,0.3105828376213695,2576618.9
PTLO,0.02713572491853273,2566352.5
FOXA,0.5095943728641195,2556742.6
TCOM,0.4808216309464313,2549627.9
CHX,-0.22829651986522093,2539774.2
RPRX,0.32957955697546854,2529953.9
VSTM,1.1970802773625997,2515560.9
PAA,0.08616904716132338,2512092.1
EA,0.033323505808129636,2508591.4
LBRDK,0.08437888646378755,2488076.9
AREC,0.9674797063148358,2479221.5
ENVXW,0.09655171109720062,2459968.2
CG,0.36348234227957676,2456122.6
ENTG,-0.2771003500408551,2438811.2
ROST,0.003180273585923966,2436586.7
FULT,-0.01598743736929046,2429469.1
CRWD,0.8244271748771267,2416788.1
CHYM,-0.09916465224064891,2414443.4
VCYT,0.08640901918305685,2405063.8
COO,-0.21271997428364345,2404261.0
LFST,-0.2459312987189809,2393718.5
SFIX,0.09109732177445819,2380816.6
CEG,0.9160145943689846,2364467.5
ALGM,0.4471578497635691,2351432.6
SLM,0.4806967026311356,2316424.3
ISRG,0.1133525856056717,2311049.7
LITE,1.068918914042571,2296337.6
CME,0.4401600626064254,2271286.0
RYAAY,0.6038990826807132,2261860.3
UPWK,0.11826083971106488,2258720.6
TECH,-0.2619103722434042,2253613.5
PAYO,0.23076918374387032,2230244.3
ILMN,-0.09608424267650914,2227743.9
Z,0.6650386795092222,2223263.8
CEPO,0.10945267730537002,2203675.4
PSEC,-0.29903189105807954,2197369.9
PNFP,-0.033335843878963226,2194258.1
TRVI,1.425396709581505,2188635.9
ALKS,-0.06339543169509256,2175295.4
MDB,-0.02822945807242498,2168889.3
INSM,0.36467279146621084,2156901.5
INTR,0.005894461482700077,2134216.5
CRBU,-0.02966098998066082,2118274.5
EVRG,0.24589129044442803,2107385.5
DOCU,0.44145595714187313,2102764.8
SSRM,1.2444852775214146,2102706.3
COST,0.14949755981878757,2076216.4
SBRA,0.17068135974519136,2066125.9
WDAY,0.048034113365820204,2042769.4
GTX,0.5142018824790405,2026917.2
EXAS,0.05443370209576414,2026480.2
GLPI,-0.025705846053995455,2020822.5
BGC,0.05828081496894237,2020059.4
VSAT,-0.23911934796610526,2004940.8
BBIO,0.7598020074862162,1984667.9
SATS,0.5165563795470421,1963403.3
CTLP,0.43152458027855667,1927908.1
OCUL,0.47858014821289374,1924275.3
DTST,-0.07450982775426056,1918451.6
BTSG,0.6403684505736598,1914116.1
AEHR,0.12783165128648294,1909070.4
CRDF,0.621739172349581,1905987.0
MIST,0.047297251581536734,1905530.7
WVE,0.2565284205190859,1904315.0
TRMB,0.5467272671786222,1901862.1
TPG,0.21653631510783203,1900562.9
SONO,-0.17041337113636554,1888348.7
EBC,0.0016410916939688133,1887205.1
NXT,0.39526455144637485,1873349.2
GH,0.2548186504967324,1848375.3
TTWO,0.5003318558869614,1848258.0
AMGN,-0.06466237715172482,1839518.0
EYE,0.7510729859666615,1830213.0
TROW,-0.015105843836479138,1829365.3
HSIC,-0.014131833202458316,1825247.8
NTNX,0.48530296485360097,1820038.6
HLMN,-0.18511059120614382,1812799.3
UNHG,-0.027850107319388306,1810671.2
LNT,0.18125700841023348,1809170.2
SNDK,0.16361109415690103,1801213.5
FANG,-0.21701256060734142,1783703.3
NTRS,0.5096219236854158,1775627.4
TEAM,0.13304141141486595,1775556.7
ZION,0.10408987378540766,1766529.9
WMG,0.07006862118568724,1765660.5
SLDB,-0.2610526335866828,1764221.3
URBN,0.6768069855298281,1755224.2
LSCC,-0.022379904707528073,1750653.3
PAYX,0.1958674538064406,1745606.0
HTHT,0.1411096527710875,1732979.2
TALK,0.2799999713897705,1730543.7
OMER,-0.2286245339980455,1729836.2
EXLS,0.22376815132472827,1722927.5
VRAR,0.90687362474013,1710914.1
AVAV,0.5451328250845267,1708362.1
SMTC,0.7112164455036138,1686742.2
CLBT,0.05429198568634919,1665171.5
HOLX,-0.17516319757851984,1651246.6
CENX,0.5153949146943406,1649796.4
CTAS,0.1612733493724963,1648479.9
VBTX,0.3466602452901919,1645773.7
ACVA,-0.1514974030155819,1644341.5
TNXP,-0.17017545198139392,1644188.2
CDNS,0.288400021205035,1633316.6
EH,0.4827856931835642,1627928.7
NTAP,-0.12739092595184945,1627436.0
GSM,-0.12960083109673604,1626615.3
SGRY,-0.27868852157492674,1609404.6
CERT,-0.28626695477345654,1600629.7
VCTR,0.37758114173964147,1599304.7
WYNN,0.36403641350847116,1596147.2
SNY,-0.008013283302477029,1586736.3
UDMY,-0.17040358384817847,1582883.7
VIAV,0.28987334903435347,1582821.0
TTEK,-0.11001469821387912,1582300.2
CGNX,-0.29394055893827503,1566882.3
ADPT,1.3896395315182377,1566654.3
CLNE,-0.1496062526493561,1566502.9
AUPH,0.5651409528163741,1560016.0
TGTX,0.8167593462251875,1556001.3
WSC,-0.231532141466941,1553105.6
LEGN,-0.26374605294201586,1548309.1
VRNS,0.12208698626575293,1537704.3
ACAD,0.20640004475911458,1535659.8
LZ,0.38380801149327665,1533936.9
GFS,-0.20979019683556482,1521991.4
RVMD,-0.18858885437126774,1521123.0
SAIL,-0.06772726232355292,1511449.5
WAY,0.5670863689342195,1493477.7
BTCT,0.5076923001682502,1491520.2
LIN,0.05193822256791467,1476001.5
ADSK,0.255132323037708,1474112.8
ASO,0.040166644153389455,1464670.2
CAKE,0.7635814102510433,1454441.2
CCEP,0.36711159148932915,1449299.1
ODFL,-0.17973475931690444,1448095.4
NTRA,0.3298641655995537,1444634.4
MIRA,-0.24890827193794537,1437292.1
INTU,0.2632564590570825,1436945.6
ADTN,0.5015527935363984,1436071.3
MMYT,0.10092138274898374,1434603.7
STGW,-0.1835820976252228,1432517.5
AVXL,0.6434658746473674,1427096.8
ZS,0.5955838712867401,1414389.9
IONS,-0.18053350331413204,1413026.1
PRCT,-0.13297534212262888,1410258.9
ARQT,0.5632184446398519,1396126.7
XERS,1.0119048452521495,1388827.0
JBHT,-0.12046519927505593,1387925.2
NN,0.9129353466932351,1386449.5
IMUX,-0.26779659290965785,1382256.2
EXPE,0.46555397027172635,1374115.6
INCY,0.022889742062159046,1373904.0
SPRY,0.6742701019709298,1368630.3
ORGN,-0.1941501529128842,1367089.0
STLD,0.013393967697690719,1360807.8
MAR,0.16810523057156723,1360354.1
SSNC,0.17091928073818158,1350290.4
CALM,0.5896270498937938,1340741.3
LAUR,0.5377169927451994,1337947.4
NWBI,-0.041816497573759034,1329233.3
NCNO,-0.08194735740795298,1326670.2
VUZI,0.7680000305175781,1321471.3
ATEC,0.11899995803833008,1319118.5
MNMD,0.06373625268050591,1315590.5
GLBE,0.019140210347535106,1294578.3
GGAL,0.8964096735256376,1293108.7
PINC,0.054854624295022664,1292469.7
VNOM,-0.03276057827076154,1292073.0
OLPX,-0.2575757502779744,1289780.3
PAGP,0.0930622466837144,1288974.8
XRPI,0.2693474533291472,1285414.5
GRFS,0.30869002628603476,1284477.0
PPBI,-0.10234248220065767,1278380.2
OPCH,-0.035945554830623054,1276154.9
TIGO,0.7804769820239191,1271024.7
AKAM,-0.18094945196848491,1268631.5
NMRK,0.0748767007571462,1267716.3
RMBS,0.15063578285675241,1267676.9
AISP,0.521008383719016,1266097.6
OZK,0.14871019395088583,1264715.4
CRON,-0.13807537558156924,1260314.8
AAON,-0.046494907602192735,1260127.9
ALDX,0.35025383106579516,1248431.2
COOP,0.7308407697756206,1246290.8
AVPT,0.6806953637992569,1245618.6
FIVE,0.9806729779611058,1241784.1
AXGN,0.45791245719168916,1236922.8
GOGO,0.7846995196191139,1233311.6
SMPL,-0.07016531939322758,1231281.8
REYN,-0.19275145390570977,1228174.6
FLYE,0.15126045285102527,1226789.4
CPRX,0.1899313376297417,1224104.5
SBLK,-0.11416998496402346,1220246.2
RZLT,0.3991228496709144,1220188.0
PRPL,-0.29078012505477496,1213884.7
PPC,0.3039870628121931,1213595.7
TVTX,0.5112855988901813,1205299.6
KALV,-0.06284529531632614,1203834.9
AQST,0.04712043714733788,1199232.9
QURE,0.9192824947729665,1197147.7
DRS,0.7136861478118213,1194758.7
AIOT,-0.004444440205891927,1194550.0
ETNB,0.036413048379588094,1189085.1
AVDX,-0.21434266877888428,1187591.1
ADP,0.22741547168821055,1187040.6
TBBK,0.26941367694425816,1180988.8
SSB,0.00947490844830943,1179477.0
HOPE,-0.16079349178369334,1177347.8
ZVRA,0.8510274207486865,1169218.5
BSY,0.21571583086230936,1164701.9
MOMO,0.3201467101544665,1149413.9
SFM,0.8851878006112888,1147818.6
GLBKV,0.09903536610697944,1145510.4
NATL,-0.13911418592567149,1140448.8
GLIBK,0.08360129741409526,1139264.7
SLNO,0.8211919995508095,1137433.5
SEIC,0.33821977554991167,1134841.3
ANGO,0.19060053097001378,1131695.3
HLIT,-0.2221276303555103,1129342.9
CARL,0.0,1118356.25
GRAL,1.4786270400153478,1112790.3
ATAT,1.19588026107678,1112635.1
GBDC,0.09782701846687625,1110651.4
CGON,-0.174593020321573,1109198.8
EWBC,0.22577424529226017,1108206.7
DARE,-0.29558010140034696,1105604.5
ETOR,0.22115384615384615,1104091.9
EXPD,-0.061182152554812824,1101595.8
CELU,0.0894039677588606,1098069.2
CHRW,0.16569025572108464,1094186.0
MEDP,0.1761421947968957,1094124.1
DLO,0.47788077807254986,1093555.1
SHC,-0.09765050916896245,1092498.0
ODD,0.7056331537135727,1091476.2
VRTX,-0.0749172092371316,1090443.8
SDGR,0.006292107399929775,1087601.2
NVEE,-0.11997641237324855,1081905.0
DHC,0.012032434174020442,1076940.9
CVBF,0.06006170677565352,1074403.6
CROX,-0.2027771204518564,1073597.5
LPSN,-0.2727272727272727,1072589.0
HALO,0.040742712669883656,1070896.8
GSRT,0.08906883646232779,1069168.8
CHA,-0.2851417535213926,1066303.7
MOBX,-0.18918919914091983,1065834.9
PFG,0.023647631865741574,1062680.0
PENG,0.08905296248024916,1062572.9
EXPI,-0.2029338470203677,1061337.4
AMPL,0.5251461603455536,1060625.0
BHF,-0.007946275260709831,1060478.3
TERN,-0.2857143020695305,1058620.8
HCSG,0.14619373002058567,1054435.7
UBSI,-0.005727909758064591,1053991.3
OS,-0.10915622527423872,1048735.9
MNY,0.24390242661414285,1047221.5
FTAI,0.026354037020454493,1043562.5
DVAX,-0.024200496141451748,1042976.7
ONCY,0.03809531702746968,1037295.7
HWC,0.12696074785421177,1032337.7
VTYX,0.3333333333333333,1027889.7
TBLA,-0.04057973999106725,1025607.7
TMDX,-0.24287771321029114,1025142.1
CBSH,0.01787308166194436,1024892.5
STOK,-0.13445944226162573,1020055.7
AHCO,-0.15655230878515228,1017363.9
RGEN,-0.1329710034356601,1016450.7
CADL,0.11183145035468338,1010508.8
GMAB,-0.1892555995885806,1001524.5
VMEO,0.0661376297118497,999619.5
EXTR,0.2843839725057608,998162.4
ORGO,0.6405229002607801,988673.9
FOX,0.4936346798069345,981289.9
STIM,1.3789473882342311,976485.0
EOLS,-0.24979791278698407,974179.2
NAVI,-0.08733136375409628,973090.0
MRX,0.7589585383267264,967149.3
PLAY,-0.12185790356319838,965493.0
WB,0.4782087708590315,962736.4
ASTL,-0.2637916773263184,960500.7
RNW,0.351590159293944,957466.1
PWP,0.11563244732856554,955754.8
OLLI,0.40818595892201237,953484.5
HIMX,0.39165631032048825,953375.5
KLAC,0.19677544808192096,948419.1
GRPN,0.925817733907276,947969.5
DPZ,0.1245345405530164,945945.4
SIGI,-0.10326791536016522,943221.1
ALKT,-0.14190011649695097,939812.2
TW,0.28693856245139704,938641.8
REG,0.09810027332045478,937763.8
FA,0.060747602640028854,937589.7
ZLAB,1.0590738021059403,937000.1
MKSI,-0.16435201914752254,936601.0
MMSI,-0.013778611788715303,935225.6
ACMR,0.7418299825222047,933103.1
PRGS,-0.1507424052904985,932363.9
TENB,-0.23133981649130614,926772.0
AGEN,-0.021571628878728773,924002.9
SPWR,0.22142861947721446,923364.2
MDXG,-0.10892387613797941,922773.9
AMSC,0.786122380470743,919872.1
FWONK,0.2660232625734206,916893.7
REAX,-0.28472227051302046,916211.1
DUOL,1.0038252936881398,914535.8
PZZA,0.0719825966851878,913306.1
TDIC,-0.06164382965112722,906878.25
PAYS,0.5038910933588735,905805.7
FHB,0.03840668673226487,905009.3
KIRK,-0.07262569720786531,904615.5
OTEX,0.0027972685196797843,902554.7
LFMD,0.6127596817048189,899327.9
PTC,0.1511116047558654,898161.7
AKRO,0.8223538432368398,896972.8
LUCD,0.31167277034508867,896915.4
MTSR,0.48792453981795403,893716.8
CAR,1.0444532226811198,892595.0
PGNY,-0.20055133022119592,884208.6
CNTA,0.4272300801605826,884036.1
PRVA,-0.03146506316849803,883472.3
CHDN,-0.23052592218358195,881444.7
MIMI,1.1265205564956298,880275.0
ALNY,0.37459797791983207,877662.5
CUE,0.26785156767121526,873159.3
VRRM,-0.16744188875924693,871626.2
QMCO,0.009756088483765963,870614.0
SAIA,-0.16307185692288206,870385.2
INMD,-0.1926707508567448,869814.0
VRSK,0.04357148103187204,862593.6
BLDE,0.2763156940769018,857300.5
PSNL,1.0465889720978072,855933.9
XENE,-0.293889674364365,852112.3
AMTX,-0.0383481151675636,844071.4
INVA,-0.017488071490698517,841394.6
ACB,-0.20200327337974866,841094.7
RGLD,0.1328841869848443,840922.8
PTCT,0.36346862018577764,835270.9
CRNT,-0.13284137581066716,834380.2
ALGN,-0.07487945958979367,832593.0
CBRL,0.4389482980876974,827322.9
CVAC,0.4768392271444289,827006.1
CSIQ,-0.27251325349112726,825349.0
PECO,0.0302908073196986,824035.2
VIRT,0.5986401010017979,818424.8
WERN,-0.2589361894490443,804705.6
TVGN,0.6119403224077429,804666.9
UCB,0.052458752036121784,802424.6
SNBR,-0.16512057301142313,801849.3
MRUS,0.18757915773168968,799682.9
VITL,-0.014394317862294193,791467.5
GLNG,0.2003946136227091,787992.4
LOOP,-0.0869565668088043,787005.1
CDXS,-0.15555554378179826,785310.1
GDYN,-0.18931656984087647,780892.4
TSEM,0.14545021036411454,778775.5
SNCY,-0.028938880130263942,773042.5
INTA,0.12213739108405001,769193.0
HYPR,-0.05982900496613692,768205.9
SPTN,0.33460768044536504,767732.0
NBIX,-0.07944917925048407,765774.3
NESR,-0.280000001956255,765560.4
VERX,-0.13871948678366364,761842.6
NTCT,0.07924716885325273,757311.2
APPN,-0.18888887655447656,753171.1
TXRH,0.10346932047004188,752394.0
FROG,0.12266384947420139,751618.0
BYRN,1.4767933202555203,746655.1
NAMS,0.35768116384312726,745405.5
CDW,-0.20414566435620096,738164.5
CARG,0.33757951240365025,736588.4
SUPN,0.09218697877599222,735122.8
MIDD,0.12677433537167893,734492.8
NIU,0.8366336995930597,733917.8
HQY,0.2028639794254561,729823.0
MLYS,0.06001562450058462,727933.5
ARAY,-0.2362637661344365,726363.6
RDNT,-0.05150072702610036,726270.8
TTAN,0.16782175196279395,724481.0
FNGR,0.03465343262562358,722707.7
ACIW,0.03174968443658382,720319.2
IOBT,0.8181818181818182,719806.5
COKE,0.05273687322783659,719529.9
LIF,1.3523778769714225,719138.3
TRIN,0.1699168867824382,717963.9
TCBI,0.31448551684885484,712750.9
IAS,-0.19896516917670815,710690.2
MRCY,0.5039907516432123,707140.5
PRDO,0.1679519377307238,705794.8
OSS,1.428571443776695,705431.4
ACRS,0.26315781454064674,705180.1
CFFN,0.028144247141507383,704972.5
LPLA,0.794179187677221,703453.3
POOL,-0.11643936266419157,703380.4
STKL,0.23076929425347015,703235.1
AIRS,0.3576017235569805,702082.6
DCTH,0.3897685498656086,701476.9
MANH,-0.13451091582728616,701435.0
WTW,0.12197642570013528,698585.7
CORT,0.8929647915857362,692390.5
IAC,-0.04995245220402115,691892.1
VYNE,-0.2328042017679684,691036.9
PLL,-0.2313026227223882,689651.6
SANM,0.31196641437892547,689618.9
WSBC,0.04802345579233315,688246.5
APGE,-0.19911148059785055,687674.1
AGIO,-0.21568626347067477,684673.8
SBAC,0.06087225567982211,682970.0
SMLR,0.1930090632101105,682044.2
BRKL,0.08981364122289108,679896.0
CCCM,0.022682399847035913,677237.7
ABEO,0.3293172410048931,673796.1
WAFD,-0.13040715192862437,672645.5
SSP,-0.10372343241844642,670339.1
PTGX,0.4496262904090297,669427.3
NWS,0.18885100816682307,668270.3
EXFY,0.1842105411756734,663175.3
CLMT,0.32780408124401317,662583.1
RRR,-0.01719059343531233,660237.2
CMPO,1.0816890797239012,655579.4
SBCF,0.07502602372077329,653809.6
NVX,-0.22493228977070595,653747.9
DOMO,0.9210526465889316,652061.6
OSUR,-0.22811064819087548,652001.5
CCOI,-0.24582384344525887,648097.5
ABUS,-0.11375663227825543,646009.4
RBBN,0.17125380613025937,644948.4
WING,-0.2095804380957032,644687.6
DOX,0.022037581534103002,643858.2
JAZZ,0.05638555805268134,643645.2
HRMY,0.05736246730380308,640852.8
AXSM,0.19270525809144579,639983.8
GCT,-0.18700038173490627,637620.9
RDZN,-0.1783440007927038,637189.9
CHKP,0.19043463543001543,636894.1
HEPS,-0.2044728694901316,636365.1
AVT,0.044404536500186984,632154.5
ROP,0.030493055788388145,631393.3
FWRG,0.10661527809560116,629776.9
EGBN,-0.21042414931195866,628822.8
BUSE,-0.12675477453878248,628494.6
COCO,0.5746568101653509,627122.7
VFF,0.32432433303208824,626008.9
NYMT,0.18098366265384713,623055.6
VRSN,0.6437953909114726,618963.4
AXON,1.3828154628716627,617704.0
ELDN,0.13333337794967712,617380.2
BNTX,0.3022745655314863,616641.1
OCSL,-0.122200842569678,615656.8
SKYT,0.40456985603427487,612962.6
LIVN,-0.16886597201096334,609764.1
HNRG,1.1536491444375174,605688.9
FFIN,-0.02764088696680981,605643.8
ANGI,-0.2511210163996065,605526.1
RYTM,0.7578990019409247,603535.3
CAI,-0.0335714476449149,601875.8
OGI,-0.08074533793574974,600338.8
FIBK,0.010059373676522168,598731.8
VCEL,-0.19483292285323056,597630.6
MRTN,-0.29047206898531497,597434.1
NTES,0.48734113117691025,596360.8
SFD,0.22999079691041255,595817.6
CNXC,-0.0959299519596312,594899.5
VRDN,-0.0017351466198342184,591145.9
XMTR,1.1791639560461813,590811.7
UPBD,-0.2798285921393442,590698.5
WIX,-0.035256410256410256,585259.2
STEP,0.2378694883148768,584601.8
VICR,0.14211183157026397,584265.5
FWRD,0.339559993912953,583611.2
VFS,-0.125,570828.7
ENSG,0.01393718556269849,569632.6
GIII,-0.09777775517216435,568788.3
EYPT,0.059134049646450686,567648.7
GSAT,0.3893556698634969,567480.1
LTRN,-0.13015181936126372,566728.8
EZPW,0.31521744764144183,562161.1
AMBA,0.3260704714381944,561991.6
MAPS,-0.14477873331584226,561523.3
PCRX,0.08300582397083743,560704.8
SSYS,0.30023359449079307,558454.9
ULTA,0.41640991865863497,556513.9
CHRD,-0.2948845879348176,555020.8
PCH,-0.02387021831121749,554562.0
KYMR,0.012832295626105118,548503.1
CINF,0.1910800694607035,545324.5
EQIX,0.04307630204944867,542899.1
IDXX,0.19861200970611748,541394.6
MDAI,0.6176470134497527,541230.7
ATRC,0.512750574028581,541104.9
TARS,0.7159884969551801,540755.2
BWIN,-0.06830405073556287,540122.3
HTBK,-0.02444724461342701,539309.8
BWEN,-0.10543135784631706,537544.8
HUBG,-0.21348374136554724,537475.8
OXSQ,-0.08746081355417527,536317.3
NUVL,0.03564205759517674,536021.4
ROAD,0.6594638611814604,535957.4
LOGI,0.08803693990766077,535499.1
KMTS,-0.24450549978385128,535384.4
KNSA,0.03443005152614162,531293.9
LASR,0.5826513690650066,530631.3
DTCK,-0.20876104940887488,529646.4
GILT,0.671772336872397,528213.5
BJRI,0.19527561458077017,527553.6
NOTV,0.10256412450927038,526714.7
OMCL,0.022927675830125546,525787.4
ORIC,0.004492380073742245,525391.6
GHRS,0.22285710548867985,523041.2
WTFC,0.23960543278279336,522546.3
ISSC,1.4733441483183864,521069.5
DMAC,0.34933331807454426,520468.7
VC,0.034287234201053354,516533.0
CCIR,0.05829145073610719,515076.3
EWTX,-0.20909596861835078,512693.1
HRZN,-0.22618369183442158,512639.0
WWD,0.41937006016279343,511719.7
NMIH,-0.04011165374053395,510427.1
OPRT,0.9808305375645596,508990.7
IINN,0.185840742507195,508572.5
BASE,0.2277777981142679,507558.1
MASI,0.5004163028075664,505686.5
VTGN,-0.11634344877570074,505404.0
EMBC,-0.24577422794705117,504863.9
CRCT,-0.07389549261929135,503450.4
OPRA,0.478362803080834,501937.1
ITRI,0.31272272607233664,500006.2
MEOH,-0.27246568858667797,498712.5
ANAB,-0.28135134722735433,498691.0
FTDR,0.4798887378321479,498549.7
CATY,0.09524189312548402,497433.8
PLAB,-0.16190475397549722,497174.6
MBAV,0.06406409989848476,496781.3
CSWC,0.006673897681693432,496487.6
COLM,-0.22368142474685915,495190.4
PAX,0.10724846083668406,493550.4
CYBR,0.4815631092150211,492691.9
NICE,-0.05307916378917666,492108.8
FEIM,1.1563311677650936,491403.0
PODD,0.5235885222535472,489849.5
SKYW,0.49440485192241534,488529.5
ILPT,0.10402612926363723,484568.5
GLPG,0.18589516701303613,482646.1
ZG,0.646481509272367,480189.0
NEXN,0.655639108419216,478652.4
AEBI,-0.12075137250620144,478567.9
BPOP,0.16094301936506325,478489.4
PI,-0.22865708196009368,478437.4
UMBF,0.12791278665021064,478324.9
HYMC,0.34496129117156304,477277.8
DRVN,0.33151326842198287,476854.2
BLFS,-0.06596637584674661,476423.5
JKHY,0.04385948421260371,474618.6
MPWR,-0.09984619785093578,473780.6
CRVS,0.6258742188560926,473162.2
ENTX,0.30379739672571326,472302.0
BL,0.17213805190187784,472289.5
ATXG,-0.18561152436522124,471735.3
GLUE,0.21444200924771897,470487.7
CRSR,0.13189441338967864,466113.0
ONC,0.8299366552628694,465652.9
HROW,0.44168735195961534,462095.9
CYRX,-0.1565600493092748,461547.8
ALVO,-0.1693480041438399,461438.7
ADEA,0.1726430265457443,460795.9
CWST,0.05820311519200928,459385.3
CGBD,-0.10704196456113693,459373.5
PRAX,-0.02265537639519675,456882.8
RTAC,0.04137326419306264,455517.2
LNW,-0.05547587644628286,454626.4
GSIT,0.557823072981872,453928.6
AVIR,-0.005249338904693767,452238.9
ACLX,0.13671494480483062,450781.1
LSTR,-0.24569958963289804,448042.7
FFBC,-0.04267901829204254,447058.2
MGTX,0.6727641086614948,446154.5
INDB,0.09872647717861993,445250.0
GSHD,0.013722311466362914,444508.9
GCMG,0.11518303937589555,444500.0
FULC,-0.07354689679140078,444415.6
GTEN,0.010721213861925438,444016.2
NCMI,-0.1272205331067833,443682.8
PCTY,0.258428494153031,442174.1
PRTH,0.3643263915071954,441213.8
TCPC,-0.19996382630389023,440607.6
CUPR,0.8746988026561783,440511.0
MDGL,0.07087990479324505,440270.5
STRL,1.3246317819625475,439816.4
MESO,1.346097259892826,438642.3
GOOD,-0.03240119093848269,438148.8
MTSI,0.4022503571152918,437180.0
MLTX,0.2629260345873542,436532.8
BZUN,0.1164658476876797,435566.9
BLBD,-0.10637476484287528,433145.9
NWE,0.03508992869263362,431087.1
SNAL,0.5301204897146439,430960.3
BRKU,-0.009542591310601518,430843.7
FRME,0.02999785344904041,428540.5
ATRO,0.5416666809091149,427992.1
CVLT,0.3265421812018402,426782.5
SLAB,0.1367885750357831,426516.8
TACO,0.027184439590890393,425471.6
SKWD,0.32039340744482014,423100.1
SWIM,0.9655172744536276,423079.6
ASND,0.2227933233676676,422407.1
TRUP,0.3807403336761217,420409.5
ZYME,0.2698112786558879,419689.7
OMDA,-0.19217391636060632,419449.2
KLIC,-0.22149271934378797,416251.6
VNDA,-0.21666669845581055,412622.0
NEOV,0.7703181498043788,412510.6
FMFC,0.6477272370137467,412355.0
IRON,0.3573710624480398,408158.0
FFIV,0.6984628138001525,403727.9
CRUS,-0.20525353928502976,401852.7
DH,-0.2948073390113432,400664.7
LOCO,-0.09592530900303387,397104.8
ELVN,-0.22176202967176728,395493.5
NTGR,0.6030150964487013,394204.7
OSW,0.3653228898110409,394120.5
BVS,-0.11156458577739412,394014.8
ABCB,0.10192324845738068,392093.6
HLNE,0.10714214837369081,392021.1
MCHPP,0.2856400866329926,391868.1
DSGX,0.05931954668938306,390105.8
TREE,-0.08190474737258184,389992.3
TRMK,0.13789411340279775,388046.7
CENTA,0.05309732023718189,386500.5
RUSHA,0.10383076401395717,386364.9
ATOM,0.6477986355709866,385527.1
INBS,0.0851063883752509,384019.7
POWI,-0.27263449342911755,383343.6
CSTL,-0.2587381109976437,382762.0
CHEF,0.5280350952144521,379468.4
IHRT,0.22981366551606255,379168.0
CVRX,-0.09061489871711778,378817.0
SCPH,0.08853120237324838,378163.7
PMVP,-0.09580836570841193,378075.4
GAMB,0.15126045285102527,377874.0
ALGT,-0.005622351788144827,376941.9
SLDE,-0.033580261983989196,375453.1
GLDD,0.24130438185369205,372956.1
CLPT,0.5671428952898298,370317.1
UTHR,-0.11074648964098084,369718.4
EVER,-0.02173910950957669,363137.4
KRNY,-0.043891665738776994,362873.6
CAEP,0.010476157778785342,362773.4
CAMT,-0.034923439239588065,362301.6
ERII,-0.04920305080605635,361927.9
SKYX,-0.12295079724630456,361566.8
METCB,0.30736901481469986,361051.9
TKNO,0.38172038358985444,359555.7
SBGI,0.012717821901223053,358748.8
ROOT,0.7706531790434428,356593.5
SCHL,-0.13109562370080702,355522.8
ARGX,0.19264606151703034,355128.0
WEST,-0.2924901256541315,354282.4
CLLS,0.28959269476855704,354002.0
KLTR,0.4538461961689801,353409.7
FBNC,0.26074745147634615,353148.1
MNDY,0.21575007480823166,352939.5
SYNA,-0.2281420095812136,352398.0
AVAH,-0.10227273589323356,352297.3
ANIP,0.046749587246505464,351070.7
ZBRA,-0.0011936909512542952,349964.5
PLBY,1.1985815362991223,346311.8
WW,0.554074040165654,345416.5
DXPE,1.1251188783411876,344945.7
EEFT,0.04347393130471622,344197.3
ARCB,-0.2917027436416999,343493.8
LE,-0.28072151107600807,341109.6
TRS,0.16028178155138734,340823.5
FFIC,-0.18199121846679847,339474.7
APPX,0.5973365330821025,338885.4
BZFD,-0.1597222291209077,337512.9
OCCI,0.022807096732673914,336484.2
PBYI,-0.07479224065721107,336440.8
API,0.5823293341888315,335675.2
OSPN,0.05883009567564868,335423.0
ACDC,0.018797004387081106,334745.1
RMNI,0.5463258708066896,334699.7
PN,0.01736965041685386,334232.4
NVMI,0.33642863421035885,333944.9
LAMR,0.09461391509426059,333441.6
CDZI,-0.1403508796390538,332754.7
AIP,0.09628769544377111,330436.6
LLYVK,1.2076783631381325,329751.8
SPWH,0.31297717842701245,329533.5
EHTH,-0.2645403128695935,329394.0
CNTB,0.6313725196870639,329154.2
MKTX,-0.057234094697888586,329058.7
IRTC,0.5480411096621454,327583.5
DNTH,-0.2279972205317947,327211.2
AGYS,0.06964723441531624,327209.2
NMTC,0.1359999974568685,325940.4
TLSA,0.9306931347487528,325589.0
APEI,0.45194276042696135,325524.5
NDSN,-0.09260901711587732,325408.1
DYAI,-0.2237761853009272,325222.4
PLMR,0.46795091231730856,324553.8
WSFS,0.01857715164611215,323980.3
DCOM,0.21864847749028024,323117.3
RFIL,1.0532685973991247,323091.5
CNOB,0.049607648626913074,320783.4
PNTG,-0.24756970660701597,320353.8
MFIC,0.011833272652758645,319801.3
TILE,0.2289113598483395,319569.6
POWL,0.7695577927251629,319157.5
SIGA,-0.21242847487515917,318257.0
MORN,-0.12169185186478101,315647.9
INTZ,0.6034483343327388,314362.7
AEIS,0.2931458479589071,312457.0
BHFAN,-0.22181683229009577,312239.1
CGEN,-0.11695908960355592,312069.7
UFPI,-0.16942325780448034,312046.9
NXST,0.0965004244862362,311789.3
AMED,-0.01223113791435015,311756.5
SHEN,-0.2613859149750835,311284.1
FCFS,0.11418961034823899,311091.5
IIIV,0.16425120364908655,310919.0
BOKF,0.02766480061370923,310405.7
LGO,-0.27941173720662243,310336.7
RDWR,0.5132503995993433,304619.2
VOXR,0.13821887593117857,303129.6
MIRM,0.2244947113598602,300535.9
PHVS,0.14942531255580227,300041.5
TFSL,0.009186150493072132,299673.0
KRUS,0.6161290598240933,298882.6
SNEX,0.7388160617877161,298103.8
RWAY,0.06614168250495409,297190.9
ARLP,0.24256657868623666,297007.5
NMFC,-0.04575223216808045,296239.1
LECO,0.10761513775453137,295088.6
GANX,0.4336283288534904,293717.4
MITK,-0.2990233185901928,291672.5
OCFC,0.01620342686478397,288332.8
PERI,0.3254437943282222,288317.4
THTX,1.1643835638808273,288143.8
DAKT,0.1485013800992341,287869.7
TOWN,0.10083982706591976,287666.5
PLXS,-0.013215207422989574,287282.4
ARKO,-0.2768801736750774,286136.8
UPLD,0.05761311219732738,284768.0
JOYY,0.5560388704247781,284619.3
FLGT,-0.21549843289341972,284524.9
KRYS,-0.25478823606050627,284459.1
AUDC,0.025802882912797913,284155.8
FELE,-0.09823740710400226,283216.6
CCRN,-0.16757080816165854,279970.6
IRIX,-0.23500001430511475,279903.2
PAHC,0.6034667661870743,279288.6
ESTA,-0.09732260300472655,277246.9
CASY,0.3596740103535743,276138.5
QLYS,-0.05629254335130988,275656.5
HITI,0.22043008788608667,275098.6
NVCT,0.16385905979252985,274859.6
SIBN,0.16325183399511692,273506.4
PATK,0.2074242808707444,272569.4
HDSN,-0.024886907605358354,271936.5
SIMO,0.1429138960386904,271642.1
WLDN,1.46181370871532,271480.8
ASLE,-0.06489676159359536,271092.0
BLZE,-0.14037859966919236,270613.7
SITM,0.3508115161636494,269429.7
ALRM,-0.2044451031441061,268659.5
ACT,0.05195618024581635,267311.5
VMD,-0.13351878032085768,265323.9
LMB,1.2584081966066725,264568.3
HONE,-0.05782604999492791,263906.5
